year,ua_code,ua_name,state_fips,portion_pop,total_pop,portion_land_sqkm,total_land_sqkm,lon,lat,loc_source,part_note
1950,,New York-Northeastern New Jersey,34,3165912,12296117,,,,,,published
1950,,New York-Northeastern New Jersey,36,9130205,12296117,,,-73.9385,40.664274,cesta_first_named_city,derived_total_minus_other_parts
1950,,"Chicago, Ill.",17,4587985,4920816,,,-87.681844,41.837551,cesta_first_named_city,published
1950,,"Chicago, Ill.",18,332831,4920816,,,,,,derived_total_minus_other_parts
1950,,"Los Angeles, Calif.",06,3996946,3996946,,,-118.410825,34.019394,cesta_first_named_city,
1950,,"Philadelphia, Pa.",34,327591,2922470,,,,,,published
1950,,"Philadelphia, Pa.",42,2594879,2922470,,,-75.133346,40.009375,cesta_first_named_city,derived_total_minus_other_parts
1950,,"Detroit, Mich.",26,2659398,2659398,,,-83.102237,42.383038,cesta_first_named_city,
1950,,"Boston, Mass.",25,2233448,2233448,,,-71.020173,42.33196,cesta_first_named_city,
1950,,"San Francisco-Oakland, Calif.",06,2022078,2022078,,,-122.419338,37.780023,cesta_first_named_city,
1950,,"Pittsburgh, Pa.",42,1532953,1532953,,,-79.976592,40.439752,cesta_first_named_city,
1950,,"St. Louis, Mo.",17,195690,1400058,,,,,,published
1950,,"St. Louis, Mo.",29,1204368,1400058,,,-90.244582,38.635699,cesta_first_named_city,derived_total_minus_other_parts
1950,,"Cleveland, Ohio",39,1383599,1383599,,,-81.679486,41.478138,cesta_first_named_city,
1950,,"Washington, D. C.",11,802178,1287333,,,-77.017094,38.904148,cesta_first_named_city,derived_whole_state
1950,,"Washington, D. C.",24,253423,1287333,,,,,,published
1950,,"Washington, D. C.",51,231732,1287333,,,,,,derived_total_minus_other_parts
1950,,"Baltimore, Md.",24,1161852,1161852,,,-76.610516,39.300213,cesta_first_named_city,
1950,,"Minneapolis-St. Paul, Minn.",27,985101,985101,,,-93.268283,44.963324,cesta_first_named_city,
1950,,"Milwaukee, Wis.",55,829495,829495,,,-87.966695,43.063348,cesta_first_named_city,
1950,,"Cincinnati, Ohio",21,146490,813292,,,,,,published
1950,,"Cincinnati, Ohio",39,666802,813292,,,-84.506446,39.139902,cesta_first_named_city,derived_total_minus_other_parts
1950,,"Buffalo, N. Y.",36,798043,798043,,,-78.859686,42.892492,cesta_first_named_city,
1950,,"Houston, Texas",48,700508,700508,,,-95.386342,29.780472,cesta_first_named_city,
1950,,"Kansas City, Mo.",20,178370,698350,,,-94.741781,39.122539,cesta_first_named_city,published
1950,,"Kansas City, Mo.",29,519980,698350,,,-94.551136,39.125212,cesta_first_named_city,derived_total_minus_other_parts
1950,,"New Orleans, La.",22,659768,659768,,,-89.939007,30.068636,cesta_first_named_city,
1950,,"Seattle, Wash.",53,621509,621509,,,-122.350876,47.620499,cesta_first_named_city,
1950,,"Providence, R. I.",25,32539,583346,,,,,,published
1950,,"Providence, R. I.",44,550807,583346,,,-71.418779,41.823056,cesta_first_named_city,derived_total_minus_other_parts
1950,,"Dallas, Texas",48,538924,538924,,,-96.765503,32.794176,cesta_first_named_city,
1950,,"Portland, Oreg.",53,42352,512643,,,,,,published
1950,,"Portland, Oreg.",41,470291,512643,,,-122.649971,45.536951,cesta_first_named_city,derived_total_minus_other_parts
1950,,"Atlanta, Ga.",13,507887,507887,,,-84.422674,33.762909,cesta_first_named_city,
1950,,"Indianapolis, Ind.",18,502375,502375,,,-86.145935,39.776664,cesta_first_named_city,
1950,,"Denver, Colo.",08,498743,498743,,,-104.880625,39.761849,cesta_first_named_city,
1950,,"Louisville, Ky.",21,419183,472736,,,-85.666708,38.178077,cesta_first_named_city,published
1950,,"Louisville, Ky.",18,53553,472736,,,,,,published
1950,,"Miami, Fla.",12,458647,458647,,,-80.208615,25.775163,cesta_first_named_city,
1950,,"San Antonio, Texas",48,449521,449521,,,-98.525142,29.472403,cesta_first_named_city,
1950,,"Birmingham, Ala.",01,445314,445314,,,-86.799047,33.527444,cesta_first_named_city,
1950,,"Columbus, Ohio",39,437707,437707,,,-82.985044,39.984799,cesta_first_named_city,
1950,,"San Diego, Calif.",06,432974,432974,,,-117.134993,32.8153,cesta_first_named_city,
1950,,"Rochester, N. Y.",36,409149,409149,,,-77.616891,43.169927,cesta_first_named_city,
1950,,"Memphis, Tenn.",47,406034,406034,,,-89.978498,35.103543,cesta_first_named_city,
1950,,"Norfolk-Portsmouth, Va.",51,385111,385111,,,-76.244641,36.923015,cesta_first_named_city,
1950,,"Akron, Ohio",39,366765,366765,,,-81.521429,41.080456,cesta_first_named_city,
1950,,"Toledo, Ohio",39,364344,364344,,,-83.581861,41.664071,cesta_first_named_city,
1950,,"Springfield-Holyoke, Mass.",25,356908,356908,,,-72.539978,42.115454,cesta_first_named_city,published
1950,,"Dayton, Ohio",39,346864,346864,,,-84.199632,39.777394,cesta_first_named_city,
1950,,"Fort Worth, Texas",48,315578,315578,,,-97.346335,32.779542,cesta_first_named_city,
1950,,"Omaha, Nebr.",31,310291,310291,,,-96.041927,41.264675,cesta_first_named_city,
1950,,"Hartford, Conn.",09,300788,300788,,,-72.683339,41.766045,cesta_first_named_city,
1950,,"Youngstown, Ohio",39,298051,298051,,,-80.645902,41.099095,cesta_first_named_city,
1950,,"Albany-Troy, N. Y.",36,291897,291897,,,-73.798353,42.665745,cesta_first_named_city,
1950,,"Oklahoma City, Okla.",40,275091,275091,,,-97.513656,35.467079,cesta_first_named_city,
1950,,"Wilkes-Barre, Pa.",42,271589,271589,,,-75.875689,41.246561,cesta_first_named_city,
1950,,"Syracuse, N. Y.",36,265286,265286,,,-76.143554,43.040998,cesta_first_named_city,
1950,,"Nashville, Tenn.",47,258887,258887,,,-86.785002,36.1718,cesta_first_named_city,
1950,,"Richmond, Va.",51,257995,257995,,,-77.476009,37.531399,cesta_first_named_city,
1950,,"New Haven, Conn.",09,244836,244836,,,-72.924953,41.310809,cesta_first_named_city,
1950,,"Jacksonville, Fla.",12,242909,242909,,,-81.661302,30.337019,cesta_first_named_city,
1950,,"Bridgeport, Conn.",09,237435,237435,,,-73.195734,41.187386,cesta_first_named_city,
1950,,"Scranton, Pa.",42,236076,236076,,,-75.665908,41.404178,cesta_first_named_city,
1950,,"Salt Lake City, Utah",49,227368,227368,,,-111.931414,40.77852,cesta_first_named_city,
1950,,"Grand Rapids, Mich.",26,226817,226817,,,-85.65557,42.961156,cesta_first_named_city,
1950,,"Allentown-Bethlehem, Pa.",42,225962,225962,,,-75.47816,40.593966,cesta_first_named_city,
1950,,"Worcester, Mass.",25,219330,219330,,,-71.807783,42.269478,cesta_first_named_city,
1950,,"Phoenix, Ariz.",04,216038,216038,,,-112.087966,33.572162,cesta_first_named_city,
1950,,"Sacramento, Calif.",06,211777,211777,,,-121.468632,38.566592,cesta_first_named_city,
1950,,"Tulsa, Okla.",40,206311,206311,,,-95.902316,36.127949,cesta_first_named_city,
1950,,"Des Moines, Iowa",19,199934,199934,,,-93.616708,41.573946,cesta_first_named_city,
1950,,"Flint, Mich.",26,197631,197631,,,-83.691983,43.024425,cesta_first_named_city,
1950,,"Davenport, Iowa-Rock Island-Moline, Ill.",19,194925,194925,,,-90.603997,41.554104,cesta_first_named_city,multistate_unsplit
1950,,"Wichita, Kans.",20,194047,194047,,,-97.342678,37.690694,cesta_first_named_city,
1950,,"Trenton, N. J.",34,179240,189321,,,-74.764,40.223748,cesta_first_named_city,published
1950,,"Trenton, N. J.",42,10081,189321,,,,,,published
1950,,"Wilmington, Del.",34,15061,187359,,,,,,published
1950,,"Wilmington, Del.",10,172298,187359,,,-75.529289,39.735226,cesta_first_named_city,derived_total_minus_other_parts
1950,,"Mobile, Ala.",01,182963,182963,,,-88.100226,30.668426,cesta_first_named_city,
1950,,"Tampa, Fla.",12,179335,179335,,,-82.479673,27.970086,cesta_first_named_city,
1950,,"San Jose, Calif.",06,176473,176473,,,-121.819306,37.296867,cesta_first_named_city,
1950,,"Spokane, Wash.",53,176004,176004,,,-117.416595,47.673555,cesta_first_named_city,
1950,,"Canton, Ohio",39,173917,173917,,,-81.367228,40.80765,cesta_first_named_city,
1950,,"Stamford-Norwalk, Conn.",09,173536,173536,,,-73.546028,41.079857,cesta_first_named_city,
1950,,"Harrisburg, Pa.",42,169646,169646,,,-76.88502,40.275891,cesta_first_named_city,
1950,,"South Bend, Ind.",18,168165,168165,,,-86.269043,41.67685,cesta_first_named_city,
1950,,"Chattanooga, Tenn.",47,167764,167764,,,-85.247065,35.066463,cesta_first_named_city,
1950,,"Tacoma, Wash.",53,167667,167667,,,-122.459832,47.252199,cesta_first_named_city,
1950,,"Huntington, W. Va.-Ashland, Ky.",54,92862,156288,,,-82.434689,38.410651,cesta_first_named_city,published
1950,,"Huntington, W. Va.-Ashland, Ky.",21,42995,156288,,,,,,published
1950,,"Huntington, W. Va.-Ashland, Ky.",39,20431,156288,,,,,,published
1950,,"Reading, Pa.",42,154931,154931,,,-75.926277,40.33922,cesta_first_named_city,
1950,,"Peoria, Ill.",17,154539,154539,,,-89.617097,40.752309,cesta_first_named_city,
1950,,"Little Rock-North Little Rock, Ark.",05,153643,153643,,,-92.358556,34.725432,cesta_first_named_city,
1950,,"Erie, Pa.",42,151710,151710,,,-80.073503,42.116594,cesta_first_named_city,
1950,,"Shreveport, La.",22,150208,150208,,,-93.792684,32.46702,cesta_first_named_city,
1950,,"Knoxville, Tenn.",47,148166,148166,,,-83.946479,35.970875,cesta_first_named_city,
1950,,"Binghamton, N. Y.",36,144011,144011,,,-75.909369,42.101331,cesta_first_named_city,
1950,,"Duluth, Minn.-Superior, Wis.",27,143028,143028,,,-92.11871,46.783229,cesta_first_named_city,multistate_unsplit
1950,,"Charlotte, N. C.",37,140930,140930,,,-80.830739,35.208707,cesta_first_named_city,
1950,,"Fort Wayne, Ind.",18,140314,140314,,,-85.14388,41.088173,cesta_first_named_city,
1950,,"Baton Rouge, La.",22,138864,138864,,,-91.125899,30.448453,cesta_first_named_city,
1950,,"Evansville, Ind.",18,137573,137573,,,-87.534703,37.987734,cesta_first_named_city,
1950,,"El Paso, Texas",48,136918,136918,,,-106.426979,31.84836,cesta_first_named_city,
1950,,"Austin, Texas",48,135971,135971,,,-97.755996,30.307182,cesta_first_named_city,
1950,,"San Bernardino, Calif.",06,135770,135770,,,-117.295316,34.139261,cesta_first_named_city,
1950,,"Lansing, Mich.",26,134052,134052,,,-84.556222,42.709787,cesta_first_named_city,
1950,,"Waterbury, Conn.",09,131707,131707,,,-73.036685,41.5585,cesta_first_named_city,
1950,,"Charleston, W. Va.",54,130914,130914,,,-81.632324,38.348692,cesta_first_named_city,
1950,,"Fresno, Calif.",06,130592,130592,,,-119.794492,36.782674,cesta_first_named_city,
1950,,"Savannah, Ga.",13,128196,128196,,,-81.153557,32.002512,cesta_first_named_city,
1950,,"New Bedford, Mass.",25,125495,125495,,,-70.937913,41.661303,cesta_first_named_city,
1950,,"Schenectady, N. Y.",36,123273,123273,,,-73.927295,42.80184,cesta_first_named_city,
1950,,"New Britain-Bristol, Conn.",09,123079,123079,,,-72.786161,41.676555,cesta_first_named_city,
1950,,"Corpus Christi, Texas",48,122956,122956,,,-97.396259,27.804553,cesta_first_named_city,
1950,,"Rockford, Ill.",17,122226,122226,,,-89.062827,42.263394,cesta_first_named_city,
1950,,"Columbia, S. C.",45,120808,120808,,,-80.896566,34.029783,cesta_first_named_city,
1950,,"Charleston, S. C.",45,120289,120289,,,-79.958927,32.817922,cesta_first_named_city,
1950,,"Columbus, Ga.",13,118485,118485,,,-84.874946,32.510197,cesta_first_named_city,
1950,,"Fall River, Mass.",25,116893,118120,,,-71.094162,41.72535,cesta_first_named_city,published
1950,,"Fall River, Mass.",44,1227,118120,,,-71.154789,41.662912,cesta_first_named_city,published
1950,,"Utica, N. Y.",36,117424,117424,,,-75.225983,43.096382,cesta_first_named_city,
1950,,"St. Petersburg, Fla.",12,114596,114596,,,-82.644055,27.761975,cesta_first_named_city,
1950,,"Portland, Maine",23,113499,113499,,,-70.255365,43.663811,cesta_first_named_city,
1950,,"Stockton, Calif.",06,112834,112834,,,-121.313304,37.976342,cesta_first_named_city,
1950,,"Lawrence, Mass.",25,112309,112309,,,-71.161357,42.700273,cesta_first_named_city,published
1950,,"Madison, Wis.",55,110111,110111,,,-89.430121,43.087806,cesta_first_named_city,
1950,,"Montgomery, Ala.",01,109468,109468,,,-86.268593,32.346251,cesta_first_named_city,
1950,,"Roanoke, Va.",51,106682,106682,,,-79.958472,37.27783,cesta_first_named_city,
1950,,"Lowell, Mass.",25,106661,106661,,,-71.322107,42.638893,cesta_first_named_city,
1950,,"Wheeling, W. Va.",54,106650,106650,,,-80.69537,40.073906,cesta_first_named_city,
1950,,"Saginaw, Mich.",26,105939,105939,,,-83.954716,43.417678,cesta_first_named_city,
1950,,"Atlantic City, N. J.",34,105083,105083,,,-74.451082,39.377297,cesta_first_named_city,
1950,,"Jackson, Miss.",28,100261,100261,,,-90.212823,32.315831,cesta_first_named_city,
1950,,"Lincoln, Nebr.",31,99509,99509,,,-96.680354,40.808957,cesta_first_named_city,
1950,,"Niagara Falls, N. Y.",36,97620,97620,,,-79.014743,43.092841,cesta_first_named_city,
1950,,"Springfield, Ill.",17,97371,97371,,,-89.670832,39.763908,cesta_first_named_city,
1950,,"Beaumont, Texas",48,94169,94169,,,-94.145774,30.084343,cesta_first_named_city,
1950,,"Macon, Ga.",13,93499,93499,,,-83.648918,32.830953,cesta_first_named_city,
1950,,"Johnstown, Pa.",42,93354,93354,,,-78.919139,40.326132,cesta_first_named_city,
1950,,"Waco, Texas",48,92834,92834,,,-97.186027,31.560111,cesta_first_named_city,
1950,,"Pontiac, Mich.",26,92573,92573,,,-83.287363,42.649228,cesta_first_named_city,
1950,,"Winston-Salem, N. C.",37,92477,92477,,,-80.260578,36.103262,cesta_first_named_city,
1950,,"Brockton, Mass.",25,92116,92116,,,-71.024638,42.082543,cesta_first_named_city,
1950,,"Sioux City, Iowa",19,90101,90101,,,-96.391462,42.495252,cesta_first_named_city,
1950,,"Topeka, Kans.",20,89104,89104,,,-95.694826,39.03617,cesta_first_named_city,
1950,,"Augusta, Ga.",13,87733,87733,,,-82.073422,33.365531,cesta_first_named_city,
1950,,"Altoona, Pa.",42,86614,86614,,,-78.401306,40.50819,cesta_first_named_city,
1950,,"Muskegon, Mich.",26,85245,85245,,,-86.255415,43.228218,cesta_first_named_city,
1950,,"Manchester, N. H.",33,84918,84918,,,-71.443893,42.984689,cesta_first_named_city,
1950,,"Waterloo, Iowa",19,84386,84386,,,-92.351947,42.492327,cesta_first_named_city,
1950,,"Greensboro, N. C.",37,83412,83412,,,-79.827108,36.096483,cesta_first_named_city,
1950,,"Kalamazoo, Mich.",26,83332,83332,,,-85.588501,42.275163,cesta_first_named_city,
1950,,"St. Joseph, Mo.",20,1020,82290,,,,,,published
1950,,"St. Joseph, Mo.",29,81270,82290,,,-94.821142,39.75969,cesta_first_named_city,derived_total_minus_other_parts
1950,,"Springfield, Ohio",39,82284,82284,,,-83.795757,39.933758,cesta_first_named_city,
1950,,"Port Arthur, Texas",48,82150,82150,,,-93.966319,29.833402,cesta_first_named_city,
1950,,"York, Pa.",42,78796,78796,,,-76.73184,39.964798,cesta_first_named_city,
1950,,"Cedar Rapids, Iowa",19,78212,78212,,,-91.67776,41.967048,cesta_first_named_city,
1950,,"Terre Haute, Ind.",18,78028,78028,,,-87.375924,39.465542,cesta_first_named_city,
1950,,"Racine, Wis.",55,76537,76537,,,-87.807086,42.728284,cesta_first_named_city,
1950,,"Lancaster, Pa.",42,76280,76280,,,-76.30099,40.042061,cesta_first_named_city,
1950,,"Springfield, Mo.",29,75549,75549,,,-93.291305,37.194152,cesta_first_named_city,
1950,,"Amarillo, Texas",48,74443,74443,,,-101.828746,35.19784,cesta_first_named_city,
1950,,"Decatur, Ill.",17,73713,73713,,,-88.933746,39.855983,cesta_first_named_city,
1950,,"Durham, N. C.",37,73368,73368,,,-78.905647,35.980964,cesta_first_named_city,
1950,,"Pueblo, Colo.",08,73247,73247,,,-104.612378,38.273147,cesta_first_named_city,
1950,,"Orlando, Fla.",12,73163,73163,,,-81.29875,28.415886,cesta_first_named_city,
1950,,"Galveston, Texas",48,71527,71527,,,-94.969755,29.18326,cesta_first_named_city,
1950,,"Raleigh, N. C.",37,68743,68743,,,-78.641439,35.830204,cesta_first_named_city,
1950,,"Hamilton, Ohio",39,63270,63270,,,-84.565522,39.394328,cesta_first_named_city,
1950,,"Asheville, N. C.",37,58437,58437,,,-82.552738,35.570977,cesta_first_named_city,
1950,,"Fort Smith, Ark.",05,56046,56046,,,-94.370883,35.349276,cesta_first_named_city,
1960,,New York-Northeastern New Jersey,34,3878897,14114927,,,,,,published
1960,,New York-Northeastern New Jersey,36,10236030,14114927,,,-73.9385,40.664274,cesta_first_named_city,derived_total_minus_other_parts
1960,,"Los Angeles-Long Beach, Calif.",06,6488791,6488791,,,-118.410825,34.019394,cesta_first_named_city,
1960,,Chicago-Northwestern Indiana,17,5480267,5959213,,,-87.681844,41.837551,cesta_first_named_city,published
1960,,Chicago-Northwestern Indiana,18,478946,5959213,,,,,,derived_total_minus_other_parts
1960,,"Philadelphia, Pa.-N.J.",34,521995,3635228,,,,,,published
1960,,"Philadelphia, Pa.-N.J.",42,3113233,3635228,,,-75.133346,40.009375,cesta_first_named_city,derived_total_minus_other_parts
1960,,"Detroit, Mich.",26,3537709,3537709,,,-83.102237,42.383038,cesta_first_named_city,
1960,,"San Francisco-Oakland, Calif.",06,2430663,2430663,,,-122.419338,37.780023,cesta_first_named_city,
1960,,"Boston, Mass.",25,2413236,2413236,,,-71.020173,42.33196,cesta_first_named_city,
1960,,"Washington, D.C.-Md.-Va.",11,763956,1808423,,,-77.017094,38.904148,cesta_first_named_city,derived_whole_state
1960,,"Washington, D.C.-Md.-Va.",24,578980,1808423,,,,,,published
1960,,"Washington, D.C.-Md.-Va.",51,465487,1808423,,,,,,derived_total_minus_other_parts
1960,,"Pittsburgh, Pa.",42,1804400,1804400,,,-79.976592,40.439752,cesta_first_named_city,
1960,,"Cleveland, Ohio",39,1784991,1784991,,,-81.679486,41.478138,cesta_first_named_city,
1960,,"St. Louis, Mo.-Ill.",17,276295,1667693,,,,,,published
1960,,"St. Louis, Mo.-Ill.",29,1391398,1667693,,,-90.244582,38.635699,cesta_first_named_city,derived_total_minus_other_parts
1960,,"Baltimore, Md.",24,1418948,1418948,,,-76.610516,39.300213,cesta_first_named_city,
1960,,"Minneapolis-St. Paul, Minn.",27,1377143,1377143,,,-93.268283,44.963324,cesta_first_named_city,
1960,,"Milwaukee, Wis.",55,1149997,1149997,,,-87.966695,43.063348,cesta_first_named_city,
1960,,"Houston, Texas",48,1139678,1139678,,,-95.386342,29.780472,cesta_first_named_city,
1960,,"Buffalo, N.Y.",36,1054370,1054370,,,-78.859686,42.892492,cesta_first_named_city,
1960,,"Cincinnati, Ohio-Ky.",21,179489,993568,,,,,,published
1960,,"Cincinnati, Ohio-Ky.",39,814079,993568,,,-84.506446,39.139902,cesta_first_named_city,derived_total_minus_other_parts
1960,,"Dallas, Texas",48,932349,932349,,,-96.765503,32.794176,cesta_first_named_city,
1960,,"Kansas City, Mo.-Kans.",20,272095,921121,,,-94.741781,39.122539,cesta_first_named_city,published
1960,,"Kansas City, Mo.-Kans.",29,649026,921121,,,-94.551136,39.125212,cesta_first_named_city,derived_total_minus_other_parts
1960,,"Seattle, Wash.",53,864109,864109,,,-122.350876,47.620499,cesta_first_named_city,
1960,,"Miami, Fla.",12,852705,852705,,,-80.208615,25.775163,cesta_first_named_city,
1960,,"New Orleans, La.",22,845237,845237,,,-89.939007,30.068636,cesta_first_named_city,
1960,,"San Diego, Calif.",06,836175,836175,,,-117.134993,32.8153,cesta_first_named_city,
1960,,"Denver, Colo.",08,803624,803624,,,-104.880625,39.761849,cesta_first_named_city,
1960,,"Atlanta, Ga.",13,768125,768125,,,-84.422674,33.762909,cesta_first_named_city,
1960,,"Providence-Pawtucket, R.I.-Mass.",25,43381,659542,,,,,,published
1960,,"Providence-Pawtucket, R.I.-Mass.",44,616161,659542,,,-71.418779,41.823056,cesta_first_named_city,derived_total_minus_other_parts
1960,,"Portland, Oreg.-Wash.",53,46956,651685,,,,,,published
1960,,"Portland, Oreg.-Wash.",41,604729,651685,,,-122.649971,45.536951,cesta_first_named_city,derived_total_minus_other_parts
1960,,"San Antonio, Texas",48,641965,641965,,,-98.525142,29.472403,cesta_first_named_city,
1960,,"Indianapolis, Ind.",18,639340,639340,,,-86.145935,39.776664,cesta_first_named_city,
1960,,"Columbus, Ohio",39,616743,616743,,,-82.985044,39.984799,cesta_first_named_city,
1960,,"Louisville, Ky.-Ind.",21,534263,606659,,,-85.666708,38.178077,cesta_first_named_city,published
1960,,"Louisville, Ky.-Ind.",18,72396,606659,,,,,,published
1960,,"San Jose, Calif.",06,602805,602805,,,-121.819306,37.296867,cesta_first_named_city,
1960,,"Phoenix, Ariz.",04,552043,552043,,,-112.087966,33.572162,cesta_first_named_city,
1960,,"Memphis, Tenn.",47,544505,544505,,,-89.978498,35.103543,cesta_first_named_city,
1960,,"Birmingham, Ala.",01,521330,521330,,,-86.799047,33.527444,cesta_first_named_city,
1960,,"Norfolk-Portsmouth, Va.",51,507825,507825,,,-76.244641,36.923015,cesta_first_named_city,
1960,,"Fort Worth, Texas",48,502682,502682,,,-97.346335,32.779542,cesta_first_named_city,
1960,,"Dayton, Ohio",39,501664,501664,,,-84.199632,39.777394,cesta_first_named_city,
1960,,"Rochester, N.Y.",36,493402,493402,,,-77.616891,43.169927,cesta_first_named_city,
1960,,"Akron, Ohio",39,458253,458253,,,-81.521429,41.080456,cesta_first_named_city,
1960,,"Albany-Schenectady-Troy, N.Y.",36,455447,455447,,,-73.798353,42.665745,cesta_first_named_city,
1960,,"Sacramento, Calif.",06,451920,451920,,,-121.468632,38.566592,cesta_first_named_city,
1960,,"Springfield-Chicopee-Holyoke, Mass.-Conn.",25,418313,449777,,,-72.539978,42.115454,cesta_first_named_city,published
1960,,"Springfield-Chicopee-Holyoke, Mass.-Conn.",09,31464,449777,,,,,,published
1960,,"Toledo, Ohio",39,438283,438283,,,-83.581861,41.664071,cesta_first_named_city,
1960,,"Oklahoma City, Okla.",40,429188,429188,,,-97.513656,35.467079,cesta_first_named_city,
1960,,"Omaha, Nebr.-Iowa",31,389881,389881,,,-96.041927,41.264675,cesta_first_named_city,multistate_unsplit
1960,,"Hartford, Conn.",09,381619,381619,,,-72.683339,41.766045,cesta_first_named_city,
1960,,"San Bernardino-Riverside, Calif.",06,377531,377531,,,-117.295316,34.139261,cesta_first_named_city,
1960,,"Youngstown-Warren, Ohio-Pa.",39,372748,372748,,,-80.645902,41.099095,cesta_first_named_city,multistate_unsplit
1960,,"Jacksonville, Fla.",12,372569,372569,,,-81.661302,30.337019,cesta_first_named_city,
1960,,"Bridgeport, Conn.",09,366654,366654,,,-73.195734,41.187386,cesta_first_named_city,
1960,,"Honolulu, Hawaii",15,351336,351336,,,-157.845315,21.325852,cesta_first_named_city,
1960,,"Salt Lake City, Utah",49,348661,348661,,,-111.931414,40.77852,cesta_first_named_city,
1960,,"Nashville, Tenn.",47,346729,346729,,,-86.785002,36.1718,cesta_first_named_city,
1960,,"Richmond, Va.",51,333438,333438,,,-77.476009,37.531399,cesta_first_named_city,
1960,,"Syracuse, N.Y.",36,333286,333286,,,-76.143554,43.040998,cesta_first_named_city,
1960,,"St. Petersburg, Fla.",12,324842,324842,,,-82.644055,27.761975,cesta_first_named_city,
1960,,"Fort Lauderdale-Hollywood, Fla.",12,319951,319951,,,-80.143896,26.141305,cesta_first_named_city,
1960,,"Tampa, Fla.",12,301790,301790,,,-82.479673,27.970086,cesta_first_named_city,
1960,,"Tulsa, Okla.",40,298922,298922,,,-95.902316,36.127949,cesta_first_named_city,
1960,,"Grand Rapids, Mich.",26,294230,294230,,,-85.65557,42.961156,cesta_first_named_city,
1960,,"Wichita, Kans.",20,292138,292138,,,-97.342678,37.690694,cesta_first_named_city,
1960,,"Wilmington, Del.-N.J.",34,17329,283667,,,,,,published
1960,,"Wilmington, Del.-N.J.",10,266338,283667,,,-75.529289,39.735226,cesta_first_named_city,derived_total_minus_other_parts
1960,,"New Haven, Conn.",09,278794,278794,,,-72.924953,41.310809,cesta_first_named_city,
1960,,"Flint, Mich.",26,277786,277786,,,-83.691983,43.024425,cesta_first_named_city,
1960,,"El Paso, Texas",48,277128,277128,,,-106.426979,31.84836,cesta_first_named_city,
1960,,"Mobile, Ala.",01,268139,268139,,,-88.100226,30.668426,cesta_first_named_city,
1960,,"Allentown-Bethlehem, Pa.",42,256016,256016,,,-75.47816,40.593966,cesta_first_named_city,
1960,,"Trenton, N.J.-Pa.",34,226563,242401,,,-74.764,40.223748,cesta_first_named_city,published
1960,,"Trenton, N.J.-Pa.",42,15838,242401,,,,,,published
1960,,"Albuquerque, N. Mex.",35,241216,241216,,,-106.647388,35.105552,cesta_first_named_city,
1960,,"Des Moines, Iowa",19,241115,241115,,,-93.616708,41.573946,cesta_first_named_city,
1960,,"Wilkes-Barre, Pa.",42,233932,233932,,,-75.875689,41.246561,cesta_first_named_city,
1960,,"Tucson, Ariz.",04,227433,227433,,,-110.871062,32.154289,cesta_first_named_city,
1960,,"Davenport-Rock Island-Moline, Iowa-Ill.",19,227176,227176,,,-90.603997,41.554104,cesta_first_named_city,multistate_unsplit
1960,,"Spokane, Wash.",53,226938,226938,,,-117.416595,47.673555,cesta_first_named_city,
1960,,"Worcester, Mass.",25,225446,225446,,,-71.807783,42.269478,cesta_first_named_city,
1960,,"South Bend, Ind.-Mich.",18,218933,218933,,,-86.269043,41.67685,cesta_first_named_city,multistate_unsplit
1960,,"Tacoma, Wash.",53,214930,214930,,,-122.459832,47.252199,cesta_first_named_city,
1960,,"Canton, Ohio",39,213574,213574,,,-81.367228,40.80765,cesta_first_named_city,
1960,,"Fresno, Calif.",06,213444,213444,,,-119.794492,36.782674,cesta_first_named_city,
1960,,"Scranton, Pa.",42,210676,210676,,,-75.665908,41.404178,cesta_first_named_city,
1960,,"Charlotte, N.C.",37,209551,209551,,,-80.830739,35.208707,cesta_first_named_city,
1960,,"Harrisburg, Pa.",42,209501,209501,,,-76.88502,40.275891,cesta_first_named_city,
1960,,"Newport News-Hampton, Va.",51,208874,208874,,,-76.521719,37.075978,cesta_first_named_city,
1960,,"Shreveport, La.",22,208583,208583,,,-93.792684,32.46702,cesta_first_named_city,
1960,,"Chattanooga, Tenn.-Ga.",47,205143,205143,,,-85.247065,35.066463,cesta_first_named_city,multistate_unsplit
1960,,"Orlando, Fla.",12,200995,200995,,,-81.29875,28.415886,cesta_first_named_city,
1960,,"Baton Rouge, La.",22,193485,193485,,,-91.125899,30.448453,cesta_first_named_city,
1960,,"Utica-Rome, N.Y.",36,187779,187779,,,-75.225983,43.096382,cesta_first_named_city,
1960,,"Austin, Texas",48,187157,187157,,,-97.755996,30.307182,cesta_first_named_city,
1960,,"Pomona-Ontario, Calif.",06,186547,186547,,,-117.761265,34.058595,cesta_first_named_city,
1960,,"Little Rock-North Little Rock, Ark.",05,185017,185017,,,-92.358556,34.725432,cesta_first_named_city,
1960,,"Peoria, Ill.",17,181432,181432,,,-89.617097,40.752309,cesta_first_named_city,
1960,,"Fort Wayne, Ind.",18,179571,179571,,,-85.14388,41.088173,cesta_first_named_city,
1960,,"Erie, Pa.",42,177433,177433,,,-80.073503,42.116594,cesta_first_named_city,
1960,,"Corpus Christi, Texas",48,177380,177380,,,-97.396259,27.804553,cesta_first_named_city,
1960,,"West Palm Beach, Fla.",12,172835,172835,,,-80.126608,26.748301,cesta_first_named_city,
1960,,"Knoxville, Tenn.",47,172734,172734,,,-83.946479,35.970875,cesta_first_named_city,
1960,,"Rockford, Ill.",17,171681,171681,,,-89.062827,42.263394,cesta_first_named_city,
1960,,"Savannah, Ga.",13,169887,169887,,,-81.153557,32.002512,cesta_first_named_city,
1960,,"Charleston, W.Va.",54,169500,169500,,,-81.632324,38.348692,cesta_first_named_city,
1960,,"Lansing, Mich.",26,169325,169325,,,-84.556222,42.709787,cesta_first_named_city,
1960,,"Stamford, Conn.",09,166990,166990,,,-73.546028,41.079857,cesta_first_named_city,
1960,,"Lawrence-Haverhill, Mass.-N.H.",25,165233,166125,,,-71.161357,42.700273,cesta_first_named_city,published
1960,,"Lawrence-Haverhill, Mass.-N.H.",33,892,166125,,,,,,published
1960,,"Huntington-Ashland, W.Va.-Ky.-Ohio",54,92744,165732,,,-82.434689,38.410651,cesta_first_named_city,published
1960,,"Huntington-Ashland, W.Va.-Ky.-Ohio",21,48091,165732,,,,,,published
1960,,"Huntington-Ashland, W.Va.-Ky.-Ohio",39,24897,165732,,,,,,published
1960,,"Columbia, S.C.",45,162601,162601,,,-80.896566,34.029783,cesta_first_named_city,
1960,,"Reading, Pa.",42,160297,160297,,,-75.926277,40.33922,cesta_first_named_city,
1960,,"Charleston, S.C.",45,160113,160113,,,-79.958927,32.817922,cesta_first_named_city,
1960,,"Columbus, Ga.-Ala.",13,158382,158382,,,-84.874946,32.510197,cesta_first_named_city,multistate_unsplit
1960,,"Binghamton, N.Y.",36,158141,158141,,,-75.909369,42.101331,cesta_first_named_city,
1960,,"Madison, Wis.",55,157814,157814,,,-89.430121,43.087806,cesta_first_named_city,
1960,,"Jackson, Miss.",28,147480,147480,,,-90.212823,32.315831,cesta_first_named_city,
1960,,"Duluth-Superior, Minn.-Wis.",27,144763,144763,,,-92.11871,46.783229,cesta_first_named_city,multistate_unsplit
1960,,"Evansville, Ind.",18,143660,143660,,,-87.534703,37.987734,cesta_first_named_city,
1960,,"Montgomery, Ala.",01,142893,142893,,,-86.268593,32.346251,cesta_first_named_city,
1960,,"Lorain-Elyria, Ohio",39,142860,142860,,,-82.179722,41.438805,cesta_first_named_city,
1960,,"Bakersfield, Calif.",06,141763,141763,,,-119.018292,35.321213,cesta_first_named_city,
1960,,"Waterbury, Conn.",09,141626,141626,,,-73.036685,41.5585,cesta_first_named_city,
1960,,"Stockton, Calif.",06,141604,141604,,,-121.313304,37.976342,cesta_first_named_city,
1960,,"Amarillo, Texas",48,137969,137969,,,-101.828746,35.19784,cesta_first_named_city,
1960,,"Lincoln, Nebr.",31,136220,136220,,,-96.680354,40.808957,cesta_first_named_city,
1960,,"Lubbock, Texas",48,129289,129289,,,-101.886677,33.566479,cesta_first_named_city,
1960,,"Saginaw, Mich.",26,129215,129215,,,-83.954716,43.417678,cesta_first_named_city,
1960,,"Winston-Salem, N.C.",37,128176,128176,,,-80.260578,36.103262,cesta_first_named_city,
1960,,"Pensacola, Fla.",12,128049,128049,,,-87.189943,30.441266,cesta_first_named_city,
1960,,"Greenville, S.C.",45,126887,126887,,,-82.362997,34.836902,cesta_first_named_city,
1960,,"New Bedford, Mass.",25,126657,126657,,,-70.937913,41.661303,cesta_first_named_city,
1960,,"Atlantic City, N.J.",34,124902,124902,,,-74.451082,39.377297,cesta_first_named_city,
1960,,"Roanoke, Va.",51,124752,124752,,,-79.958472,37.27783,cesta_first_named_city,
1960,,"Fall River, Mass.-R.I.",25,117787,123951,,,-71.094162,41.72535,cesta_first_named_city,published
1960,,"Fall River, Mass.-R.I.",44,6164,123951,,,-71.154789,41.662912,cesta_first_named_city,published
1960,,"Augusta, Ga.-S.C.",13,123698,123698,,,-82.073422,33.365531,cesta_first_named_city,multistate_unsplit
1960,,"Greensboro, N.C.",37,123334,123334,,,-79.827108,36.096483,cesta_first_named_city,
1960,,"Ogden, Utah",49,121927,121927,,,-111.96608,41.227927,cesta_first_named_city,
1960,,"Topeka, Kans.",20,119500,119500,,,-95.694826,39.03617,cesta_first_named_city,
1960,,"Beaumont, Texas",48,119178,119178,,,-94.145774,30.084343,cesta_first_named_city,
1960,,"Lowell, Mass.",25,118547,118547,,,-71.322107,42.638893,cesta_first_named_city,
1960,,"Galveston-Texas City, Texas",48,118482,118482,,,-94.969755,29.18326,cesta_first_named_city,
1960,,"Joliet, Ill.",17,116585,116585,,,-88.158354,41.518066,cesta_first_named_city,
1960,,"Port Arthur, Texas",48,116365,116365,,,-93.966319,29.833402,cesta_first_named_city,
1960,,"Waco, Texas",48,116163,116163,,,-97.186027,31.560111,cesta_first_named_city,
1960,,"Kalamazoo, Mich.",26,115659,115659,,,-85.588501,42.275163,cesta_first_named_city,
1960,,"Ann Arbor, Mich.",26,115282,115282,,,-83.731333,42.275641,cesta_first_named_city,
1960,,"Macon, Ga.",13,114161,114161,,,-83.648918,32.830953,cesta_first_named_city,
1960,,"Lexington, Ky.",21,111940,111940,,,-84.458443,38.040157,cesta_first_named_city,
1960,,"Portland, Maine",23,111701,111701,,,-70.255365,43.663811,cesta_first_named_city,
1960,,"Springfield, Ill.",17,111403,111403,,,-89.670832,39.763908,cesta_first_named_city,
1960,,"Brockton, Mass.",25,111315,111315,,,-71.024638,42.082543,cesta_first_named_city,
1960,,"Cedar Rapids, Iowa",19,105118,105118,,,-91.67776,41.967048,cesta_first_named_city,
1960,,"Pueblo, Colo.",08,103336,103336,,,-104.612378,38.273147,cesta_first_named_city,
1960,,"Waterloo, Iowa",19,102827,102827,,,-92.351947,42.492327,cesta_first_named_city,
1960,,"Wichita Falls, Texas",48,102104,102104,,,-98.525854,33.906699,cesta_first_named_city,
1960,,"York, Pa.",42,100872,100872,,,-76.73184,39.964798,cesta_first_named_city,
1960,,"Colorado Springs, Colo.",08,100220,100220,,,-104.760749,38.867255,cesta_first_named_city,
1960,,"New Britain, Conn.",09,99894,99894,,,-72.786161,41.676555,cesta_first_named_city,
1960,,"Wheeling, W.Va.-Ohio",54,98951,98951,,,-80.69537,40.073906,cesta_first_named_city,multistate_unsplit
1960,,"Sioux City, Iowa-Nebr.-S. Dak.",19,97926,97926,,,-96.391462,42.495252,cesta_first_named_city,multistate_unsplit
1960,,"Springfield, Mo.",29,97224,97224,,,-93.291305,37.194152,cesta_first_named_city,
1960,,"Green Bay, Wis.",55,97162,97162,,,-87.984169,44.520676,cesta_first_named_city,
1960,,"Johnstown, Pa.",42,96474,96474,,,-78.919139,40.326132,cesta_first_named_city,
1960,,"Racine, Wis.",55,95862,95862,,,-87.807086,42.728284,cesta_first_named_city,
1960,,"Eugene, Oreg.",41,95686,95686,,,-123.116207,44.056748,cesta_first_named_city,
1960,,"Muskegon-Muskegon Heights, Mich.",26,95350,95350,,,-86.255415,43.228218,cesta_first_named_city,
1960,,"Raleigh, N.C.",37,93931,93931,,,-78.641439,35.830204,cesta_first_named_city,
1960,,"Lancaster, Pa.",42,93855,93855,,,-76.30099,40.042061,cesta_first_named_city,
1960,,"Manchester, N.H.",33,91698,91698,,,-71.443893,42.984689,cesta_first_named_city,
1960,,"Abilene, Texas",48,91566,91566,,,-99.738147,32.454514,cesta_first_named_city,
1960,,"Springfield, Ohio",39,90157,90157,,,-83.795757,39.933758,cesta_first_named_city,
1960,,"Hamilton, Ohio",39,89778,89778,,,-84.565522,39.394328,cesta_first_named_city,
1960,,"Decatur, Ill.",17,89516,89516,,,-88.933746,39.855983,cesta_first_named_city,
1960,,"Las Vegas, Nev.",32,89427,89427,,,-115.264045,36.227712,cesta_first_named_city,
1960,,"Lake Charles, La.",22,89115,89115,,,-93.214742,30.202699,cesta_first_named_city,
1960,,"Aurora, Ill.",17,85522,85522,,,-88.290099,41.763455,cesta_first_named_city,
1960,,"Durham, N.C.",37,84642,84642,,,-78.905647,35.980964,cesta_first_named_city,
1960,,"Odessa, Texas",48,84285,84285,,,-102.343406,31.880378,cesta_first_named_city,
1960,,"Altoona, Pa.",42,83058,83058,,,-78.401306,40.50819,cesta_first_named_city,
1960,,"Norwalk, Conn.",09,82270,82270,,,-73.419796,41.092739,cesta_first_named_city,
1960,,"Steubenville-Weirton, Ohio-W.Va.",39,81613,81613,,,-80.657069,40.36632,cesta_first_named_city,multistate_unsplit
1960,,"Terre Haute, Ind.",18,81415,81415,,,-87.375924,39.465542,cesta_first_named_city,
1960,,"St. Joseph, Mo.-Kans.",20,1191,81187,,,,,,published
1960,,"St. Joseph, Mo.-Kans.",29,79996,81187,,,-94.821142,39.75969,cesta_first_named_city,derived_total_minus_other_parts
1960,,"Monroe, La.",22,80546,80546,,,-92.077482,32.519552,cesta_first_named_city,
1960,,"Champaign-Urbana, Ill.",17,78014,78014,,,-88.273652,40.115057,cesta_first_named_city,
1960,,"Muncie, Ind.",18,77504,77504,,,-85.393346,40.198978,cesta_first_named_city,
1960,,"Tuscaloosa, Ala.",01,76815,76815,,,-87.525798,33.233083,cesta_first_named_city,
1960,,"Huntsville, Ala.",01,74970,74970,,,-86.538996,34.784271,cesta_first_named_city,
1960,,"Kenosha, Wis.",55,72852,72852,,,-87.873696,42.58474,cesta_first_named_city,
1960,,"Bay City, Mich.",26,72763,72763,,,-83.888421,43.590062,cesta_first_named_city,
1960,,"Santa Barbara, Calif.",06,72740,72740,,,-119.713356,34.398899,cesta_first_named_city,
1960,,"Fargo-Moorhead, N. Dak.-Minn.",38,72730,72730,,,-96.829005,46.865206,cesta_first_named_city,multistate_unsplit
1960,,"Fitchburg-Leominster, Mass.",25,72347,72347,,,-71.815876,42.601979,cesta_first_named_city,
1960,,"Jackson, Mich.",26,71412,71412,,,-84.402254,42.243454,cesta_first_named_city,
1960,,"Reno, Nev.",32,70189,70189,,,-119.776538,39.474487,cesta_first_named_city,
1960,,"Gadsden, Ala.",01,68944,68944,,,-86.015643,34.009563,cesta_first_named_city,
1960,,"Asheville, N.C.",37,68592,68592,,,-82.552738,35.570977,cesta_first_named_city,
1960,,"Sioux Falls, S. Dak.",46,66582,66582,,,-96.731999,43.538335,cesta_first_named_city,
1960,,"High Point, N.C.",37,66543,66543,,,-79.990243,35.98547,cesta_first_named_city,
1960,,"Lewiston-Auburn, Maine",23,65253,65253,,,-70.172185,44.089594,cesta_first_named_city,
1960,,"Midland, Texas",48,63274,63274,,,-102.109697,32.029931,cesta_first_named_city,
1960,,"Lima, Ohio",39,62963,62963,,,-84.11209,40.740679,cesta_first_named_city,
1960,,"Pittsfield, Mass.",25,62306,62306,,,-73.26054,42.452045,cesta_first_named_city,
1960,,"Lawton, Okla.",40,61941,61941,,,-98.4204,34.617048,cesta_first_named_city,
1960,,"Harlingen-San Benito, Texas",48,61658,61658,,,-97.697383,26.191204,cesta_first_named_city,
1960,,"Fort Smith, Ark.-Okla.",05,61640,61640,,,-94.370883,35.349276,cesta_first_named_city,multistate_unsplit
1960,,"Provo-Orem, Utah",49,60795,60795,,,-111.644807,40.24533,cesta_first_named_city,
1960,,"Billings, Mont.",30,60712,60712,,,-108.549891,45.789518,cesta_first_named_city,
1960,,"Laredo, Texas",48,60678,60678,,,-99.486931,27.547681,cesta_first_named_city,
1960,,"Dubuque, Iowa-Ill.",19,59447,59447,,,-90.705101,42.502385,cesta_first_named_city,multistate_unsplit
1960,,"Lynchburg, Va.",51,59319,59319,,,-79.195458,37.399016,cesta_first_named_city,
1960,,"San Angelo, Texas",48,58815,58815,,,-100.45185,31.438912,cesta_first_named_city,
1960,,"Albany, Ga.",13,58353,58353,,,-84.179453,31.577669,cesta_first_named_city,
1960,,"Great Falls, Mont.",30,57629,57629,,,-111.299975,47.501439,cesta_first_named_city,
1960,,"Texarkana, Texas-Ark.",48,53420,53420,,,-94.081217,33.448105,cesta_first_named_city,multistate_unsplit
1960,,"Meriden, Conn.",09,51850,51850,,,-72.794543,41.536777,cesta_first_named_city,
1960,,"Tyler, Texas",48,51739,51739,,,-95.304631,32.314954,cesta_first_named_city,
1970,1000,"Birmingham, AL",01,558099,558099,,,-86.799047,33.527444,cesta_first_named_city,
1970,1800,"Columbus, GA-AL",01,25281,208616,,,,,,
1970,2880,"Gadsden, AL",01,67706,67706,,,-86.015643,34.009563,cesta_first_named_city,
1970,3440,"Huntsville, AL",01,146565,146565,,,-86.538996,34.784271,cesta_first_named_city,
1970,5160,"Mobile, AL",01,257816,257816,,,-88.100226,30.668426,cesta_first_named_city,
1970,5240,"Montgomery, AL",01,138983,138983,,,-86.268593,32.346251,cesta_first_named_city,
1970,8600,"Tuscaloosa, AL",01,85875,85875,,,-87.525798,33.233083,cesta_first_named_city,
1970,6200,"Phoenix, Ariz.",04,863357,863357,,,-112.087966,33.572162,cesta_first_named_city,
1970,8520,"Tucson, AZ",04,294184,294184,,,-110.871062,32.154289,cesta_first_named_city,
1970,2720,"Fort Smith, AR-OK",05,73419,75517,,,-94.370883,35.349276,cesta_first_named_city,
1970,4400,"Little Rock-North Little Rock, AR",05,222616,222616,,,-92.358556,34.725432,cesta_first_named_city,
1970,6240,"Pine Bluff, AR",05,60907,60907,,,-92.017555,34.211591,cesta_first_named_city,
1970,8360,"Texarkana, TX-AR",05,21682,58570,,,-93.987116,33.436343,cesta_first_named_city,
1970,0680,"Bakersfield, CA",06,176155,176155,,,-119.018292,35.321213,cesta_first_named_city,
1970,2840,"Fresno, CA",06,262908,262908,,,-119.794492,36.782674,cesta_first_named_city,
1970,4480,"Los Angeles-Long Beach, CA",06,8351266,8351266,,,-118.410825,34.019394,cesta_first_named_city,
1970,5170,"Modesto, CA",06,106107,106107,,,-120.989052,37.660909,cesta_first_named_city,
1970,6000,"Oxnard-Ventura, CA",06,244653,244653,,,-119.204603,34.202346,cesta_first_named_city,
1970,6920,"Sacramento, CA",06,633732,633732,,,-121.468632,38.566592,cesta_first_named_city,
1970,7119,"Salinas, CA",06,62456,62456,,,-121.633714,36.690182,cesta_first_named_city,
1970,7279,"San Bernardino-Riverside, CA",06,583597,583597,,,-117.295316,34.139261,cesta_first_named_city,
1970,7320,"San Diego, CA",06,1198323,1198323,,,-117.134993,32.8153,cesta_first_named_city,
1970,7360,"San Francisco-Oakland, CA",06,2987850,2987850,,,-122.419338,37.780023,cesta_first_named_city,
1970,7400,"San Jose, CA",06,1025273,1025273,,,-121.819306,37.296867,cesta_first_named_city,
1970,7480,"Santa Barbara, CA",06,129774,129774,,,-119.713356,34.398899,cesta_first_named_city,
1970,7500,"Santa Rosa, CA",06,75083,75083,,,-122.706136,38.446816,cesta_first_named_city,
1970,7580,"Seaside-Monterey, CA",06,93284,93284,,,-121.823565,36.625114,cesta_first_named_city,
1970,7700,"Simi Valley, CA",06,56936,56936,,,-118.748458,34.266888,cesta_first_named_city,
1970,8120,"Stockton, CA",06,160373,160373,,,-121.313304,37.976342,cesta_first_named_city,
1970,1130,"Boulder, CO",08,68634,68634,,,-105.25174,40.027443,cesta_first_named_city,
1970,1720,"Colorado Springs, CO",08,204766,204766,,,-104.760749,38.867255,cesta_first_named_city,
1970,2080,"Denver, CO",08,1047311,1047311,,,-104.880625,39.761849,cesta_first_named_city,
1970,6560,"Pueblo, CO",08,103300,103300,,,-104.612378,38.273147,cesta_first_named_city,
1970,1160,"Bridgeport, CT",09,413366,413366,,,-73.195734,41.187386,cesta_first_named_city,
1970,1170,"Bristol, CT",09,71732,71732,,,-72.940749,41.681578,cesta_first_named_city,
1970,1930,"Danbury, CT-NY",09,66651,66651,,,-73.472285,41.401839,cesta_first_named_city,
1970,3280,"Hartford, CT",09,465001,465001,,,-72.683339,41.766045,cesta_first_named_city,
1970,4960,"Meriden, CT",09,98454,98454,,,-72.794543,41.536777,cesta_first_named_city,
1970,5440,"New Britain, CT",09,131349,131349,,,-72.786161,41.676555,cesta_first_named_city,
1970,5480,"New Haven, CT",09,348341,348341,,,-72.924953,41.310809,cesta_first_named_city,
1970,5760,"Norwalk, CT",09,106707,106707,,,-73.419796,41.092739,cesta_first_named_city,
1970,8000,"Springfield-Chicopee-Holyoke, MA-CT",09,58173,514308,,,,,,
1970,8040,"Stamford, CT",09,184898,184898,,,-73.546028,41.079857,cesta_first_named_city,
1970,8880,"Waterbury, CT",09,156986,156986,,,-73.036685,41.5585,cesta_first_named_city,
1970,9160,"Wilmington, DE-NJ-MD",10,349674,371267,,,-75.529289,39.735226,cesta_first_named_city,
1970,8840,"Washington, DC-MD-VA",11,756510,2481489,,,-77.017094,38.904148,cesta_first_named_city,
1970,2680,"Fort Lauderdale-Hollywood, FL",12,613797,613797,,,-80.143896,26.141305,cesta_first_named_city,
1970,2900,"Gainesville, FL",12,69329,69329,,,-82.345878,29.678831,cesta_first_named_city,
1970,3600,"Jacksonville, FL",12,529585,529585,,,-81.661302,30.337019,cesta_first_named_city,
1970,5000,"Miami, FL",12,1219661,1219661,,,-80.208615,25.775163,cesta_first_named_city,
1970,5960,"Orlando, FL",12,305479,305479,,,-81.29875,28.415886,cesta_first_named_city,
1970,6080,"Pensacola, FL",12,166619,166619,,,-87.189943,30.441266,cesta_first_named_city,
1970,7060,"St. Petersburg, FL",12,495159,495159,,,-82.644055,27.761975,cesta_first_named_city,
1970,8240,"Tallahassee, FL",12,77851,77851,,,-84.253419,30.455109,cesta_first_named_city,
1970,8279,"Tampa, FL",12,368742,368742,,,-82.479673,27.970086,cesta_first_named_city,
1970,8960,"West Palm Beach, FL",12,287561,287561,,,-80.126608,26.748301,cesta_first_named_city,
1970,0120,"Albany, GA",13,76512,76512,,,-84.179453,31.577669,cesta_first_named_city,
1970,0520,"Atlanta, GA",13,1172778,1172778,,,-84.422674,33.762909,cesta_first_named_city,
1970,0600,"Augusta, GA-SC",13,126770,148953,,,-82.073422,33.365531,cesta_first_named_city,
1970,1560,"Chattanooga, TN-GA",13,28947,223580,,,,,,
1970,1800,"Columbus, GA-AL",13,183335,208616,,,-84.874946,32.510197,cesta_first_named_city,
1970,4680,"Macon, GA",13,128065,128065,,,-83.648918,32.830953,cesta_first_named_city,
1970,7520,"Savannah, GA",13,163753,163753,,,-81.153557,32.002512,cesta_first_named_city,
1970,3320,"Honolulu, HI",15,442397,442397,,,-157.845315,21.325852,cesta_first_named_city,
1970,1080,"Boise City, ID",16,85187,85187,,,,,,
1970,0620,"Aurora, IL",17,232917,232917,,,-88.290099,41.763455,cesta_first_named_city,
1970,1040,"Bloomington-Normal, IL",17,69392,69392,,,-88.969912,40.475777,cesta_first_named_city,
1970,1400,"Champaign-Urbana, IL",17,100417,100417,,,-88.273652,40.115057,cesta_first_named_city,
1970,1601,"Chicago, IL-Northwestern IN",17,6185156,6714578,,,-87.681844,41.837551,cesta_first_named_city,
1970,1960,"Davenport-Rock Island-Moline, IA-IL",17,139824,266119,,,,,,
1970,2040,"Decatur, IL",17,99693,99693,,,-88.933746,39.855983,cesta_first_named_city,
1970,2201,"Dubuque, IA-IL",17,2408,65550,,,,,,
1970,3700,"Joliet, IL",17,155500,155500,,,-88.158354,41.518066,cesta_first_named_city,
1970,6120,"Peoria, IL",17,247121,247121,,,-89.617097,40.752309,cesta_first_named_city,
1970,6880,"Rockford, IL",17,206084,206084,,,-89.062827,42.263394,cesta_first_named_city,
1970,7040,"St. Louis, MO-IL",17,314476,1882944,,,,,,
1970,7880,"Springfield, IL",17,120794,120794,,,-89.670832,39.763908,cesta_first_named_city,
1970,0400,"Anderson, IN",18,80704,80704,,,-85.689448,40.089766,cesta_first_named_city,
1970,1601,"Chicago, IL-Northwestern IN",18,529422,6714578,,,,,,
1970,2439,"Evansville, IN",18,142476,142476,,,-87.534703,37.987734,cesta_first_named_city,
1970,2760,"Fort Wayne, IN",18,225184,225184,,,-85.14388,41.088173,cesta_first_named_city,
1970,3480,"Indianapolis, IN",18,820259,820259,,,-86.145935,39.776664,cesta_first_named_city,
1970,3920,"Lafayette-West Lafayette, IN",18,79117,79117,,,-86.861699,40.399425,cesta_first_named_city,
1970,4520,"Louisville, KY-IN",18,81488,739396,,,,,,
1970,5280,"Muncie, IN",18,90427,90427,,,-85.393346,40.198978,cesta_first_named_city,
1970,7801,"South Bend, IN-MI",18,265148,288572,,,-86.269043,41.67685,cesta_first_named_city,
1970,8320,"Terre Haute, IN",18,80908,80908,,,-87.375924,39.465542,cesta_first_named_city,
1970,1360,"Cedar Rapids, IA",19,132008,132008,,,-91.67776,41.967048,cesta_first_named_city,
1970,1960,"Davenport-Rock Island-Moline, IA-IL",19,126295,266119,,,-90.603997,41.554104,cesta_first_named_city,
1970,2120,"Des Moines, IA",19,255824,255824,,,-93.616708,41.573946,cesta_first_named_city,
1970,2201,"Dubuque, IA-IL",19,63142,65550,,,-90.705101,42.502385,cesta_first_named_city,
1970,5920,"Omaha, NE-IA",19,64847,491776,,,,,,
1970,7721,"Sioux City, IA-NE-SD",19,87157,95937,,,-96.391462,42.495252,cesta_first_named_city,
1970,8920,"Waterloo, IA",19,112881,112881,,,-92.351947,42.492327,cesta_first_named_city,
1970,3760,"Kansas City, MO-KS",20,350208,1101787,,,-94.741781,39.122539,cesta_first_named_city,
1970,7001,"St. Joseph, MO-KS",20,1283,77223,,,,,,
1970,8440,"Topeka, KS",20,132108,132108,,,-95.694826,39.03617,cesta_first_named_city,
1970,9040,"Wichita, KS",20,302334,302334,,,-97.342678,37.690694,cesta_first_named_city,
1970,1639,"Cincinnati, OH-KY",21,196978,1110514,,,,,,
1970,3400,"Huntington-Ashland, WV-KY-OH",21,53316,167583,,,,,,
1970,4280,"Lexington--Fayette, KY",21,159538,159538,,,-84.458443,38.040157,cesta_first_named_city,
1970,4520,"Louisville, KY-IN",21,657908,739396,,,-85.666708,38.178077,cesta_first_named_city,
1970,5990,"Owensboro, KY",21,53133,53133,,,-87.117398,37.757172,cesta_first_named_city,
1970,0760,"Baton Rouge, LA",22,249463,249463,,,-91.125899,30.448453,cesta_first_named_city,
1970,3880,"Lafayette, LA",22,78544,78544,,,-92.031394,30.211573,cesta_first_named_city,
1970,3960,"Lake Charles, LA",22,88260,88260,,,-93.214742,30.202699,cesta_first_named_city,
1970,5200,"Monroe, LA",22,90567,90567,,,-92.077482,32.519552,cesta_first_named_city,
1970,5560,"New Orleans, LA",22,961728,961728,,,-89.939007,30.068636,cesta_first_named_city,
1970,7680,"Shreveport, LA",22,234564,234564,,,-93.792684,32.46702,cesta_first_named_city,
1970,4240,"Lewiston-Auburn, ME",23,65212,65212,,,-70.172185,44.089594,cesta_first_named_city,
1970,6400,"Portland, ME",23,106599,106599,,,-70.255365,43.663811,cesta_first_named_city,
1970,0720,"Baltimore, MD",24,1579781,1579781,,,-76.610516,39.300213,cesta_first_named_city,
1970,8840,"Washington, DC-MD-VA",24,1009138,2481489,,,,,,
1970,1120,"Boston, MA",25,2652575,2652575,,,-71.020173,42.33196,cesta_first_named_city,
1970,1200,"Brockton, MA",25,148844,148844,,,-71.024638,42.082543,cesta_first_named_city,
1970,2480,"Fall River, MA-RI",25,123491,139392,,,-71.094162,41.72535,cesta_first_named_city,
1970,2600,"Fitchburg-Leominster, MA",25,78053,78053,,,-71.815876,42.601979,cesta_first_named_city,
1970,4160,"Lawrence-Haverhill, MA-NH",25,182438,200280,,,-71.161357,42.700273,cesta_first_named_city,
1970,4561,"Lowell, MA",25,182731,182731,,,-71.322107,42.638893,cesta_first_named_city,
1970,5400,"New Bedford, MA",25,133667,133667,,,-70.937913,41.661303,cesta_first_named_city,
1970,6320,"Pittsfield, MA",25,62872,62872,,,-73.26054,42.452045,cesta_first_named_city,
1970,6480,"Providence-Pawtucket-Warwick, RI-MA",25,65974,795311,,,,,,
1970,8000,"Springfield-Chicopee-Holyoke, MA-CT",25,456135,514308,,,-72.539978,42.115454,cesta_first_named_city,
1970,9240,"Worcester, MA",25,247416,247416,,,-71.807783,42.269478,cesta_first_named_city,
1970,0440,"Ann Arbor, MI",26,178605,178605,,,-83.731333,42.275641,cesta_first_named_city,
1970,0800,"Bay City, MI",26,78097,78097,,,-83.888421,43.590062,cesta_first_named_city,
1970,2160,"Detroit, MI",26,3970584,3970584,,,-83.102237,42.383038,cesta_first_named_city,
1970,2640,"Flint, MI",26,330128,330128,,,-83.691983,43.024425,cesta_first_named_city,
1970,3000,"Grand Rapids, MI",26,352703,352703,,,-85.65557,42.961156,cesta_first_named_city,
1970,3520,"Jackson, MI",26,78572,78572,,,-84.402254,42.243454,cesta_first_named_city,
1970,3720,"Kalamazoo, MI",26,152083,152083,,,-85.588501,42.275163,cesta_first_named_city,
1970,4040,"Lansing, MI",26,229518,229518,,,-84.556222,42.709787,cesta_first_named_city,
1970,5320,"Muskegon-Muskegon Heights, MI",26,105716,105716,,,-86.255415,43.228218,cesta_first_named_city,
1970,6960,"Saginaw, MI",26,147552,147552,,,-83.954716,43.417678,cesta_first_named_city,
1970,7801,"South Bend, IN-MI",26,23424,288572,,,,,,
1970,8400,"Toledo, OH-MI",26,11861,487789,,,,,,
1970,2240,"Duluth-Superior, MN-WI",27,105639,138352,,,-92.11871,46.783229,cesta_first_named_city,
1970,2520,"Fargo-Moorhead, ND-MN",27,32026,85446,,,,,,
1970,3871,"La Crosse, WI-MN",27,3142,63373,,,,,,
1970,5120,"Minneapolis-St. Paul, MN",27,1704423,1704423,,,-93.268283,44.963324,cesta_first_named_city,
1970,6820,"Rochester, MN",27,56604,56604,,,-92.47721,44.015442,cesta_first_named_city,
1970,0920,"Biloxi-Gulfport, MS",28,121601,121601,,,-88.953409,30.433711,cesta_first_named_city,
1970,3560,"Jackson, MS",28,190060,190060,,,-90.212823,32.315831,cesta_first_named_city,
1970,4921,"Memphis, TN-MS",28,8931,663976,,,,,,
1970,1740,"Columbia, Mo.",29,59231,59231,,,-92.326097,38.947939,cesta_first_named_city,
1970,3760,"Kansas City, MO-KS",29,751579,1101787,,,-94.551136,39.125212,cesta_first_named_city,
1970,7001,"St. Joseph, MO-KS",29,75940,77223,,,-94.821142,39.75969,cesta_first_named_city,
1970,7040,"St. Louis, MO-IL",29,1568468,1882944,,,-90.244582,38.635699,cesta_first_named_city,
1970,7920,"Springfield, MO",29,121340,121340,,,-93.291305,37.194152,cesta_first_named_city,
1970,0880,"Billings, MT",30,71197,71197,,,-108.549891,45.789518,cesta_first_named_city,
1970,3040,"Great Falls, MT",30,70905,70905,,,-111.299975,47.501439,cesta_first_named_city,
1970,4360,"Lincoln, NE",31,153443,153443,,,-96.680354,40.808957,cesta_first_named_city,
1970,5920,"Omaha, NE-IA",31,426929,491776,,,-96.041927,41.264675,cesta_first_named_city,
1970,7721,"Sioux City, IA-NE-SD",31,7920,95937,,,,,,
1970,4120,"Las Vegas, NV",32,236681,236681,,,-115.264045,36.227712,cesta_first_named_city,
1970,6720,"Reno, NV",32,99687,99687,,,-119.776538,39.474487,cesta_first_named_city,
1970,4160,"Lawrence-Haverhill, MA-NH",33,17842,200280,,,,,,
1970,4760,"Manchester, NH",33,95140,95140,,,-71.443893,42.984689,cesta_first_named_city,
1970,5350,"Nashua, NH",33,60961,60961,,,-71.490544,42.749074,cesta_first_named_city,
1970,0240,"Allentown-Bethlehem-Easton, PA-NJ",34,25201,363517,,,,,,
1970,0560,"Atlantic City, NJ",34,134016,134016,,,-74.451082,39.377297,cesta_first_named_city,
1970,5601,"New York, NY-Northeastern NJ",34,4837265,16206841,,,,,,
1970,6160,"Philadelphia, PA-NJ",34,744045,4021066,,,,,,
1970,8481,"Trenton, NJ-PA",34,242673,274148,,,-74.764,40.223748,cesta_first_named_city,
1970,8760,"Vineland-Millville, NJ",34,73579,73579,,,-74.997115,39.465007,cesta_first_named_city,
1970,9160,"Wilmington, DE-NJ-MD",34,21593,371267,,,,,,
1970,0200,"Albuquerque, NM",35,297451,297451,,,-106.647388,35.105552,cesta_first_named_city,
1970,0160,"Albany-Schenectady-Troy, NY",36,486525,486525,,,-73.798353,42.665745,cesta_first_named_city,
1970,0959,"Binghamton, NY",36,167224,167224,,,-75.909369,42.101331,cesta_first_named_city,
1970,1280,"Buffalo, NY",36,1086594,1086594,,,-78.859686,42.892492,cesta_first_named_city,
1970,5601,"New York, NY-Northeastern NJ",36,11369576,16206841,,,-73.9385,40.664274,cesta_first_named_city,
1970,6840,"Rochester, NY",36,601361,601361,,,-77.616891,43.169927,cesta_first_named_city,
1970,8160,"Syracuse, NY",36,376169,376169,,,-76.143554,43.040998,cesta_first_named_city,
1970,8680,"Utica-Rome, NY",36,180355,180355,,,-75.225983,43.096382,cesta_first_named_city,
1970,0480,"Asheville, NC",37,72451,72451,,,-82.552738,35.570977,cesta_first_named_city,
1970,1520,"Charlotte, NC",37,279530,279530,,,-80.830739,35.208707,cesta_first_named_city,
1970,2280,"Durham, NC",37,100764,100764,,,-78.905647,35.980964,cesta_first_named_city,
1970,2560,"Fayetteville, NC",37,161370,161370,,,-78.980263,35.08511,cesta_first_named_city,
1970,3119,"Greensboro, NC",37,152252,152252,,,-79.827108,36.096483,cesta_first_named_city,
1970,3300,"High Point, NC",37,93547,93547,,,-79.990243,35.98547,cesta_first_named_city,
1970,6640,"Raleigh, NC",37,152289,152289,,,-78.641439,35.830204,cesta_first_named_city,
1970,9200,"Wilmington, NC",37,57645,57645,,,-77.885767,34.209225,cesta_first_named_city,
1970,9230,"Winston-Salem, NC",37,142584,142584,,,-80.260578,36.103262,cesta_first_named_city,
1970,2520,"Fargo-Moorhead, ND-MN",38,53420,85446,,,-96.829005,46.865206,cesta_first_named_city,
1970,0080,"Akron, OH",39,542775,542775,,,-81.521429,41.080456,cesta_first_named_city,
1970,1320,"Canton, OH",39,244279,244279,,,-81.367228,40.80765,cesta_first_named_city,
1970,1639,"Cincinnati, OH-KY",39,913536,1110514,,,-84.506446,39.139902,cesta_first_named_city,
1970,1680,"Cleveland, OH",39,1959880,1959880,,,-81.679486,41.478138,cesta_first_named_city,
1970,1840,"Columbus, OH",39,790019,790019,,,-82.985044,39.984799,cesta_first_named_city,
1970,2000,"Dayton, OH",39,685942,685942,,,-84.199632,39.777394,cesta_first_named_city,
1970,3199,"Hamilton, OH",39,90912,90912,,,-84.565522,39.394328,cesta_first_named_city,
1970,3400,"Huntington-Ashland, WV-KY-OH",39,29250,167583,,,,,,
1970,4320,"Lima, OH",39,70295,70295,,,-84.11209,40.740679,cesta_first_named_city,
1970,4440,"Lorain-Elyria, OH",39,192265,192265,,,-82.179722,41.438805,cesta_first_named_city,
1970,4800,"Mansfield, OH",39,77599,77599,,,-82.53082,40.76672,cesta_first_named_city,
1970,7960,"Springfield, OH",39,93653,93653,,,-83.795757,39.933758,cesta_first_named_city,
1970,8080,"Steubenville-Weirton, OH-WV",39,48262,85492,,,-80.657069,40.36632,cesta_first_named_city,
1970,8400,"Toledo, OH-MI",39,475928,487789,,,-83.581861,41.664071,cesta_first_named_city,
1970,9000,"Wheeling, WV-OH",39,32239,92944,,,,,,
1970,9320,"Youngstown-Warren, OH",39,395540,395540,,,-80.645902,41.099095,cesta_first_named_city,
1970,2720,"Fort Smith, AR-OK",40,2098,75517,,,,,,
1970,4200,"Lawton, OK",40,95687,95687,,,-98.4204,34.617048,cesta_first_named_city,
1970,5880,"Oklahoma City, OK",40,579788,579788,,,-97.513656,35.467079,cesta_first_named_city,
1970,8560,"Tulsa, OK",40,371499,371499,,,-95.902316,36.127949,cesta_first_named_city,
1970,2400,"Eugene, OR",41,139255,139255,,,-123.116207,44.056748,cesta_first_named_city,
1970,6440,"Portland, OR-WA",41,751756,824926,,,-122.649971,45.536951,cesta_first_named_city,
1970,7080,"Salem, OR",41,93041,93041,,,-123.023119,44.923694,cesta_first_named_city,
1970,0240,"Allentown-Bethlehem-Easton, PA-NJ",42,338316,363517,,,-75.47816,40.593966,cesta_first_named_city,
1970,0280,"Altoona, PA",42,81795,81795,,,-78.401306,40.50819,cesta_first_named_city,
1970,2360,"Erie, PA",42,175263,175263,,,-80.073503,42.116594,cesta_first_named_city,
1970,3240,"Harrisburg, PA",42,240751,240751,,,-76.88502,40.275891,cesta_first_named_city,
1970,3680,"Johnstown, PA",42,96146,96146,,,-78.919139,40.326132,cesta_first_named_city,
1970,4000,"Lancaster, PA",42,117097,117097,,,-76.30099,40.042061,cesta_first_named_city,
1970,6160,"Philadelphia, PA-NJ",42,3277021,4021066,,,-75.133346,40.009375,cesta_first_named_city,
1970,6280,"Pittsburgh, PA",42,1846042,1846042,,,-79.976592,40.439752,cesta_first_named_city,
1970,6680,"Reading, PA",42,167932,167932,,,-75.926277,40.33922,cesta_first_named_city,
1970,7560,"Scranton-Wilkes-Barre, PA",42,204205,204205,,,-75.665908,41.404178,cesta_first_named_city,
1970,8481,"Trenton, NJ-PA",42,31475,274148,,,,,,
1970,9119,"Wilkes-Barre--Hazleton, PA",42,222830,222830,,,,,,
1970,9280,"York, PA",42,123106,123106,,,-76.73184,39.964798,cesta_first_named_city,
1970,2480,"Fall River, MA-RI",44,15901,139392,,,-71.154789,41.662912,cesta_first_named_city,
1970,6480,"Providence-Pawtucket-Warwick, RI-MA",44,729337,795311,,,-71.418779,41.823056,cesta_first_named_city,
1970,0600,"Augusta, GA-SC",45,22183,148953,,,,,,
1970,1440,"Charleston, SC",45,228399,228399,,,-79.958927,32.817922,cesta_first_named_city,
1970,1760,"Columbia, SC",45,241781,241781,,,-80.896566,34.029783,cesta_first_named_city,
1970,3160,"Greenville, SC",45,157073,157073,,,-82.362997,34.836902,cesta_first_named_city,
1970,7721,"Sioux City, IA-NE-SD",46,860,95937,,,,,,
1970,7760,"Sioux Falls, SD",46,75146,75146,,,-96.731999,43.538335,cesta_first_named_city,
1970,1560,"Chattanooga, TN-GA",47,194633,223580,,,-85.247065,35.066463,cesta_first_named_city,
1970,3840,"Knoxville, TN",47,190502,190502,,,-83.946479,35.970875,cesta_first_named_city,
1970,4921,"Memphis, TN-MS",47,655045,663976,,,-89.978498,35.103543,cesta_first_named_city,
1970,5360,"Nashville-Davidson, TN",47,448444,448444,,,-86.785002,36.1718,cesta_first_named_city,
1970,0040,"Abilene, TX",48,90571,90571,,,-99.738147,32.454514,cesta_first_named_city,
1970,0320,"Amarillo, TX",48,127010,127010,,,-101.828746,35.19784,cesta_first_named_city,
1970,0640,"Austin, TX",48,264499,264499,,,-97.755996,30.307182,cesta_first_named_city,
1970,0839,"Beaumont, TX",48,116350,116350,,,-94.145774,30.084343,cesta_first_named_city,
1970,1239,"Brownsville, TX",48,52627,52627,,,-97.453826,26.018326,cesta_first_named_city,
1970,1260,"Bryan-College Station, TX",48,51395,51395,,,-96.36552,30.666576,cesta_first_named_city,
1970,1880,"Corpus Christi, TX",48,212820,212820,,,-97.396259,27.804553,cesta_first_named_city,
1970,1920,"Dallas, TX",48,1338684,1338684,,,-96.765503,32.794176,cesta_first_named_city,
1970,2320,"El Paso, TX",48,337471,337471,,,-106.426979,31.84836,cesta_first_named_city,
1970,2800,"Fort Worth, TX",48,676944,676944,,,-97.346335,32.779542,cesta_first_named_city,
1970,2919,"Galveston, TX",48,61809,61809,,,-94.969755,29.18326,cesta_first_named_city,
1970,3230,"Harlingen-San Benito, TX",48,50469,50469,,,-97.697383,26.191204,cesta_first_named_city,
1970,3360,"Houston, TX",48,1677863,1677863,,,-95.386342,29.780472,cesta_first_named_city,
1970,4080,"Laredo, TX",48,70197,70197,,,-99.486931,27.547681,cesta_first_named_city,
1970,4600,"Lubbock, TX",48,150135,150135,,,-101.886677,33.566479,cesta_first_named_city,
1970,4880,"McAllen-Pharr-Edinburg, TX",48,91141,91141,,,,,,
1970,5040,"Midland, TX",48,60371,60371,,,-102.109697,32.029931,cesta_first_named_city,
1970,5800,"Odessa, TX",48,81645,81645,,,-102.343406,31.880378,cesta_first_named_city,
1970,6380,"Port Arthur, TX",48,116474,116474,,,-93.966319,29.833402,cesta_first_named_city,
1970,7200,"San Angelo, TX",48,63884,63884,,,-100.45185,31.438912,cesta_first_named_city,
1970,7240,"San Antonio, TX",48,772513,772513,,,-98.525142,29.472403,cesta_first_named_city,
1970,7640,"Sherman-Denison, TX",48,55343,55343,,,-96.621911,33.605733,cesta_first_named_city,
1970,8360,"Texarkana, TX-AR",48,36888,58570,,,-94.081217,33.448105,cesta_first_named_city,
1970,8380,"Texas City-La Marque, TX",48,84054,84054,,,-94.892695,29.433717,cesta_first_named_city,
1970,8640,"Tyler, TX",48,59781,59781,,,-95.304631,32.314954,cesta_first_named_city,
1970,8800,"Waco, TX",48,118843,118843,,,-97.186027,31.560111,cesta_first_named_city,
1970,9080,"Wichita Falls, TX",48,97564,97564,,,-98.525854,33.906699,cesta_first_named_city,
1970,5840,"Ogden, UT",49,149727,149727,,,-111.96608,41.227927,cesta_first_named_city,
1970,6520,"Provo-Orem, UT",49,104110,104110,,,-111.644807,40.24533,cesta_first_named_city,
1970,7160,"Salt Lake City, UT",49,479342,479342,,,-111.931414,40.77852,cesta_first_named_city,
1970,4640,"Lynchburg, VA",51,70842,70842,,,-79.195458,37.399016,cesta_first_named_city,
1970,5680,"Newport News-Hampton, VA",51,268263,268263,,,-76.521719,37.075978,cesta_first_named_city,
1970,5720,"Norfolk-Portsmouth, VA",51,668259,668259,,,-76.244641,36.923015,cesta_first_named_city,
1970,6140,"Petersburg-Colonial Heights, VA",51,100617,100617,,,-77.392368,37.20473,cesta_first_named_city,
1970,6760,"Richmond, VA",51,416563,416563,,,-77.476009,37.531399,cesta_first_named_city,
1970,6800,"Roanoke, VA",51,156621,156621,,,-79.958472,37.27783,cesta_first_named_city,
1970,8840,"Washington, DC-MD-VA",51,715841,2481489,,,,,,
1970,6440,"Portland, OR-WA",53,73170,824926,,,,,,
1970,7600,"Seattle-Everett, WA",53,1238107,1238107,,,-122.350876,47.620499,cesta_first_named_city,
1970,7840,"Spokane, WA",53,229620,229620,,,-117.416595,47.673555,cesta_first_named_city,
1970,8200,"Tacoma, WA",53,332521,332521,,,-122.459832,47.252199,cesta_first_named_city,
1970,1480,"Charleston, WV",54,157662,157662,,,-81.632324,38.348692,cesta_first_named_city,
1970,3400,"Huntington-Ashland, WV-KY-OH",54,85017,167583,,,-82.434689,38.410651,cesta_first_named_city,
1970,8080,"Steubenville-Weirton, OH-WV",54,37230,85492,,,,,,
1970,9000,"Wheeling, WV-OH",54,60705,92944,,,-80.69537,40.073906,cesta_first_named_city,
1970,0459,"Appleton, WI",55,129532,129532,,,-88.392625,44.278819,cesta_first_named_city,
1970,2240,"Duluth-Superior, MN-WI",55,32713,138352,,,,,,
1970,3080,"Green Bay, WI",55,129105,129105,,,-87.984169,44.520676,cesta_first_named_city,
1970,3800,"Kenosha, WI",55,84262,84262,,,-87.873696,42.58474,cesta_first_named_city,
1970,3871,"La Crosse, WI-MN",55,60231,63373,,,-91.224245,43.825866,cesta_first_named_city,
1970,4720,"Madison, WI",55,205457,205457,,,-89.430121,43.087806,cesta_first_named_city,
1970,5080,"Milwaukee, WI",55,1252457,1252457,,,-87.966695,43.063348,cesta_first_named_city,
1970,5970,"Oshkosh, WI",55,55480,55480,,,-88.562352,44.022628,cesta_first_named_city,
1970,6600,"Racine, WI",55,117408,117408,,,-87.807086,42.728284,cesta_first_named_city,
1980,0040,"Abilene, TX",48,99763,99763,,,-99.738147,32.454514,cesta_first_named_city,
1980,0080,"Akron, OH",39,515720,515720,,,-81.521429,41.080456,cesta_first_named_city,
1980,0120,"Albany, GA",13,88716,88716,,,-84.179453,31.577669,cesta_first_named_city,
1980,0160,"Albany--Schenectady--Troy, NY",36,490015,490015,,,-73.798353,42.665745,cesta_first_named_city,
1980,0200,"Albuquerque, NM",35,418206,418206,,,-106.647388,35.105552,cesta_first_named_city,
1980,0220,"Alexandria, LA",22,92742,92742,,,-92.470189,31.293449,cesta_first_named_city,
1980,0240,"Allentown--Bethlehem--Easton, PA--NJ",34,25885,381734,,,,,,
1980,0240,"Allentown--Bethlehem--Easton, PA--NJ",42,355849,381734,,,-75.47816,40.593966,cesta_first_named_city,
1980,0272,"Alton, IL",17,88994,88994,,,-90.154083,38.902125,cesta_first_named_city,
1980,0280,"Altoona, PA",42,78802,78802,,,-78.401306,40.50819,cesta_first_named_city,
1980,0320,"Amarillo, TX",48,149230,149230,,,-101.828746,35.19784,cesta_first_named_city,
1980,0380,"Anchorage, AK",02,170247,170247,,,-149.274354,61.177549,cesta_first_named_city,
1980,0400,"Anderson, IN",18,78581,78581,,,-85.689448,40.089766,cesta_first_named_city,
1980,0405,"Anderson, SC",45,51014,51014,,,-82.647326,34.521166,cesta_first_named_city,
1980,0422,"Annapolis, MD",24,64447,64447,,,-76.506396,38.972281,cesta_first_named_city,
1980,0440,"Ann Arbor, MI",26,208782,208782,,,-83.731333,42.275641,cesta_first_named_city,
1980,0450,"Anniston, AL",01,75614,75614,,,-85.810918,33.67344,cesta_first_named_city,
1980,0457,"Antioch--Pittsburg, CA",06,86435,86435,,,-121.797618,37.977541,cesta_first_named_city,
1980,0459,"Appleton, WI",55,142151,142151,,,-88.392625,44.278819,cesta_first_named_city,
1980,0480,"Asheville, NC",37,102400,102400,,,-82.552738,35.570977,cesta_first_named_city,
1980,0500,"Athens, GA",13,62896,62896,,,-83.370088,33.949597,cesta_first_named_city,
1980,0520,"Atlanta, GA",13,1613357,1613357,,,-84.422674,33.762909,cesta_first_named_city,
1980,0560,"Atlantic City, NJ",34,146034,146034,,,-74.451082,39.377297,cesta_first_named_city,
1980,0580,"Auburn--Opelika, AL",01,51823,51823,,,-85.489545,32.607722,cesta_first_named_city,
1980,0600,"Augusta, GA--SC",13,189817,251250,,,-82.073422,33.365531,cesta_first_named_city,
1980,0600,"Augusta, GA--SC",45,61433,251250,,,,,,
1980,0622,"Aurora, IL",17,158911,158911,,,-88.290099,41.763455,cesta_first_named_city,
1980,0640,"Austin, TX",48,379560,379560,,,-97.755996,30.307182,cesta_first_named_city,
1980,0680,"Bakersfield, CA",06,222236,222236,,,-119.018292,35.321213,cesta_first_named_city,
1980,0720,"Baltimore, MD",24,1755477,1755477,,,-76.610516,39.300213,cesta_first_named_city,
1980,0730,"Bangor, ME",23,60003,60003,,,-68.792397,44.830629,cesta_first_named_city,
1980,0760,"Baton Rouge, LA",22,350657,350657,,,-91.125899,30.448453,cesta_first_named_city,
1980,0780,"Battle Creek, MI",26,77789,77789,,,-85.229267,42.299176,cesta_first_named_city,
1980,0800,"Bay City, MI",26,77678,77678,,,-83.888421,43.590062,cesta_first_named_city,
1980,0839,"Beaumont, TX",48,123729,123729,,,-94.145774,30.084343,cesta_first_named_city,
1980,0860,"Bellingham, WA",53,51025,51025,,,-122.469657,48.75262,cesta_first_named_city,
1980,0867,"Beloit, WI--IL",17,7156,50834,,,,,,
1980,0867,"Beloit, WI--IL",55,43678,50834,,,-89.01766,42.523506,cesta_first_named_city,
1980,0870,"Benton Harbor, MI",26,60639,60639,,,-86.446772,42.114157,cesta_first_named_city,
1980,0880,"Billings, MT",30,84328,84328,,,-108.549891,45.789518,cesta_first_named_city,
1980,0920,"Biloxi--Gulfport, MS",28,179280,179280,,,-88.953409,30.433711,cesta_first_named_city,
1980,0959,"Binghamton, NY",36,161312,161312,,,-75.909369,42.101331,cesta_first_named_city,
1980,1000,"Birmingham, AL",01,606085,606085,,,-86.799047,33.527444,cesta_first_named_city,
1980,1011,"Bismarck--Mandan, ND",38,61105,61105,,,-100.770102,46.811038,cesta_first_named_city,
1980,1020,"Bloomington, IN",18,63513,63513,,,-86.524264,39.1637,cesta_first_named_city,
1980,1040,"Bloomington--Normal, IL",17,82397,82397,,,-88.969912,40.475777,cesta_first_named_city,
1980,1080,"Boise City, ID",16,134848,134848,,,,,,
1980,1120,"Boston, MA",25,2678762,2678762,,,-71.020173,42.33196,cesta_first_named_city,
1980,1125,"Boulder, CO",08,81239,81239,,,-105.25174,40.027443,cesta_first_named_city,
1980,1150,"Bremerton, WA",53,64536,64536,,,-122.716971,47.539801,cesta_first_named_city,
1980,1160,"Bridgeport, CT",09,410998,410998,,,-73.195734,41.187386,cesta_first_named_city,
1980,1170,"Bristol, CT",09,83601,83601,,,-72.940749,41.681578,cesta_first_named_city,
1980,1182,"Bristol, TN--Bristol, VA",47,33356,53537,,,-82.216961,36.558788,cesta_first_named_city,
1980,1182,"Bristol, TN--Bristol, VA",51,20181,53537,,,-82.157564,36.616954,cesta_first_named_city,
1980,1200,"Brockton, MA",25,177784,177784,,,-71.024638,42.082543,cesta_first_named_city,
1980,1239,"Brownsville, TX",48,91611,91611,,,-97.453826,26.018326,cesta_first_named_city,
1980,1260,"Bryan--College Station, TX",48,83036,83036,,,-96.36552,30.666576,cesta_first_named_city,
1980,1280,"Buffalo, NY",36,1002285,1002285,,,-78.859686,42.892492,cesta_first_named_city,
1980,1300,"Burlington, NC",37,66580,66580,,,-79.459748,36.082561,cesta_first_named_city,
1980,1305,"Burlington, VT",50,76528,76528,,,-73.239362,44.49199,cesta_first_named_city,
1980,1320,"Canton, OH",39,244888,244888,,,-81.367228,40.80765,cesta_first_named_city,
1980,1350,"Casper, WY",56,59287,59287,,,-106.320168,42.840532,cesta_first_named_city,
1980,1360,"Cedar Rapids, IA",19,135798,135798,,,-91.67776,41.967048,cesta_first_named_city,
1980,1399,"Champaign--Urbana, IL",17,109278,109278,,,-88.273652,40.115057,cesta_first_named_city,
1980,1439,"Charleston, SC",45,328572,328572,,,-79.958927,32.817922,cesta_first_named_city,
1980,1480,"Charleston, WV",54,153618,153618,,,-81.632324,38.348692,cesta_first_named_city,
1980,1519,"Charlotte, NC",37,350715,350715,,,-80.830739,35.208707,cesta_first_named_city,
1980,1540,"Charlottesville, VA",51,59422,59422,,,-78.485381,38.037658,cesta_first_named_city,
1980,1560,"Chattanooga, TN--GA",13,42466,301515,,,,,,
1980,1560,"Chattanooga, TN--GA",47,259049,301515,,,-85.247065,35.066463,cesta_first_named_city,
1980,1580,"Cheyenne, WY",56,58429,58429,,,-104.783238,41.152195,cesta_first_named_city,
1980,1601,"Chicago, IL--Northwestern IN",17,6248615,6779799,,,-87.681844,41.837551,cesta_first_named_city,
1980,1601,"Chicago, IL--Northwestern IN",18,531184,6779799,,,,,,
1980,1620,"Chico, CA",06,51914,51914,,,-121.818797,39.755159,cesta_first_named_city,
1980,1639,"Cincinnati, OH--KY",21,210041,1123412,,,,,,
1980,1639,"Cincinnati, OH--KY",39,913371,1123412,,,-84.506446,39.139902,cesta_first_named_city,
1980,1659,"Clarksville, TN--KY",21,19299,77535,,,,,,
1980,1659,"Clarksville, TN--KY",47,58236,77535,,,-87.345216,36.56643,cesta_first_named_city,
1980,1680,"Cleveland, OH",39,1752424,1752424,,,-81.679486,41.478138,cesta_first_named_city,
1980,1720,"Colorado Springs, CO",08,276872,276872,,,-104.760749,38.867255,cesta_first_named_city,
1980,1740,"Columbia, MO",29,65380,65380,,,-92.326097,38.947939,cesta_first_named_city,
1980,1760,"Columbia, SC",45,311561,311561,,,-80.896566,34.029783,cesta_first_named_city,
1980,1800,"Columbus, GA--AL",01,32019,214591,,,,,,
1980,1800,"Columbus, GA--AL",13,182572,214591,,,-84.874946,32.510197,cesta_first_named_city,
1980,1840,"Columbus, OH",39,833648,833648,,,-82.985044,39.984799,cesta_first_named_city,
1980,1860,"Concord, NC",37,71994,71994,,,-80.635543,35.392048,cesta_first_named_city,
1980,1880,"Corpus Christi, TX",48,245854,245854,,,-97.396259,27.804553,cesta_first_named_city,
1980,1900,"Cumberland, MD--WV",24,56071,59331,,,-78.757948,39.651739,cesta_first_named_city,
1980,1900,"Cumberland, MD--WV",54,3260,59331,,,,,,
1980,1920,"Dallas--Fort Worth, TX",48,2451390,2451390,,,-96.765503,32.794176,cesta_first_named_city,
1980,1931,"Danbury, CT--NY",09,92066,95371,,,-73.472285,41.401839,cesta_first_named_city,
1980,1931,"Danbury, CT--NY",36,3305,95371,,,,,,
1980,1940,"Danville, IL",17,52243,52243,,,-87.610707,40.142628,cesta_first_named_city,
1980,1950,"Danville, VA",51,54815,54815,,,-79.408071,36.583334,cesta_first_named_city,
1980,1960,"Davenport--Rock Island--Moline, IA--IL",17,148282,285024,,,,,,
1980,1960,"Davenport--Rock Island--Moline, IA--IL",19,136742,285024,,,-90.603997,41.554104,cesta_first_named_city,
1980,2000,"Dayton, OH",39,595059,595059,,,-84.199632,39.777394,cesta_first_named_city,
1980,2020,"Daytona Beach, FL",12,170749,170749,,,-81.088145,29.197328,cesta_first_named_city,
1980,2030,"Decatur, AL",01,54710,54710,,,-86.991684,34.573039,cesta_first_named_city,
1980,2040,"Decatur, IL",17,107864,107864,,,-88.933746,39.855983,cesta_first_named_city,
1980,2079,"Denver, CO",08,1352070,1352070,,,-104.880625,39.761849,cesta_first_named_city,
1980,2120,"Des Moines, IA",19,267192,267192,,,-93.616708,41.573946,cesta_first_named_city,
1980,2160,"Detroit, MI",26,3809327,3809327,,,-83.102237,42.383038,cesta_first_named_city,
1980,2180,"Dothan, AL",01,51976,51976,,,-85.406823,31.233698,cesta_first_named_city,
1980,2201,"Dubuque, IA--IL",17,2202,68149,,,,,,
1980,2201,"Dubuque, IA--IL",19,65947,68149,,,-90.705101,42.502385,cesta_first_named_city,
1980,2240,"Duluth--Superior, Mn--WI",27,102434,132585,,,-92.11871,46.783229,cesta_first_named_city,
1980,2240,"Duluth--Superior, Mn--WI",55,30151,132585,,,,,,
1980,2280,"Durham, NC",37,157287,157287,,,-78.905647,35.980964,cesta_first_named_city,
1980,2290,"Eau Claire, WI",55,72317,72317,,,-91.494844,44.821307,cesta_first_named_city,
1980,2297,"Elgin, IL",17,106593,106593,,,-88.321709,42.039639,cesta_first_named_city,
1980,2300,"Elkhart--Goshen, IN",18,83920,83920,,,-85.965132,41.691167,cesta_first_named_city,
1980,2310,"Elmira, NY",36,68227,68227,,,-76.80961,42.093388,cesta_first_named_city,
1980,2320,"El Paso, TX",48,454159,454159,,,-106.426979,31.84836,cesta_first_named_city,
1980,2340,"Enid, OK",40,50601,50601,,,-97.869862,36.405687,cesta_first_named_city,
1980,2360,"Erie, PA",42,178338,178338,,,-80.073503,42.116594,cesta_first_named_city,
1980,2399,"Eugene, OR",41,182495,182495,,,-123.116207,44.056748,cesta_first_named_city,
1980,2440,"Evansville, IN--KY",18,155078,180089,,,-87.534703,37.987734,cesta_first_named_city,
1980,2440,"Evansville, IN--KY",21,25011,180089,,,,,,
1980,2472,"Fairfield, CA",06,69255,69255,,,-122.039719,38.256757,cesta_first_named_city,
1980,2480,"Fall River, MA--RI",25,126013,141510,,,-71.094162,41.72535,cesta_first_named_city,
1980,2480,"Fall River, MA--RI",44,15497,141510,,,-71.154789,41.662912,cesta_first_named_city,
1980,2520,"Fargo--Moorhead, ND--MN",27,32669,104643,,,,,,
1980,2520,"Fargo--Moorhead, ND--MN",38,71974,104643,,,-96.829005,46.865206,cesta_first_named_city,
1980,2560,"Fayetteville, NC",37,215839,215839,,,-78.980263,35.08511,cesta_first_named_city,
1980,2580,"Fayetteville--Springdale, AR",05,62703,62703,,,-94.16654,36.071561,cesta_first_named_city,
1980,2600,"Fitchburg--Leominster, MA",25,76652,76652,,,-71.815876,42.601979,cesta_first_named_city,
1980,2640,"Flint, MI",26,331931,331931,,,-83.691983,43.024425,cesta_first_named_city,
1980,2650,"Florence, AL",01,72669,72669,,,-87.666096,34.830349,cesta_first_named_city,
1980,2655,"Florence, SC",45,56240,56240,,,-79.782594,34.17756,cesta_first_named_city,
1980,2670,"Fort Collins, CO",08,78287,78287,,,-105.064833,40.548216,cesta_first_named_city,
1980,2680,"Fort Lauderdale--Hollywood, FL",12,1008526,1008526,,,-80.143896,26.141305,cesta_first_named_city,
1980,2699,"Fort Myers, FL",12,140958,140958,,,-81.831956,26.61901,cesta_first_named_city,
1980,2710,"Fort Pierce, FL",12,70450,70450,,,-80.335924,27.430257,cesta_first_named_city,
1980,2720,"Fort Smith, AR--OK",05,87568,90021,,,-94.370883,35.349276,cesta_first_named_city,
1980,2720,"Fort Smith, AR--OK",40,2453,90021,,,,,,
1980,2750,"Fort Walton Beach, FL",12,85318,85318,,,-86.620332,30.424738,cesta_first_named_city,
1980,2760,"Fort Wayne, IN",18,236479,236479,,,-85.14388,41.088173,cesta_first_named_city,
1980,2840,"Fresno, CA",06,331551,331551,,,-119.794492,36.782674,cesta_first_named_city,
1980,2880,"Gadsden, AL",01,74730,74730,,,-86.015643,34.009563,cesta_first_named_city,
1980,2900,"Gainesville, FL",12,103768,103768,,,-82.345878,29.678831,cesta_first_named_city,
1980,2919,"Galveston, TX",48,61382,61382,,,-94.969755,29.18326,cesta_first_named_city,
1980,2970,"Gastonia, NC",37,106884,106884,,,-81.182939,35.249223,cesta_first_named_city,
1980,2975,"Glens Falls, NY",36,51382,51382,,,-73.645286,43.31116,cesta_first_named_city,
1980,2980,"Goldsboro, NC",37,57670,57670,,,-77.973247,35.379951,cesta_first_named_city,
1980,2985,"Grand Forks, ND--MN",27,8545,52310,,,,,,
1980,2985,"Grand Forks, ND--MN",38,43765,52310,,,-97.07501,47.912789,cesta_first_named_city,
1980,2995,"Grand Junction, CO",08,56854,56854,,,-108.568747,39.086366,cesta_first_named_city,
1980,3000,"Grand Rapids, MI",26,374744,374744,,,-85.65557,42.961156,cesta_first_named_city,
1980,3040,"Great Falls, MT",30,66256,66256,,,-111.299975,47.501439,cesta_first_named_city,
1980,3060,"Greeley, CO",08,62297,62297,,,-104.771245,40.414406,cesta_first_named_city,
1980,3080,"Green Bay, WI",55,142747,142747,,,-87.984169,44.520676,cesta_first_named_city,
1980,3119,"Greensboro, NC",37,170457,170457,,,-79.827108,36.096483,cesta_first_named_city,
1980,3159,"Greenville, SC",45,229303,229303,,,-82.362997,34.836902,cesta_first_named_city,
1980,3181,"Hagerstown, MD--PA",24,65024,66277,,,-77.72269,39.640182,cesta_first_named_city,
1980,3181,"Hagerstown, MD--PA",42,1253,66277,,,,,,
1980,3199,"Hamilton, OH",39,105026,105026,,,-84.565522,39.394328,cesta_first_named_city,
1980,3232,"Harlingen--San Benito, TX",48,66702,66702,,,-97.697383,26.191204,cesta_first_named_city,
1980,3240,"Harrisburg, PA",42,278296,278296,,,-76.88502,40.275891,cesta_first_named_city,
1980,3280,"Hartford, CT",09,510034,510034,,,-72.683339,41.766045,cesta_first_named_city,
1980,3285,"Hattiesburg, MS",28,56542,56542,,,-89.317412,31.307296,cesta_first_named_city,
1980,3288,"Hemet, CA",06,55377,55377,,,-116.994604,33.735225,cesta_first_named_city,
1980,3290,"Hickory, NC",37,62329,62329,,,-81.323769,35.741466,cesta_first_named_city,
1980,3303,"High Point, NC",37,100089,100089,,,-79.990243,35.98547,cesta_first_named_city,
1980,3320,"Honolulu, HI",15,582463,582463,,,-157.845315,21.325852,cesta_first_named_city,
1980,3350,"Houma, LA",22,65780,65780,,,-90.708032,29.57863,cesta_first_named_city,
1980,3360,"Houston, TX",48,2412664,2412664,,,-95.386342,29.780472,cesta_first_named_city,
1980,3400,"Huntington--Ashland, WV--KY--OH",21,60290,179840,,,,,,
1980,3400,"Huntington--Ashland, WV--KY--OH",39,33353,179840,,,,,,
1980,3400,"Huntington--Ashland, WV--KY--OH",54,86197,179840,,,-82.434689,38.410651,cesta_first_named_city,
1980,3440,"Huntsville, AL",01,153841,153841,,,-86.538996,34.784271,cesta_first_named_city,
1980,3480,"Indianapolis, IN",18,836472,836472,,,-86.145935,39.776664,cesta_first_named_city,
1980,3500,"Iowa City, IA",19,59295,59295,,,-91.531272,41.656041,cesta_first_named_city,
1980,3520,"Jackson, MI",26,81178,81178,,,-84.402254,42.243454,cesta_first_named_city,
1980,3560,"Jackson, MS",28,265051,265051,,,-90.212823,32.315831,cesta_first_named_city,
1980,3580,"Jackson, TN",47,50338,50338,,,-88.830597,35.649137,cesta_first_named_city,
1980,3600,"Jacksonville, FL",12,598015,598015,,,-81.661302,30.337019,cesta_first_named_city,
1980,3605,"Jacksonville, NC",37,72891,72891,,,-77.392666,34.736866,cesta_first_named_city,
1980,3619,"Janesville, WI",55,51643,51643,,,-89.01317,42.684699,cesta_first_named_city,
1980,3659,"Johnson City, TN",47,78473,78473,,,-82.377427,36.338218,cesta_first_named_city,
1980,3680,"Johnstown, PA",42,90254,90254,,,-78.919139,40.326132,cesta_first_named_city,
1980,3697,"Joliet, IL",17,167475,167475,,,-88.158354,41.518066,cesta_first_named_city,
1980,3710,"Joplin, MO",29,57658,57658,,,-94.502262,37.077509,cesta_first_named_city,
1980,3717,"Kailua--Kaneohe, HI",15,105712,105712,,,-157.765103,21.395027,cesta_first_named_city,
1980,3719,"Kalamazoo, MI",26,154990,154990,,,-85.588501,42.275163,cesta_first_named_city,
1980,3740,"Kankakee, IL",17,61451,61451,,,-87.867177,41.103202,cesta_first_named_city,
1980,3760,"Kansas City, MO--KS",20,368776,1097793,,,-94.741781,39.122539,cesta_first_named_city,
1980,3760,"Kansas City, MO--KS",29,729017,1097793,,,-94.551136,39.125212,cesta_first_named_city,
1980,3800,"Kenosha, WI",55,85742,85742,,,-87.873696,42.58474,cesta_first_named_city,
1980,3809,"Killeen, TX",48,88145,88145,,,-97.731952,31.077669,cesta_first_named_city,
1980,3817,"Kingsport, TN--VA",47,85068,89760,,,-82.547383,36.524936,cesta_first_named_city,
1980,3817,"Kingsport, TN--VA",51,4692,89760,,,,,,
1980,3840,"Knoxville, TN",47,284708,284708,,,-83.946479,35.970875,cesta_first_named_city,
1980,3850,"Kokomo, IN",18,61224,61224,,,-86.132763,40.475317,cesta_first_named_city,
1980,3871,"La Crosse, WI--MN",27,3879,67966,,,,,,
1980,3871,"La Crosse, WI--MN",55,64087,67966,,,-91.224245,43.825866,cesta_first_named_city,
1980,3880,"Lafayette, LA",22,113999,113999,,,-92.031394,30.211573,cesta_first_named_city,
1980,3920,"Lafayette--West Lafayette, IN",18,91380,91380,,,-86.861699,40.399425,cesta_first_named_city,
1980,3960,"Lake Charles, LA",22,123820,123820,,,-93.214742,30.202699,cesta_first_named_city,
1980,3979,"Lakeland, FL",12,114360,114360,,,-81.953682,28.055964,cesta_first_named_city,
1980,3992,"Lancaster, CA",06,56328,56328,,,-118.175305,34.693558,cesta_first_named_city,
1980,4000,"Lancaster, PA",42,157385,157385,,,-76.30099,40.042061,cesta_first_named_city,
1980,4039,"Lansing, MI",26,254704,254704,,,-84.556222,42.709787,cesta_first_named_city,
1980,4080,"Laredo, TX",48,94961,94961,,,-99.486931,27.547681,cesta_first_named_city,
1980,4100,"Las Cruces, NM",35,55072,55072,,,-106.789695,32.326444,cesta_first_named_city,
1980,4120,"Las Vegas, NV",32,432874,432874,,,-115.264045,36.227712,cesta_first_named_city,
1980,4150,"Lawrence, KS",20,52810,52810,,,-95.263223,38.960323,cesta_first_named_city,
1980,4160,"Lawrence--Haverhill, MA--NH",25,189196,211428,,,-71.161357,42.700273,cesta_first_named_city,
1980,4160,"Lawrence--Haverhill, MA--NH",33,22232,211428,,,,,,
1980,4200,"Lawton, OK",40,96134,96134,,,-98.4204,34.617048,cesta_first_named_city,
1980,4240,"Lewiston--Auburn, ME",23,70108,70108,,,-70.172185,44.089594,cesta_first_named_city,
1980,4280,"Lexington--Fayette, KY",21,194093,194093,,,-84.458443,38.040157,cesta_first_named_city,
1980,4320,"Lima, OH",39,70104,70104,,,-84.11209,40.740679,cesta_first_named_city,
1980,4360,"Lincoln, NE",31,173550,173550,,,-96.680354,40.808957,cesta_first_named_city,
1980,4400,"Little Rock--North Little Rock, AR",05,295133,295133,,,-92.358556,34.725432,cesta_first_named_city,
1980,4413,"Longview, TX",48,69757,69757,,,-94.76481,32.519305,cesta_first_named_city,
1980,4415,"Longview, WA--OR",41,1659,55076,,,,,,
1980,4415,"Longview, WA--OR",53,53417,55076,,,-122.964124,46.146846,cesta_first_named_city,
1980,4440,"Lorain--Elyria, OH",39,225331,225331,,,-82.179722,41.438805,cesta_first_named_city,
1980,4480,"Los Angeles--Long Beach, CA",06,9479436,9479436,,,-118.410825,34.019394,cesta_first_named_city,
1980,4520,"Louisville, KY--IN",18,94603,761002,,,,,,
1980,4520,"Louisville, KY--IN",21,666399,761002,,,-85.666708,38.178077,cesta_first_named_city,
1980,4560,"Lowell, MA--NH",25,156482,157412,,,-71.322107,42.638893,cesta_first_named_city,
1980,4560,"Lowell, MA--NH",33,930,157412,,,,,,
1980,4600,"Lubbock, TX",48,175479,175479,,,-101.886677,33.566479,cesta_first_named_city,
1980,4640,"Lynchburg, VA",51,93921,93921,,,-79.195458,37.399016,cesta_first_named_city,
1980,4660,"Mcallen--Pharr--Edinburg, TX",48,157423,157423,,,-98.246145,26.218512,cesta_first_named_city,
1980,4680,"Macon, GA",13,130871,130871,,,-83.648918,32.830953,cesta_first_named_city,
1980,4720,"Madison, WI",55,213675,213675,,,-89.430121,43.087806,cesta_first_named_city,
1980,4760,"Manchester, NH",33,102844,102844,,,-71.443893,42.984689,cesta_first_named_city,
1980,4800,"Mansfield, OH",39,78948,78948,,,-82.53082,40.76672,cesta_first_named_city,
1980,4890,"Medford, OR",41,52469,52469,,,-122.854244,42.336896,cesta_first_named_city,
1980,4899,"Melbourne--Cocoa, FL",12,212917,212917,,,-80.645713,28.116326,cesta_first_named_city,
1980,4920,"Memphis, TN--AR--MS",05,32907,774551,,,,,,
1980,4920,"Memphis, TN--AR--MS",28,22703,774551,,,,,,
1980,4920,"Memphis, TN--AR--MS",47,718941,774551,,,-89.978498,35.103543,cesta_first_named_city,
1980,4960,"Meriden, CT",09,57118,57118,,,-72.794543,41.536777,cesta_first_named_city,
1980,5000,"Miami, FL",12,1608159,1608159,,,-80.208615,25.775163,cesta_first_named_city,
1980,5023,"Middletown, OH",39,91730,91730,,,-84.364893,39.502952,cesta_first_named_city,
1980,5040,"Midland, TX",48,71606,71606,,,-102.109697,32.029931,cesta_first_named_city,
1980,5080,"Milwaukee, WI",55,1207008,1207008,,,-87.966695,43.063348,cesta_first_named_city,
1980,5119,"Minneapolis--St Paul, MN",27,1787564,1787564,,,-93.268283,44.963324,cesta_first_named_city,
1980,5140,"Missoula, MT",30,58035,58035,,,-114.010346,46.869322,cesta_first_named_city,
1980,5160,"Mobile, AL",01,295493,295493,,,-88.100226,30.668426,cesta_first_named_city,
1980,5170,"Modesto, CA",06,159538,159538,,,-120.989052,37.660909,cesta_first_named_city,
1980,5182,"Monessen, PA",42,65884,65884,,,-79.883008,40.151966,cesta_first_named_city,
1980,5200,"Monroe, LA",22,112537,112537,,,-92.077482,32.519552,cesta_first_named_city,
1980,5240,"Montgomery, AL",01,196947,196947,,,-86.268593,32.346251,cesta_first_named_city,
1980,5280,"Muncie, IN",18,91479,91479,,,-85.393346,40.198978,cesta_first_named_city,
1980,5319,"Muskegon--Muskegon Heights, MI",26,105634,105634,,,-86.255415,43.228218,cesta_first_named_city,
1980,5343,"Napa, CA",06,59277,59277,,,-122.300741,38.297872,cesta_first_named_city,
1980,5345,"Naples, FL",12,53675,53675,,,-81.795215,26.14994,cesta_first_named_city,
1980,5350,"Nashua, NH",33,75299,75299,,,-71.490544,42.749074,cesta_first_named_city,
1980,5360,"Nashville--Davidson, TN",47,518325,518325,,,-86.785002,36.1718,cesta_first_named_city,
1980,5395,"Newark, OH",39,50839,50839,,,-82.424925,40.069732,cesta_first_named_city,
1980,5400,"New Bedford, MA",25,133274,133274,,,-70.937913,41.661303,cesta_first_named_city,
1980,5440,"New Britain, CT",09,135817,135817,,,-72.786161,41.676555,cesta_first_named_city,
1980,5469,"Newburgh, NY",36,65711,65711,,,-74.01964,41.503249,cesta_first_named_city,
1980,5479,"New Haven, CT",09,368061,368061,,,-72.924953,41.310809,cesta_first_named_city,
1980,5519,"New London--Norwich, CT",09,148829,148829,,,-72.099338,41.356795,cesta_first_named_city,
1980,5560,"New Orleans, LA",22,1078299,1078299,,,-89.939007,30.068636,cesta_first_named_city,
1980,5570,"Newport, RI",44,51381,51381,,,-71.321635,41.476335,cesta_first_named_city,
1980,5580,"Newport News--Hampton, VA",51,328576,328576,,,-76.521719,37.075978,cesta_first_named_city,
1980,5601,"New York, NY--Northeastern NJ",34,4917299,15590274,,,,,,
1980,5601,"New York, NY--Northeastern NJ",36,10672975,15590274,,,-73.9385,40.664274,cesta_first_named_city,
1980,5719,"Norfolk--Portsmouth, VA",51,770784,770784,,,-76.244641,36.923015,cesta_first_named_city,
1980,5760,"Norwalk, CT",09,107550,107550,,,-73.419796,41.092739,cesta_first_named_city,
1980,5790,"Ocala, FL",12,50860,50860,,,-82.148787,29.180314,cesta_first_named_city,
1980,5800,"Odessa, TX",48,101518,101518,,,-102.343406,31.880378,cesta_first_named_city,
1980,5840,"Ogden, UT",49,205744,205744,,,-111.96608,41.227927,cesta_first_named_city,
1980,5880,"Oklahoma City, OK",40,674322,674322,,,-97.513656,35.467079,cesta_first_named_city,
1980,5910,"Olympia, WA",53,68616,68616,,,-122.896774,47.041398,cesta_first_named_city,
1980,5920,"Omaha, NE--IA",19,62173,512438,,,,,,
1980,5920,"Omaha, NE--IA",31,450265,512438,,,-96.041927,41.264675,cesta_first_named_city,
1980,5960,"Orlando, FL",12,577235,577235,,,-81.29875,28.415886,cesta_first_named_city,
1980,5973,"Oshkosh, WI",55,52958,52958,,,-88.562352,44.022628,cesta_first_named_city,
1980,5990,"Owensboro, KY",21,57549,57549,,,-87.117398,37.757172,cesta_first_named_city,
1980,6001,"Oxnard--Ventura--Thousand Oaks, CA",06,377695,377695,,,-119.204603,34.202346,cesta_first_named_city,
1980,6012,"Palm Springs, CA",06,66431,66431,,,-116.537993,33.800898,cesta_first_named_city,
1980,6015,"Panama City, FL",12,78886,78886,,,-85.672509,30.167122,cesta_first_named_city,
1980,6019,"Parkersburg, WV--OH",39,7193,63181,,,,,,
1980,6019,"Parkersburg, WV--OH",54,55988,63181,,,-81.543376,39.261353,cesta_first_named_city,
1980,6025,"Pascagoula--Moss Point, MS",28,65174,65174,,,-88.556327,30.360066,cesta_first_named_city,
1980,6080,"Pensacola, FL",12,215995,215995,,,-87.189943,30.441266,cesta_first_named_city,
1980,6120,"Peoria, IL",17,261418,261418,,,-89.617097,40.752309,cesta_first_named_city,
1980,6139,"Petersburg--Colonial Heights, VA",51,106582,106582,,,-77.392368,37.20473,cesta_first_named_city,
1980,6160,"Philadelphia, PA--NJ",34,842899,4112933,,,,,,
1980,6160,"Philadelphia, PA--NJ",42,3270034,4112933,,,-75.133346,40.009375,cesta_first_named_city,
1980,6200,"Phoenix, AZ",04,1409279,1409279,,,-112.087966,33.572162,cesta_first_named_city,
1980,6240,"Pine Bluff, AR",05,62817,62817,,,-92.017555,34.211591,cesta_first_named_city,
1980,6280,"Pittsburgh, PA",42,1810038,1810038,,,-79.976592,40.439752,cesta_first_named_city,
1980,6320,"Pittsfield, MA",25,57554,57554,,,-73.26054,42.452045,cesta_first_named_city,
1980,6340,"Pocatello, ID",16,53401,53401,,,-112.465573,42.871588,cesta_first_named_city,
1980,6387,"Port Arthur, TX",48,118562,118562,,,-93.966319,29.833402,cesta_first_named_city,
1980,6390,"Port Huron, MI",26,59647,59647,,,-82.433743,42.993766,cesta_first_named_city,
1980,6400,"Portland, ME",23,107099,107099,,,-70.255365,43.663811,cesta_first_named_city,
1980,6440,"Portland, OR--WA",41,895856,1026144,,,-122.649971,45.536951,cesta_first_named_city,
1980,6440,"Portland, OR--WA",53,130288,1026144,,,,,,
1980,6450,"Portsmouth--Dover--Rochester, NH--ME",23,11959,103722,,,,,,
1980,6450,"Portsmouth--Dover--Rochester, NH--ME",33,91763,103722,,,-70.780348,43.060595,cesta_first_named_city,
1980,6460,"Poughkeepsie, NY",36,136571,136571,,,-73.919869,41.694595,cesta_first_named_city,
1980,6479,"Providence--Pawtucket--Warwick, RI--MA",25,72319,796250,,,,,,
1980,6479,"Providence--Pawtucket--Warwick, RI--MA",44,723931,796250,,,-71.418779,41.823056,cesta_first_named_city,
1980,6520,"Provo--Orem, UT",49,169699,169699,,,-111.644807,40.24533,cesta_first_named_city,
1980,6560,"Pueblo, CO",08,109444,109444,,,-104.612378,38.273147,cesta_first_named_city,
1980,6600,"Racine, WI",55,118987,118987,,,-87.807086,42.728284,cesta_first_named_city,
1980,6639,"Raleigh, NC",37,206597,206597,,,-78.641439,35.830204,cesta_first_named_city,
1980,6660,"Rapid City, SD",46,50882,50882,,,-103.217924,44.071071,cesta_first_named_city,
1980,6680,"Reading, PA",42,173450,173450,,,-75.926277,40.33922,cesta_first_named_city,
1980,6690,"Redding, CA",06,52867,52867,,,-122.364827,40.567432,cesta_first_named_city,
1980,6720,"Reno, NV",32,162286,162286,,,-119.776538,39.474487,cesta_first_named_city,
1980,6739,"Richland--Kennewick, WA",53,112171,112171,,,-119.291794,46.289428,cesta_first_named_city,
1980,6760,"Richmond, VA",51,491627,491627,,,-77.476009,37.531399,cesta_first_named_city,
1980,6800,"Roanoke, VA",51,177475,177475,,,-79.958472,37.27783,cesta_first_named_city,
1980,6820,"Rochester, MN",27,60473,60473,,,-92.47721,44.015442,cesta_first_named_city,
1980,6840,"Rochester, NY",36,606070,606070,,,-77.616891,43.169927,cesta_first_named_city,
1980,6880,"Rockford, IL",17,204304,204304,,,-89.062827,42.263394,cesta_first_named_city,
1980,6885,"Rock Hill, SC",45,50846,50846,,,-81.021451,34.943368,cesta_first_named_city,
1980,6900,"Rome, GA",13,51082,51082,,,-85.187533,34.26774,cesta_first_named_city,
1980,6913,"Round Lake Beach, IL",17,65676,65676,,,-88.080689,42.382409,cesta_first_named_city,
1980,6920,"Sacramento, CA",06,796266,796266,,,-121.468632,38.566592,cesta_first_named_city,
1980,6960,"Saginaw, MI",26,146769,146769,,,-83.954716,43.417678,cesta_first_named_city,
1980,6980,"St Cloud, MN",27,58375,58375,,,-94.171056,45.526681,cesta_first_named_city,
1980,7001,"St Joseph, MO--KS",20,1279,79936,,,,,,
1980,7001,"St Joseph, MO--KS",29,78657,79936,,,-94.821142,39.75969,cesta_first_named_city,
1980,7040,"St Louis, MO--IL",17,298213,1848590,,,,,,
1980,7040,"St Louis, MO--IL",29,1550377,1848590,,,-90.244582,38.635699,cesta_first_named_city,
1980,7060,"St Petersburg, FL",12,833337,833337,,,-82.644055,27.761975,cesta_first_named_city,
1980,7080,"Salem, OR",41,135747,135747,,,-123.023119,44.923694,cesta_first_named_city,
1980,7119,"Salinas, CA",06,82600,82600,,,-121.633714,36.690182,cesta_first_named_city,
1980,7159,"Salt Lake City, UT",49,674201,674201,,,-111.931414,40.77852,cesta_first_named_city,
1980,7200,"San Angelo, TX",48,73994,73994,,,-100.45185,31.438912,cesta_first_named_city,
1980,7240,"San Antonio, TX",48,944893,944893,,,-98.525142,29.472403,cesta_first_named_city,
1980,7279,"San Bernardino--Riverside, CA",06,705175,705175,,,-117.295316,34.139261,cesta_first_named_city,
1980,7320,"San Diego, CA",06,1704352,1704352,,,-117.134993,32.8153,cesta_first_named_city,
1980,7360,"San Francisco--Oakland, CA",06,3190698,3190698,,,-122.419338,37.780023,cesta_first_named_city,
1980,7400,"San Jose, CA",06,1243952,1243952,,,-121.819306,37.296867,cesta_first_named_city,
1980,7479,"Santa Barbara, CA",06,150173,150173,,,-119.713356,34.398899,cesta_first_named_city,
1980,7485,"Santa Cruz, CA",06,123226,123226,,,-122.035268,36.974385,cesta_first_named_city,
1980,7490,"Santa Fe, NM",35,52042,52042,,,-105.97372,35.666038,cesta_first_named_city,
1980,7497,"Santa Maria, CA",06,57237,57237,,,-120.443815,34.933214,cesta_first_named_city,
1980,7500,"Santa Rosa, CA",06,137019,137019,,,-122.706136,38.446816,cesta_first_named_city,
1980,7511,"Sarasota--Bradenton, FL",12,305431,305431,,,-82.545766,27.338256,cesta_first_named_city,
1980,7520,"Savannah, GA",13,186546,186546,,,-81.153557,32.002512,cesta_first_named_city,
1980,7560,"Scranton--Wilkes--Barre, PA",42,406517,406517,,,-75.665908,41.404178,cesta_first_named_city,
1980,7572,"Seaside--Monterey, CA",06,115418,115418,,,-121.823565,36.625114,cesta_first_named_city,
1980,7600,"Seattle--Everett, WA",53,1391535,1391535,,,-122.350876,47.620499,cesta_first_named_city,
1980,7611,"Sharon, PA--OH",39,5208,50933,,,,,,
1980,7611,"Sharon, PA--OH",42,45725,50933,,,-80.499812,41.233969,cesta_first_named_city,
1980,7620,"Sheboygan, WI",55,58531,58531,,,-87.730546,43.746001,cesta_first_named_city,
1980,7640,"Sherman--Denison, TX",48,56441,56441,,,-96.621911,33.605733,cesta_first_named_city,
1980,7680,"Shreveport, LA",22,263827,263827,,,-93.792684,32.46702,cesta_first_named_city,
1980,7702,"Simi Valley, CA",06,79921,79921,,,-118.748458,34.266888,cesta_first_named_city,
1980,7721,"Sioux City, IA--NE--SD",19,84419,96746,,,-96.391462,42.495252,cesta_first_named_city,
1980,7721,"Sioux City, IA--NE--SD",31,10335,96746,,,,,,
1980,7721,"Sioux City, IA--NE--SD",46,1992,96746,,,,,,
1980,7760,"Sioux Falls, SD",46,85834,85834,,,-96.731999,43.538335,cesta_first_named_city,
1980,7801,"South Bend, IN--MI",18,202513,226331,,,-86.269043,41.67685,cesta_first_named_city,
1980,7801,"South Bend, IN--MI",26,23818,226331,,,,,,
1980,7820,"Spartanburg, SC",45,100706,100706,,,-81.926907,34.942294,cesta_first_named_city,
1980,7840,"Spokane, WA",53,266709,266709,,,-117.416595,47.673555,cesta_first_named_city,
1980,7880,"Springfield, IL",17,122806,122806,,,-89.670832,39.763908,cesta_first_named_city,
1980,7920,"Springfield, MO",29,139030,139030,,,-93.291305,37.194152,cesta_first_named_city,
1980,7960,"Springfield, OH",39,86742,86742,,,-83.795757,39.933758,cesta_first_named_city,
1980,8000,"Springfield--Chicopee--Holyoke, MA--CT",09,57519,505822,,,,,,
1980,8000,"Springfield--Chicopee--Holyoke, MA--CT",25,448303,505822,,,-72.539978,42.115454,cesta_first_named_city,
1980,8040,"Stamford, CT",09,182978,182978,,,-73.546028,41.079857,cesta_first_named_city,
1980,8050,"State College, PA",42,51298,51298,,,-77.856821,40.790991,cesta_first_named_city,
1980,8081,"Steubenville--Weirton, OH--WV--PA",39,44459,77651,,,-80.657069,40.36632,cesta_first_named_city,
1980,8081,"Steubenville--Weirton, OH--WV--PA",42,472,77651,,,,,,
1980,8081,"Steubenville--Weirton, OH--WV--PA",54,32720,77651,,,,,,
1980,8120,"Stockton, CA",06,197052,197052,,,-121.313304,37.976342,cesta_first_named_city,
1980,8160,"Syracuse, NY",36,379284,379284,,,-76.143554,43.040998,cesta_first_named_city,
1980,8200,"Tacoma, WA",53,402077,402077,,,-122.459832,47.252199,cesta_first_named_city,
1980,8240,"Tallahassee, FL",12,119341,119341,,,-84.253419,30.455109,cesta_first_named_city,
1980,8279,"Tampa, FL",12,520912,520912,,,-82.479673,27.970086,cesta_first_named_city,
1980,8300,"Taunton, MA",25,52334,52334,,,-71.094984,41.903323,cesta_first_named_city,
1980,8312,"Temple, TX",48,53191,53191,,,-97.382522,31.105656,cesta_first_named_city,
1980,8320,"Terre Haute, IN",18,74736,74736,,,-87.375924,39.465542,cesta_first_named_city,
1980,8359,"Texarkana, TX--AR",05,22220,63474,,,-93.987116,33.436343,cesta_first_named_city,
1980,8359,"Texarkana, TX--AR",48,41254,63474,,,-94.081217,33.448105,cesta_first_named_city,
1980,8382,"Texas City--La Marque, TX",48,109193,109193,,,-94.892695,29.433717,cesta_first_named_city,
1980,8400,"Toledo, OH--MI",26,14129,485440,,,,,,
1980,8400,"Toledo, OH--MI",39,471311,485440,,,-83.581861,41.664071,cesta_first_named_city,
1980,8440,"Topeka, KS",20,125936,125936,,,-95.694826,39.03617,cesta_first_named_city,
1980,8481,"Trenton, NJ--PA",34,244082,260751,,,-74.764,40.223748,cesta_first_named_city,
1980,8481,"Trenton, NJ--PA",42,16669,260751,,,,,,
1980,8520,"Tucson, AZ",04,450059,450059,,,-110.871062,32.154289,cesta_first_named_city,
1980,8560,"Tulsa, OK",40,443350,443350,,,-95.902316,36.127949,cesta_first_named_city,
1980,8600,"Tuscaloosa, AL",01,99554,99554,,,-87.525798,33.233083,cesta_first_named_city,
1980,8640,"Tyler, TX",48,72927,72927,,,-95.304631,32.314954,cesta_first_named_city,
1980,8680,"Utica--Rome, NY",36,155238,155238,,,-75.225983,43.096382,cesta_first_named_city,
1980,8750,"Victoria, TX",48,50725,50725,,,-96.98541,28.826891,cesta_first_named_city,
1980,8759,"Vineland--Millville, NJ",34,88822,88822,,,-74.997115,39.465007,cesta_first_named_city,
1980,8779,"Visalia, CA",06,58957,58957,,,-119.323409,36.327154,cesta_first_named_city,
1980,8800,"Waco, TX",48,134491,134491,,,-97.186027,31.560111,cesta_first_named_city,
1980,8832,"Warner Robins, GA",13,54923,54923,,,-83.653936,32.597096,cesta_first_named_city,
1980,8840,"Washington, DC--MD--VA",11,638333,2763105,,,-77.017094,38.904148,cesta_first_named_city,
1980,8840,"Washington, DC--MD--VA",24,1188380,2763105,,,,,,
1980,8840,"Washington, DC--MD--VA",51,936392,2763105,,,,,,
1980,8880,"Waterbury, CT",09,160249,160249,,,-73.036685,41.5585,cesta_first_named_city,
1980,8919,"Waterloo, IA",19,120290,120290,,,-92.351947,42.492327,cesta_first_named_city,
1980,8940,"Wausau, WI",55,52990,52990,,,-89.643486,44.961866,cesta_first_named_city,
1980,8959,"West Palm Beach, FL",12,487044,487044,,,-80.126608,26.748301,cesta_first_named_city,
1980,9000,"Wheeling, WV--OH",39,29454,101049,,,,,,
1980,9000,"Wheeling, WV--OH",54,71595,101049,,,-80.69537,40.073906,cesta_first_named_city,
1980,9040,"Wichita, KS",20,305752,305752,,,-97.342678,37.690694,cesta_first_named_city,
1980,9080,"Wichita Falls, TX",48,94716,94716,,,-98.525854,33.906699,cesta_first_named_city,
1980,9140,"Williamsport, PA",42,58650,58650,,,-77.035591,41.240019,cesta_first_named_city,
1980,9160,"Wilmington, DE--NJ--MD",10,367562,406112,,,-75.529289,39.735226,cesta_first_named_city,
1980,9160,"Wilmington, DE--NJ--MD",24,11971,406112,,,,,,
1980,9160,"Wilmington, DE--NJ--MD",34,26579,406112,,,,,,
1980,9200,"Wilmington, NC",37,88763,88763,,,-77.885767,34.209225,cesta_first_named_city,
1980,9220,"Winston--Salem, NC",37,171530,171530,,,-80.260578,36.103262,cesta_first_named_city,
1980,9227,"Winter Haven, FL",12,72560,72560,,,-81.732742,28.045835,cesta_first_named_city,
1980,9240,"Worcester, MA",25,276022,276022,,,-71.807783,42.269478,cesta_first_named_city,
1980,9260,"Yakima, WA",53,81085,81085,,,-120.546838,46.592211,cesta_first_named_city,
1980,9280,"York, PA",42,129336,129336,,,-76.73184,39.964798,cesta_first_named_city,
1980,9320,"Youngstown--Warren, OH",39,383398,383398,,,-80.645902,41.099095,cesta_first_named_city,
1980,9340,"Yuba City, CA",06,61107,61107,,,-121.639031,39.133855,cesta_first_named_city,
1980,9361,"Yuma, AZ--CA",04,54247,54657,,,-114.521811,32.516261,cesta_first_named_city,
1980,9361,"Yuma, AZ--CA",06,410,54657,,,,,,
1990,0040,"Abilene, TX",48,107836,107836,280.79,280.79,-99.746242,32.45345,stf1c_intpt_part,
1990,0080,"Akron, OH",39,527863,527863,665.989,665.989,-81.504691,41.0844,stf1c_intpt_part,
1990,0120,"Albany, GA",13,87223,87223,184.816,184.816,-84.164287,31.574495,stf1c_intpt_part,
1990,0160,"Albany--Schenectady--Troy, NY",36,509106,509106,540.458,540.458,-73.813321,42.749967,stf1c_intpt_part,
1990,0200,"Albuquerque, NM",35,497120,497120,584.727,584.727,-106.636507,35.124797,stf1c_intpt_part,
1990,0220,"Alexandria, LA",22,86001,86001,166.361,166.361,-92.444971,31.329315,stf1c_intpt_part,
1990,0240,"Allentown--Bethlehem--Easton, PA--NJ",34,24817,410436,22.157,368.107,-75.170725,40.684624,stf1c_intpt_part,
1990,0240,"Allentown--Bethlehem--Easton, PA--NJ",42,385619,410436,345.95,368.107,-75.426399,40.618049,stf1c_intpt_part,
1990,0275,"Alton, IL",17,86236,86236,156.544,156.544,-90.115996,38.8966,stf1c_intpt_part,
1990,0280,"Altoona, PA",42,76551,76551,76.704,76.704,-78.40131,40.4811,stf1c_intpt_part,
1990,0320,"Amarillo, TX",48,157934,157934,228.311,228.311,-101.818764,35.203486,stf1c_intpt_part,
1990,0380,"Anchorage, AK",02,221883,221883,417.778,417.778,-149.751923,61.221651,stf1c_intpt_part,
1990,0400,"Anderson, IN",18,74037,74037,129.456,129.456,-85.675371,40.097627,stf1c_intpt_part,
1990,0405,"Anderson, SC",45,52492,52492,106.395,106.395,-82.664299,34.511017,stf1c_intpt_part,
1990,0435,"Annapolis, MD",24,78590,78590,104.557,104.557,-76.521477,38.9549,stf1c_intpt_part,
1990,0440,"Ann Arbor, MI",26,222061,222061,197.28,197.28,-83.637862,42.248442,stf1c_intpt_part,
1990,0450,"Anniston, AL",01,68150,68150,184.059,184.059,-85.834848,33.666534,stf1c_intpt_part,
1990,0457,"Antioch--Pittsburg, CA",06,153768,153768,159.334,159.334,-121.824635,37.9994,stf1c_intpt_part,
1990,0459,"Appleton--Neenah, WI",55,160918,160918,149.148,149.148,-88.405646,44.243013,stf1c_intpt_part,
1990,0480,"Asheville, NC",37,110429,110429,245.022,245.022,-82.520579,35.571049,stf1c_intpt_part,
1990,0500,"Athens, GA",13,73282,73282,113.133,113.133,-83.385488,33.95058,stf1c_intpt_part,
1990,0520,"Atlanta, GA",13,2157806,2157806,2943.983,2943.983,-84.368675,33.832304,stf1c_intpt_part,
1990,0560,"Atlantic City, NJ",34,169993,169993,229.62,229.62,-74.526864,39.36252,stf1c_intpt_part,
1990,0580,"Auburn--Opelika, AL",01,56510,56510,169.684,169.684,-85.436145,32.623076,stf1c_intpt_part,
1990,0600,"Augusta, GA--SC",13,217002,286538,330.959,489.374,-82.067875,33.453642,stf1c_intpt_part,
1990,0600,"Augusta, GA--SC",45,69536,286538,158.415,489.374,-81.832592,33.517046,stf1c_intpt_part,
1990,0619,"Aurora, IL",17,192043,192043,215.317,215.317,-88.306554,41.801512,stf1c_intpt_part,
1990,0640,"Austin, TX",48,562008,562008,707.516,707.516,-97.755807,30.325021,stf1c_intpt_part,
1990,0680,"Bakersfield, CA",06,302605,302605,254.578,254.578,-119.036949,35.36215,stf1c_intpt_part,
1990,0720,"Baltimore, MD",24,1889873,1889873,1534.509,1534.509,-76.598326,39.293643,stf1c_intpt_part,
1990,0730,"Bangor, ME",23,61402,61402,183.732,183.732,-68.739819,44.84105,stf1c_intpt_part,
1990,0760,"Baton Rouge, LA",22,365943,365943,480.427,480.427,-91.104051,30.48148,stf1c_intpt_part,
1990,0780,"Battle Creek, MI",26,77921,77921,139.27,139.27,-85.204908,42.318553,stf1c_intpt_part,
1990,0800,"Bay City, MI",26,74118,74118,93.528,93.528,-83.891045,43.604886,stf1c_intpt_part,
1990,0839,"Beaumont, TX",48,122841,122841,235.169,235.169,-94.151169,30.107548,stf1c_intpt_part,
1990,0860,"Bellingham, WA",53,59317,59317,77.685,77.685,-122.481355,48.755198,stf1c_intpt_part,
1990,0865,"Beloit, WI--IL",17,13371,56076,34.817,89.5,-89.036513,42.441266,stf1c_intpt_part,
1990,0865,"Beloit, WI--IL",55,42705,56076,54.683,89.5,-89.023349,42.5285,stf1c_intpt_part,
1990,0870,"Benton Harbor, MI",26,57744,57744,84.866,84.866,-86.468974,42.079433,stf1c_intpt_part,
1990,0880,"Billings, MT",30,88181,88181,117.1,117.1,-108.512585,45.796301,stf1c_intpt_part,
1990,0920,"Biloxi--Gulfport, MS",28,179643,179643,333.782,333.782,-89.071378,30.385628,stf1c_intpt_part,
1990,0960,"Binghamton, NY",36,158405,158405,169.304,169.304,-75.977916,42.104723,stf1c_intpt_part,
1990,1000,"Birmingham, AL",01,622074,622074,1032.807,1032.807,-86.81253,33.487008,stf1c_intpt_part,
1990,1010,"Bismarck, ND",38,66476,66476,94.639,94.639,-100.798377,46.810681,stf1c_intpt_part,
1990,1020,"Bloomington, IN",18,71440,71440,54.689,54.689,-86.527698,39.164217,stf1c_intpt_part,
1990,1040,"Bloomington--Normal, IL",17,94186,94186,79.864,79.864,-88.984424,40.49165,stf1c_intpt_part,
1990,1080,"Boise City, ID",16,167941,167941,185.103,185.103,-116.251733,43.602201,stf1c_intpt_part,
1990,1120,"Boston, MA",25,2775370,2775370,2308.249,2308.249,-71.089137,42.360622,stf1c_intpt_part,
1990,1125,"Boulder, CO",08,98910,98910,83.422,83.422,-105.23574,40.03435,stf1c_intpt_part,
1990,1150,"Bremerton, WA",53,112977,112977,143.043,143.043,-122.643494,47.59045,stf1c_intpt_part,
1990,1160,"Bridgeport--Milford, CT",09,413863,413863,416.089,416.089,-73.172137,41.172676,stf1c_intpt_part,
1990,1170,"Bristol, CT",09,92418,92418,129.785,129.785,-72.944823,41.701033,stf1c_intpt_part,
1990,1180,"Bristol, TN--Bristol, VA",47,33790,52563,102.258,137.207,-82.228964,36.554976,stf1c_intpt_part,
1990,1180,"Bristol, TN--Bristol, VA",51,18773,52563,34.949,137.207,-82.160281,36.619378,stf1c_intpt_part,
1990,1200,"Brockton, MA",25,160910,160910,182.645,182.645,-71.012293,42.062833,stf1c_intpt_part,
1990,1239,"Brownsville, TX",48,117676,117676,98.693,98.693,-97.475124,25.930362,stf1c_intpt_part,
1990,1250,"Brunswick, GA",13,50066,50066,118.111,118.111,-81.457373,31.198583,stf1c_intpt_part,
1990,1260,"Bryan--College Station, TX",48,107599,107599,161.304,161.304,-96.340212,30.6373,stf1c_intpt_part,
1990,1282,"Buffalo--Niagara Falls, NY",36,954332,954332,739.455,739.455,-78.829083,42.933189,stf1c_intpt_part,
1990,1300,"Burlington, NC",37,74053,74053,134.384,134.384,-79.425841,36.091261,stf1c_intpt_part,
1990,1305,"Burlington, VT",50,87088,87088,135.446,135.446,-73.199699,44.4731,stf1c_intpt_part,
1990,1320,"Canton, OH",39,244576,244576,282.443,282.443,-81.408143,40.82795,stf1c_intpt_part,
1990,1350,"Casper, WY",56,52248,52248,72.267,72.267,-106.330599,42.83785,stf1c_intpt_part,
1990,1360,"Cedar Rapids, IA",19,136190,136190,179.801,179.801,-91.660266,41.989633,stf1c_intpt_part,
1990,1400,"Champaign--Urbana, IL",17,115524,115524,78.428,78.428,-88.239303,40.1097,stf1c_intpt_part,
1990,1440,"Charleston, SC",45,393956,393956,649.9,649.9,-80.009624,32.868666,stf1c_intpt_part,
1990,1480,"Charleston, WV",54,164418,164418,241.184,241.184,-81.735985,38.374187,stf1c_intpt_part,
1990,1510,"Charlotte, NC",37,455597,455597,626.073,626.073,-80.808481,35.192259,stf1c_intpt_part,
1990,1540,"Charlottesville, VA",51,67553,67553,69.674,69.674,-78.495847,38.049876,stf1c_intpt_part,
1990,1560,"Chattanooga, TN--GA",13,46194,296955,112.624,665.191,-85.247518,34.945594,stf1c_intpt_part,
1990,1560,"Chattanooga, TN--GA",47,250761,296955,552.567,665.191,-85.219174,35.09125,stf1c_intpt_part,
1990,1580,"Cheyenne, WY",56,61890,61890,86.294,86.294,-104.80664,41.14065,stf1c_intpt_part,
1990,1601,"Chicago, IL--Northwestern Indiana",17,6301112,6792087,3485.462,4103.799,-87.870321,41.904997,stf1c_intpt_part,
1990,1601,"Chicago, IL--Northwestern Indiana",18,490975,6792087,618.337,4103.799,-87.349064,41.566293,stf1c_intpt_part,
1990,1620,"Chico, CA",06,71831,71831,84.369,84.369,-121.819719,39.752375,stf1c_intpt_part,
1990,1640,"Cincinnati, OH--KY",21,236349,1212675,328.774,1325.229,-84.544887,39.016034,stf1c_intpt_part,
1990,1640,"Cincinnati, OH--KY",39,976326,1212675,996.455,1325.229,-84.432919,39.192745,stf1c_intpt_part,
1990,1659,"Clarksville, TN--KY",21,21724,97581,34.801,224.34,-87.432114,36.664208,stf1c_intpt_part,
1990,1659,"Clarksville, TN--KY",47,75857,97581,189.539,224.34,-87.347305,36.561139,stf1c_intpt_part,
1990,1680,"Cleveland, OH",39,1677492,1677492,1646.992,1646.992,-81.590638,41.451154,stf1c_intpt_part,
1990,1720,"Colorado Springs, CO",08,352989,352989,457.354,457.354,-104.780902,38.84025,stf1c_intpt_part,
1990,1740,"Columbia, MO",29,75854,75854,128.253,128.253,-92.325582,38.954325,stf1c_intpt_part,
1990,1760,"Columbia, SC",45,328349,328349,515.024,515.024,-81.032243,34.017874,stf1c_intpt_part,
1990,1800,"Columbus, GA--AL",01,32288,220698,72.621,343.078,-85.034408,32.46706,stf1c_intpt_part,
1990,1800,"Columbus, GA--AL",13,188410,220698,270.457,343.078,-84.935958,32.488215,stf1c_intpt_part,
1990,1840,"Columbus, OH",39,945237,945237,893.251,893.251,-82.991675,39.998071,stf1c_intpt_part,
1990,1880,"Corpus Christi, TX",48,270006,270006,402.835,402.835,-97.302487,27.700981,stf1c_intpt_part,
1990,1897,"Crystal Lake, IL",17,72498,72498,109.162,109.162,-88.302187,42.214811,stf1c_intpt_part,
1990,1900,"Cumberland, MD--WV",24,51648,54655,110.935,122.726,-78.819399,39.65205,stf1c_intpt_part,
1990,1900,"Cumberland, MD--WV",54,3007,54655,11.791,122.726,-78.773731,39.618877,stf1c_intpt_part,
1990,1922,"Dallas--Fort Worth, TX",48,3198259,3198259,3737.453,3737.453,-96.953351,32.793903,stf1c_intpt_part,
1990,1930,"Danbury, CT--NY",09,112647,116240,202.891,214.74,-73.455146,41.43333,stf1c_intpt_part,
1990,1930,"Danbury, CT--NY",36,3593,116240,11.849,214.74,-73.551891,41.474562,stf1c_intpt_part,
1990,1950,"Danville, VA",51,54315,54315,118.711,118.711,-79.405481,36.585373,stf1c_intpt_part,
1990,1960,"Davenport--Rock Island--Moline, IA--IL",17,135068,264018,175.014,378.132,-90.494519,41.481882,stf1c_intpt_part,
1990,1960,"Davenport--Rock Island--Moline, IA--IL",19,128950,264018,203.118,378.132,-90.556399,41.54635,stf1c_intpt_part,
1990,1979,"Davis, CA",06,52711,52711,27.547,27.547,-121.736529,38.551959,stf1c_intpt_part,
1990,2000,"Dayton, OH",39,613467,613467,708.081,708.081,-84.171069,39.761932,stf1c_intpt_part,
1990,2020,"Daytona Beach, FL",12,221341,221341,331.072,331.072,-81.014956,29.1594,stf1c_intpt_part,
1990,2030,"Decatur, AL",01,63541,63541,181.694,181.694,-86.972878,34.542378,stf1c_intpt_part,
1990,2040,"Decatur, IL",17,96039,96039,128.378,128.378,-88.936552,39.849672,stf1c_intpt_part,
1990,2071,"Deltona, FL",12,58053,58053,155.317,155.317,-81.220861,28.906444,stf1c_intpt_part,
1990,2075,"Denton, TX",48,66445,66445,136.504,136.504,-97.130942,33.214204,stf1c_intpt_part,
1990,2080,"Denver, CO",08,1517977,1517977,1188.384,1188.384,-104.99053,39.730456,stf1c_intpt_part,
1990,2120,"Des Moines, IA",19,293666,293666,413.546,413.546,-93.649112,41.600829,stf1c_intpt_part,
1990,2160,"Detroit, MI",26,3697529,3697529,2899.362,2899.362,-83.204655,42.459021,stf1c_intpt_part,
1990,2180,"Dothan, AL",01,58925,58925,241.77,241.77,-85.410269,31.244743,stf1c_intpt_part,
1990,2190,"Dover, DE",10,50787,50787,97.544,97.544,-75.522341,39.142467,stf1c_intpt_part,
1990,2200,"Dubuque, IA--IL--WI",17,2657,63705,5.396,72.998,-90.63432,42.49565,stf1c_intpt_part,
1990,2200,"Dubuque, IA--IL--WI",19,61048,63705,67.602,72.998,-90.691672,42.5063,stf1c_intpt_part,
1990,2240,"Duluth, MN--WI",27,95356,122971,271.962,370.841,-92.155549,46.786681,stf1c_intpt_part,
1990,2240,"Duluth, MN--WI",55,27615,122971,98.879,370.841,-92.062273,46.69532,stf1c_intpt_part,
1990,2280,"Durham, NC",37,205355,205355,274.005,274.005,-78.9417,35.973986,stf1c_intpt_part,
1990,2290,"Eau Claire, WI",55,80293,80293,117.929,117.929,-91.461235,44.848057,stf1c_intpt_part,
1990,2297,"Elgin, IL",17,123899,123899,113.858,113.858,-88.29145,42.054307,stf1c_intpt_part,
1990,2300,"Elkhart--Goshen, IN",18,98787,98787,134.509,134.509,-85.933024,41.661124,stf1c_intpt_part,
1990,2310,"Elmira, NY",36,66612,66612,74.382,74.382,-76.823561,42.111467,stf1c_intpt_part,
1990,2320,"El Paso,  TX--NM",35,8179,571017,24.395,570.751,-106.577166,31.799146,stf1c_intpt_part,
1990,2320,"El Paso,  TX--NM",48,562838,571017,546.356,570.751,-106.397277,31.78135,stf1c_intpt_part,
1990,2360,"Erie, PA",42,177668,177668,149.381,149.381,-80.091998,42.10875,stf1c_intpt_part,
1990,2400,"Eugene--Springfield, OR",41,189192,189192,169.564,169.564,-123.079112,44.061817,stf1c_intpt_part,
1990,2440,"Evansville, IN--KY",18,156570,183087,154.138,193.984,-87.53105,37.984212,stf1c_intpt_part,
1990,2440,"Evansville, IN--KY",21,26517,183087,39.846,193.984,-87.579048,37.847604,stf1c_intpt_part,
1990,2467,"Fairfield, CA",06,99964,99964,105.431,105.431,-122.038577,38.25095,stf1c_intpt_part,
1990,2480,"Fall River, MA--RI",25,126508,144358,92.105,119.269,-71.148487,41.712404,stf1c_intpt_part,
1990,2480,"Fall River, MA--RI",44,17850,144358,27.164,119.269,-71.213357,41.636487,stf1c_intpt_part,
1990,2520,"Fargo--Moorhead, ND--MN",27,34923,121336,34.044,133.369,-96.742096,46.86735,stf1c_intpt_part,
1990,2520,"Fargo--Moorhead, ND--MN",38,86413,121336,99.325,133.369,-96.831549,46.87425,stf1c_intpt_part,
1990,2560,"Fayetteville, NC",37,241763,241763,354.865,354.865,-78.951194,35.077764,stf1c_intpt_part,
1990,2580,"Fayetteville--Springdale, AR",05,74880,74880,205.471,205.471,-94.152113,36.115386,stf1c_intpt_part,
1990,2600,"Fitchburg--Leominster, MA",25,82249,82249,162.545,162.545,-71.795381,42.552144,stf1c_intpt_part,
1990,2640,"Flint, MI",26,326023,326023,424.273,424.273,-83.681833,43.022533,stf1c_intpt_part,
1990,2650,"Florence, AL",01,69186,69186,159.674,159.674,-87.669608,34.794501,stf1c_intpt_part,
1990,2655,"Florence, SC",45,54659,54659,114.43,114.43,-79.776988,34.186516,stf1c_intpt_part,
1990,2669,"Fort Collins, CO",08,105809,105809,140.682,140.682,-105.072477,40.56375,stf1c_intpt_part,
1990,2680,"Fort Lauderdale--Hollywood--Pompano Beach, FL",12,1238134,1238134,847.279,847.279,-80.183399,26.14025,stf1c_intpt_part,
1990,2700,"Fort Myers--Cape Coral, FL",12,220552,220552,321.683,321.683,-81.914162,26.61545,stf1c_intpt_part,
1990,2710,"Fort Pierce, FL",12,126342,126342,258.09,258.09,-80.339099,27.3362,stf1c_intpt_part,
1990,2720,"Fort Smith, AR--OK",05,91870,94486,186.743,196.404,-94.365535,35.377836,stf1c_intpt_part,
1990,2720,"Fort Smith, AR--OK",40,2616,94486,9.661,196.404,-94.441232,35.335949,stf1c_intpt_part,
1990,2750,"Fort Walton Beach, FL",12,112522,112522,187.269,187.269,-86.547382,30.446878,stf1c_intpt_part,
1990,2760,"Fort Wayne, IN",18,248424,248424,269.536,269.536,-85.132968,41.082115,stf1c_intpt_part,
1990,2820,"Frederick, MD",24,58393,58393,82.525,82.525,-77.411285,39.430434,stf1c_intpt_part,
1990,2825,"Fredericksburg, VA",51,56718,56718,92.902,92.902,-77.493598,38.292208,stf1c_intpt_part,
1990,2840,"Fresno, CA",06,453388,453388,343.704,343.704,-119.781898,36.782891,stf1c_intpt_part,
1990,2880,"Gadsden, AL",01,71630,71630,278.914,278.914,-86.01712,33.907172,stf1c_intpt_part,
1990,2900,"Gainesville, FL",12,126215,126215,158.431,158.431,-82.358151,29.660333,stf1c_intpt_part,
1990,2919,"Galveston, TX",48,58263,58263,77.583,77.583,-94.811839,29.2893,stf1c_intpt_part,
1990,2970,"Gastonia, NC",37,113637,113637,231.902,231.902,-81.140688,35.259133,stf1c_intpt_part,
1990,2975,"Glens Falls, NY",36,56475,56475,97.304,97.304,-73.645696,43.303516,stf1c_intpt_part,
1990,2980,"Goldsboro, NC",37,60230,60230,129.569,129.569,-77.980639,35.36775,stf1c_intpt_part,
1990,2985,"Grand Forks, ND--MN",27,8658,58103,11.482,48.952,-97.015904,47.93,stf1c_intpt_part,
1990,2985,"Grand Forks, ND--MN",38,49445,58103,37.47,48.952,-97.072006,47.9169,stf1c_intpt_part,
1990,2995,"Grand Junction, CO",08,71938,71938,142.581,142.581,-108.564724,39.07945,stf1c_intpt_part,
1990,3000,"Grand Rapids, MI",26,436336,436336,578.21,578.21,-85.637334,42.945665,stf1c_intpt_part,
1990,3040,"Great Falls, MT",30,63506,63506,52.816,52.816,-111.281974,47.50485,stf1c_intpt_part,
1990,3060,"Greeley, CO",08,71578,71578,69.482,69.482,-104.721533,40.4055,stf1c_intpt_part,
1990,3080,"Green Bay, WI",55,161931,161931,259.216,259.216,-88.018155,44.511818,stf1c_intpt_part,
1990,3115,"Greensboro, NC",37,194508,194508,238.885,238.885,-79.829164,36.07985,stf1c_intpt_part,
1990,3150,"Greenville,NC",37,55884,55884,73.267,73.267,-77.370007,35.591846,stf1c_intpt_part,
1990,3155,"Greenville, SC",45,248173,248173,383.61,383.61,-82.361797,34.851406,stf1c_intpt_part,
1990,3180,"Hagerstown, MD--PA--WV",24,68226,70206,100.009,108.223,-77.713543,39.6451,stf1c_intpt_part,
1990,3180,"Hagerstown, MD--PA--WV",42,1212,70206,4.675,108.223,-77.717834,39.736948,stf1c_intpt_part,
1990,3180,"Hagerstown, MD--PA--WV",54,768,70206,3.539,108.223,-77.848744,39.587907,stf1c_intpt_part,
1990,3199,"Hamilton, OH",39,118315,118315,137.474,137.474,-84.549375,39.370438,stf1c_intpt_part,
1990,3235,"Harlingen, TX",48,79309,79309,120.111,120.111,-97.687172,26.18765,stf1c_intpt_part,
1990,3239,"Harrisburg, PA",42,292904,292904,387.863,387.863,-76.838565,40.259424,stf1c_intpt_part,
1990,3280,"Hartford--Middletown, CT",09,546198,546198,624.856,624.856,-72.640828,41.719611,stf1c_intpt_part,
1990,3285,"Hattiesburg, MS",28,59757,59757,131.199,131.199,-89.30285,31.318495,stf1c_intpt_part,
1990,3288,"Hemet--San Jacinto, CA",06,90929,90929,112.846,112.846,-116.967437,33.7524,stf1c_intpt_part,
1990,3289,"Hesperia--Apple Valley--Victorville, CA",06,153176,153176,362.481,362.481,-117.28025,34.481447,stf1c_intpt_part,
1990,3290,"Hickory, NC",37,69914,69914,175.675,175.675,-81.311947,35.726117,stf1c_intpt_part,
1990,3300,"High Point, NC",37,108686,108686,218.656,218.656,-80.004875,35.941455,stf1c_intpt_part,
1990,3317,"Holland, MI",26,62418,62418,84.841,84.841,-86.1108,42.792677,stf1c_intpt_part,
1990,3320,"Honolulu, HI",15,632603,632603,359.218,359.218,-158.083019,21.495647,stf1c_intpt_part,
1990,3350,"Houma, LA",22,65879,65879,160.119,160.119,-90.713736,29.615372,stf1c_intpt_part,
1990,3360,"Houston, TX",48,2901851,2901851,3049.3,3049.3,-95.360116,29.773765,stf1c_intpt_part,
1990,3400,"Huntington--Ashland, WV--KY--OH",21,56122,169594,90.955,222.821,-82.682609,38.483177,stf1c_intpt_part,
1990,3400,"Huntington--Ashland, WV--KY--OH",39,33791,169594,47.575,222.821,-82.592989,38.453893,stf1c_intpt_part,
1990,3400,"Huntington--Ashland, WV--KY--OH",54,79681,169594,84.291,222.821,-82.414814,38.409286,stf1c_intpt_part,
1990,3440,"Huntsville, AL",01,180315,180315,342.896,342.896,-86.614252,34.71835,stf1c_intpt_part,
1990,3455,"Hyannis, MA",25,66713,66713,189.0,189.0,-70.29273,41.665921,stf1c_intpt_part,
1990,3460,"Idaho Falls, ID",16,56356,56356,55.149,55.149,-112.013922,43.494189,stf1c_intpt_part,
1990,3480,"Indianapolis, IN",18,914761,914761,1214.399,1214.399,-86.136527,39.788415,stf1c_intpt_part,
1990,3487,"Indio--Coachella, CA",06,56038,56038,72.206,72.206,-116.206027,33.702533,stf1c_intpt_part,
1990,3500,"Iowa City, IA",19,71372,71372,78.472,78.472,-91.551815,41.66855,stf1c_intpt_part,
1990,3510,"Ithaca, NY",36,50132,50132,65.447,65.447,-76.495021,42.45074,stf1c_intpt_part,
1990,3520,"Jackson, MI",26,78126,78126,109.879,109.879,-84.394857,42.2383,stf1c_intpt_part,
1990,3560,"Jackson, MS",28,289285,289285,561.689,561.689,-90.180089,32.325035,stf1c_intpt_part,
1990,3580,"Jackson, TN",47,53031,53031,114.717,114.717,-88.828303,35.640133,stf1c_intpt_part,
1990,3600,"Jacksonville, FL",12,738413,738413,1314.944,1314.944,-81.651029,30.299177,stf1c_intpt_part,
1990,3605,"Jacksonville, NC",37,101297,101297,186.698,186.698,-77.391887,34.734536,stf1c_intpt_part,
1990,3619,"Janesville, WI",55,52995,52995,62.479,62.479,-89.015425,42.68595,stf1c_intpt_part,
1990,3659,"Johnson City, TN",47,82382,82382,187.499,187.499,-82.330421,36.32607,stf1c_intpt_part,
1990,3680,"Johnstown, PA",42,77841,77841,93.455,93.455,-78.89674,40.309059,stf1c_intpt_part,
1990,3690,"Joliet, IL",17,170717,170717,216.385,216.385,-88.092774,41.5533,stf1c_intpt_part,
1990,3710,"Joplin, MO",29,60208,60208,138.678,138.678,-94.501633,37.10092,stf1c_intpt_part,
1990,3717,"Kailua, HI",15,114506,114506,90.747,90.747,-157.769257,21.409533,stf1c_intpt_part,
1990,3720,"Kalamazoo, MI",26,164430,164430,219.305,219.305,-85.588224,42.24945,stf1c_intpt_part,
1990,3740,"Kankakee, IL",17,59695,59695,60.91,60.91,-87.86255,41.1295,stf1c_intpt_part,
1990,3750,"Kannapolis, NC",37,78177,78177,170.867,170.867,-80.613443,35.455129,stf1c_intpt_part,
1990,3760,"Kansas City, MO--KS",20,480249,1275317,806.527,1973.058,-94.738064,39.005903,stf1c_intpt_part,
1990,3760,"Kansas City, MO--KS",29,795068,1275317,1166.531,1973.058,-94.485643,39.048764,stf1c_intpt_part,
1990,3800,"Kenosha, WI",55,94292,94292,106.424,106.424,-87.858184,42.5636,stf1c_intpt_part,
1990,3809,"Killeen, TX",48,137876,137876,171.524,171.524,-97.742794,31.101093,stf1c_intpt_part,
1990,3815,"Kingsport, TN--VA",47,83174,87403,246.172,258.301,-82.554022,36.529561,stf1c_intpt_part,
1990,3815,"Kingsport, TN--VA",51,4229,87403,12.129,258.301,-82.567053,36.62197,stf1c_intpt_part,
1990,3833,"Kissimmee, FL",12,55419,55419,62.126,62.126,-81.402724,28.30605,stf1c_intpt_part,
1990,3840,"Knoxville, TN",47,304466,304466,566.596,566.596,-83.993064,35.929186,stf1c_intpt_part,
1990,3850,"Kokomo, IN",18,57146,57146,58.221,58.221,-86.135799,40.4687,stf1c_intpt_part,
1990,3870,"La Crosse, WI--MN",27,4725,78928,7.479,89.155,-91.302166,43.8283,stf1c_intpt_part,
1990,3870,"La Crosse, WI--MN",55,74203,78928,81.676,89.155,-91.233301,43.8521,stf1c_intpt_part,
1990,3880,"Lafayette, LA",22,129592,129592,183.078,183.078,-92.035593,30.219133,stf1c_intpt_part,
1990,3920,"Lafayette--West Lafayette, IN",18,100103,100103,82.179,82.179,-86.887474,40.41945,stf1c_intpt_part,
1990,3960,"Lake Charles, LA",22,119067,119067,228.23,228.23,-93.231075,30.223567,stf1c_intpt_part,
1990,3979,"Lakeland, FL",12,147628,147628,246.454,246.454,-81.966273,28.0235,stf1c_intpt_part,
1990,4000,"Lancaster, PA",42,193583,193583,226.232,226.232,-76.328436,40.055567,stf1c_intpt_part,
1990,4010,"Lancaster--Palmdale, CA",06,187190,187190,214.615,214.615,-118.13541,34.627983,stf1c_intpt_part,
1990,4040,"Lansing--East Lansing, MI",26,265095,265095,255.627,255.627,-84.516374,42.720162,stf1c_intpt_part,
1990,4080,"Laredo, TX",48,123651,123651,85.253,85.253,-99.486599,27.5343,stf1c_intpt_part,
1990,4100,"Las Cruces, NM",35,81471,81471,147.495,147.495,-106.76972,32.328495,stf1c_intpt_part,
1990,4120,"Las Vegas, NV",32,697348,697348,598.488,598.488,-115.139624,36.1426,stf1c_intpt_part,
1990,4150,"Lawrence, KS",20,65755,65755,59.653,59.653,-95.255405,38.96285,stf1c_intpt_part,
1990,4160,"Lawrence--Haverhill, MA--NH",25,212000,237362,241.721,285.993,-71.116174,42.735155,stf1c_intpt_part,
1990,4160,"Lawrence--Haverhill, MA--NH",33,25362,237362,44.272,285.993,-71.198115,42.791567,stf1c_intpt_part,
1990,4200,"Lawton, OK",40,92634,92634,120.202,120.202,-98.406705,34.62135,stf1c_intpt_part,
1990,4240,"Lewiston--Auburn, ME",23,71598,71598,216.714,216.714,-70.209278,44.09695,stf1c_intpt_part,
1990,4246,"Lewisville, TX",48,79433,79433,179.058,179.058,-97.059956,33.059134,stf1c_intpt_part,
1990,4280,"Lexington-Fayette, KY",21,220701,220701,254.123,254.123,-84.501745,38.030113,stf1c_intpt_part,
1990,4320,"Lima, OH",39,68621,68621,89.524,89.524,-84.121174,40.723798,stf1c_intpt_part,
1990,4360,"Lincoln, NE",31,192558,192558,166.766,166.766,-96.688171,40.8164,stf1c_intpt_part,
1990,4400,"Little Rock--North Little Rock, AR",05,305353,305353,515.886,515.886,-92.29027,34.767601,stf1c_intpt_part,
1990,4403,"Lodi, CA",06,55590,55590,39.816,39.816,-121.298499,38.13525,stf1c_intpt_part,
1990,4405,"Logan, UT",49,50401,50401,81.14,81.14,-111.826102,41.758636,stf1c_intpt_part,
1990,4407,"Lompoc, CA",06,56591,56591,105.603,105.603,-120.493349,34.710099,stf1c_intpt_part,
1990,4411,"Longmont, CO",08,52464,52464,35.703,35.703,-105.113005,40.172851,stf1c_intpt_part,
1990,4413,"Longview, TX",48,76429,76429,162.324,162.324,-94.775273,32.521089,stf1c_intpt_part,
1990,4415,"Longview, WA--OR",41,2138,57123,5.719,92.293,-122.944924,46.091249,stf1c_intpt_part,
1990,4415,"Longview, WA--OR",53,54985,57123,86.574,92.293,-122.937163,46.146168,stf1c_intpt_part,
1990,4440,"Lorain--Elyria, OH",39,224087,224087,380.61,380.61,-82.115257,41.418755,stf1c_intpt_part,
1990,4480,"Los Angeles, CA",06,11402946,11402946,5091.272,5091.272,-118.104572,33.951247,stf1c_intpt_part,
1990,4520,"Louisville, KY--IN",18,100159,754956,112.121,731.838,-85.770227,38.313347,stf1c_intpt_part,
1990,4520,"Louisville, KY--IN",21,654797,754956,619.717,731.838,-85.70589,38.193517,stf1c_intpt_part,
1990,4560,"Lowell, MA--NH",25,180716,181651,167.226,173.705,-71.350655,42.623397,stf1c_intpt_part,
1990,4560,"Lowell, MA--NH",33,935,181651,6.479,173.705,-71.338634,42.708454,stf1c_intpt_part,
1990,4600,"Lubbock, TX",48,187906,187906,281.387,281.387,-101.872793,33.579065,stf1c_intpt_part,
1990,4640,"Lynchburg, VA",51,98138,98138,266.551,266.551,-79.185151,37.39602,stf1c_intpt_part,
1990,4660,"McAllen--Edinburg--Mission, TX",48,263192,263192,322.044,322.044,-98.201098,26.214795,stf1c_intpt_part,
1990,4679,"Macon, GA",13,129496,129496,177.439,177.439,-83.66065,32.838267,stf1c_intpt_part,
1990,4720,"Madison, WI",55,244336,244336,253.086,253.086,-89.396184,43.064692,stf1c_intpt_part,
1990,4760,"Manchester, NH",33,114918,114918,121.573,121.573,-71.45516,42.989639,stf1c_intpt_part,
1990,4800,"Mansfield, OH",39,76521,76521,136.617,136.617,-82.539499,40.75955,stf1c_intpt_part,
1990,4890,"Medford, OR",41,66974,66974,76.487,76.487,-122.867756,42.33795,stf1c_intpt_part,
1990,4899,"Melbourne--Palm Bay, FL",12,305978,305978,604.005,604.005,-80.64858,28.223168,stf1c_intpt_part,
1990,4920,"Memphis, TN--AR--MS",05,34600,825193,56.875,883.312,-90.171272,35.161434,stf1c_intpt_part,
1990,4920,"Memphis, TN--AR--MS",28,29341,825193,53.168,883.312,-90.018629,34.970132,stf1c_intpt_part,
1990,4920,"Memphis, TN--AR--MS",47,761252,825193,773.269,883.312,-89.936497,35.1223,stf1c_intpt_part,
1990,4940,"Merced, CA",06,64742,64742,51.366,51.366,-120.481638,37.299268,stf1c_intpt_part,
1990,5000,"Miami--Hialeah, FL",12,1914660,1914660,913.427,913.427,-80.287424,25.75935,stf1c_intpt_part,
1990,5025,"Middletown, OH",39,98822,98822,172.73,172.73,-84.341157,39.515255,stf1c_intpt_part,
1990,5040,"Midland, TX",48,91999,91999,178.135,178.135,-102.100571,32.028912,stf1c_intpt_part,
1990,5080,"Milwaukee, WI",55,1226293,1226293,1326.046,1326.046,-88.044466,43.049191,stf1c_intpt_part,
1990,5120,"Minneapolis--St. Paul, MN",27,2079676,2079676,2753.089,2753.089,-93.276874,44.975476,stf1c_intpt_part,
1990,5140,"Missoula, MT",30,57196,57196,73.267,73.267,-114.024353,46.866166,stf1c_intpt_part,
1990,5160,"Mobile, AL",01,300912,300912,592.953,592.953,-88.116608,30.691373,stf1c_intpt_part,
1990,5170,"Modesto, CA",06,230609,230609,134.997,134.997,-120.994825,37.649901,stf1c_intpt_part,
1990,5187,"Monessen, PA",42,65072,65072,119.261,119.261,-79.899456,40.134948,stf1c_intpt_part,
1990,5200,"Monroe, LA",22,110737,110737,201.106,201.106,-92.101139,32.517717,stf1c_intpt_part,
1990,5240,"Montgomery, AL",01,210007,210007,405.109,405.109,-86.304799,32.367629,stf1c_intpt_part,
1990,5280,"Muncie, IN",18,88073,88073,98.847,98.847,-85.401174,40.19965,stf1c_intpt_part,
1990,5320,"Muskegon, MI",26,106252,106252,159.957,159.957,-86.243899,43.20745,stf1c_intpt_part,
1990,5330,"Myrtle Beach, SC",45,58384,58384,128.29,128.29,-78.953296,33.666636,stf1c_intpt_part,
1990,5343,"Napa, CA",06,68049,68049,54.519,54.519,-122.292896,38.29775,stf1c_intpt_part,
1990,5345,"Naples, FL",12,94344,94344,147.446,147.446,-81.762925,26.1546,stf1c_intpt_part,
1990,5350,"Nashua, NH",33,96791,96791,112.742,112.742,-71.480149,42.756133,stf1c_intpt_part,
1990,5360,"Nashville, TN",47,573294,573294,1252.215,1252.215,-86.75147,36.174833,stf1c_intpt_part,
1990,5395,"Newark, OH",39,54063,54063,74.561,74.561,-82.427229,40.05475,stf1c_intpt_part,
1990,5400,"New Bedford, MA",25,139082,139082,108.739,108.739,-70.939365,41.648142,stf1c_intpt_part,
1990,5440,"New Britain, CT",09,143064,143064,139.769,139.769,-72.80592,41.65453,stf1c_intpt_part,
1990,5465,"Newburgh, NY",36,71584,71584,114.274,114.274,-74.05089,41.50745,stf1c_intpt_part,
1990,5480,"New Haven--Meriden, CT",09,451486,451486,486.159,486.159,-72.874883,41.376574,stf1c_intpt_part,
1990,5520,"New London--Norwich, CT",09,156286,156286,283.939,283.939,-72.093402,41.412133,stf1c_intpt_part,
1990,5560,"New Orleans, LA",22,1040226,1040226,699.502,699.502,-90.119057,29.975739,stf1c_intpt_part,
1990,5570,"Newport, RI",44,53481,53481,58.845,58.845,-71.314167,41.510445,stf1c_intpt_part,
1990,5601,"New York, NY--Northeastern New Jersey",34,5113880,16044012,3859.475,7683.055,-74.270529,40.63403,stf1c_intpt_part,
1990,5601,"New York, NY--Northeastern New Jersey",36,10930132,16044012,3823.58,7683.055,-73.619488,40.848776,stf1c_intpt_part,
1990,5720,"Norfolk--Virginia Beach--Newport News, VA",51,1323098,1323098,1718.909,1718.909,-76.276203,36.93622,stf1c_intpt_part,
1990,5760,"Norwalk, CT",09,108888,108888,127.396,127.396,-73.389282,41.116854,stf1c_intpt_part,
1990,5790,"Ocala, FL",12,68004,68004,125.018,125.018,-82.117049,29.18855,stf1c_intpt_part,
1990,5800,"Odessa, TX",48,113672,113672,295.535,295.535,-102.438311,31.86093,stf1c_intpt_part,
1990,5840,"Ogden, UT",49,259147,259147,395.912,395.912,-111.986079,41.157986,stf1c_intpt_part,
1990,5880,"Oklahoma City, OK",40,784425,784425,1675.273,1675.273,-97.4508,35.444842,stf1c_intpt_part,
1990,5910,"Olympia, WA",53,95471,95471,143.417,143.417,-122.859846,47.02835,stf1c_intpt_part,
1990,5920,"Omaha, NE--IA",19,59890,544292,104.608,499.828,-95.860949,41.24215,stf1c_intpt_part,
1990,5920,"Omaha, NE--IA",31,484402,544292,395.22,499.828,-96.016443,41.244353,stf1c_intpt_part,
1990,5960,"Orlando, FL",12,887126,887126,1022.088,1022.088,-81.37024,28.591057,stf1c_intpt_part,
1990,5973,"Oshkosh, WI",55,58935,58935,55.292,55.292,-88.552433,44.0229,stf1c_intpt_part,
1990,5990,"Owensboro, KY",21,60645,60645,58.094,58.094,-87.104507,37.76255,stf1c_intpt_part,
1990,6000,"Oxnard--Ventura, CA",06,480482,480482,406.801,406.801,-119.04087,34.211508,stf1c_intpt_part,
1990,6012,"Palm Springs, CA",06,129025,129025,232.395,232.395,-116.422574,33.77065,stf1c_intpt_part,
1990,6015,"Panama City, FL",12,103667,103667,198.065,198.065,-85.658274,30.1722,stf1c_intpt_part,
1990,6020,"Parkersburg, WV--OH",39,6840,58683,6.927,65.005,-81.58969,39.2794,stf1c_intpt_part,
1990,6020,"Parkersburg, WV--OH",54,51843,58683,58.078,65.005,-81.54005,39.2752,stf1c_intpt_part,
1990,6025,"Pascagoula, MS",28,59386,59386,137.853,137.853,-88.564414,30.408939,stf1c_intpt_part,
1990,6080,"Pensacola, FL",12,253558,253558,402.192,402.192,-87.230366,30.44112,stf1c_intpt_part,
1990,6120,"Peoria, IL",17,242353,242353,334.451,334.451,-89.582269,40.68639,stf1c_intpt_part,
1990,6140,"Petersburg, VA",51,103526,103526,173.087,173.087,-77.379175,37.24391,stf1c_intpt_part,
1990,6160,"Philadelphia, PA--NJ",34,944875,4222211,921.039,3015.294,-74.997245,39.864698,stf1c_intpt_part,
1990,6160,"Philadelphia, PA--NJ",42,3277336,4222211,2094.255,3015.294,-75.248033,40.070647,stf1c_intpt_part,
1990,6200,"Phoenix, AZ",04,2006239,2006239,1919.395,1919.395,-112.004034,33.500606,stf1c_intpt_part,
1990,6240,"Pine Bluff, AR",05,61941,61941,125.986,125.986,-92.029699,34.2208,stf1c_intpt_part,
1990,6282,"Pittsburgh, PA",42,1678745,1678745,2015.209,2015.209,-79.970198,40.46312,stf1c_intpt_part,
1990,6320,"Pittsfield, MA",25,55047,55047,119.021,119.021,-73.252344,42.453,stf1c_intpt_part,
1990,6340,"Pocatello, ID",16,53903,53903,80.393,80.393,-112.467036,42.880771,stf1c_intpt_part,
1990,6377,"Port Arthur, TX",48,109560,109560,203.926,203.926,-93.944981,29.9172,stf1c_intpt_part,
1990,6390,"Port Huron, MI",26,62774,62774,75.8,75.8,-82.460193,42.967899,stf1c_intpt_part,
1990,6400,"Portland, ME",23,120220,120220,190.3,190.3,-70.258023,43.657218,stf1c_intpt_part,
1990,6442,"Portland--Vancouver, OR--WA",41,1004676,1172158,830.664,1004.89,-122.681882,45.496795,stf1c_intpt_part,
1990,6442,"Portland--Vancouver, OR--WA",53,167482,1172158,174.226,1004.89,-122.607547,45.662349,stf1c_intpt_part,
1990,6450,"Portsmouth--Dover--Rochester, NH--ME",23,13512,114960,39.546,323.933,-70.800653,43.153187,stf1c_intpt_part,
1990,6450,"Portsmouth--Dover--Rochester, NH--ME",33,101448,114960,284.387,323.933,-70.90123,43.211125,stf1c_intpt_part,
1990,6454,"Pottstown, PA",42,53371,53371,70.891,70.891,-75.633296,40.259747,stf1c_intpt_part,
1990,6460,"Poughkeepsie, NY",36,148527,148527,230.709,230.709,-73.906389,41.64519,stf1c_intpt_part,
1990,6480,"Providence--Pawtucket, RI--MA",25,93090,846293,163.497,773.555,-71.333249,41.946929,stf1c_intpt_part,
1990,6480,"Providence--Pawtucket, RI--MA",44,753203,846293,610.058,773.555,-71.433402,41.773938,stf1c_intpt_part,
1990,6520,"Provo--Orem, UT",49,220556,220556,257.86,257.86,-111.697947,40.285936,stf1c_intpt_part,
1990,6560,"Pueblo, CO",08,106155,106155,118.619,118.619,-104.610399,38.266667,stf1c_intpt_part,
1990,6580,"Punta Gorda, FL",12,67033,67033,124.634,124.634,-82.073949,26.957171,stf1c_intpt_part,
1990,6600,"Racine, WI",55,121788,121788,100.62,100.62,-87.821548,42.74165,stf1c_intpt_part,
1990,6639,"Raleigh, NC",37,305925,305925,455.709,455.709,-78.683549,35.8048,stf1c_intpt_part,
1990,6660,"Rapid City, SD",46,61124,61124,120.881,120.881,-103.207161,44.076368,stf1c_intpt_part,
1990,6680,"Reading, PA",42,186267,186267,154.882,154.882,-75.932399,40.3364,stf1c_intpt_part,
1990,6690,"Redding, CA",06,78364,78364,159.328,159.328,-122.365963,40.57905,stf1c_intpt_part,
1990,6720,"Reno, NV",32,213747,213747,241.391,241.391,-119.805649,39.5439,stf1c_intpt_part,
1990,6740,"Richland--Kennewick--Pasco, WA",53,116118,116118,251.782,251.782,-119.190042,46.216071,stf1c_intpt_part,
1990,6759,"Richmond, VA",51,589980,589980,783.987,783.987,-77.486477,37.533086,stf1c_intpt_part,
1990,6780,"Riverside--San Bernardino, CA",06,1170196,1170196,1191.625,1191.625,-117.347194,34.016826,stf1c_intpt_part,
1990,6800,"Roanoke, VA",51,178277,178277,237.512,237.512,-79.988591,37.270325,stf1c_intpt_part,
1990,6820,"Rochester, MN",27,73560,73560,83.582,83.582,-92.473957,44.0143,stf1c_intpt_part,
1990,6840,"Rochester, NY",36,619653,619653,569.904,569.904,-77.599175,43.159001,stf1c_intpt_part,
1990,6880,"Rockford, IL",17,207826,207826,235.962,235.962,-89.049649,42.2833,stf1c_intpt_part,
1990,6885,"Rock Hill, SC",45,58757,58757,112.41,112.41,-81.0151,34.95275,stf1c_intpt_part,
1990,6895,"Rocky Mount, NC",37,50870,50870,68.867,68.867,-77.809622,35.96043,stf1c_intpt_part,
1990,6900,"Rome, GA",13,51589,51589,125.551,125.551,-85.184166,34.253433,stf1c_intpt_part,
1990,6911,"Round Lake Beach--McHenry, IL--WI",17,112640,112693,195.757,195.817,-88.143527,42.391805,stf1c_intpt_part,
1990,6911,"Round Lake Beach--McHenry, IL--WI",55,53,112693,0.06,195.817,-88.093629,42.49685,stf1c_intpt_part,
1990,6920,"Sacramento, CA",06,1097005,1097005,864.687,864.687,-121.356725,38.625052,stf1c_intpt_part,
1990,6959,"Saginaw, MI",26,140079,140079,166.892,166.892,-83.967999,43.4256,stf1c_intpt_part,
1990,6980,"St. Cloud, MN",27,74037,74037,74.377,74.377,-94.185075,45.569423,stf1c_intpt_part,
1990,7000,"St. Joseph, MO--KS",20,1100,75395,5.28,121.988,-94.878969,39.753933,stf1c_intpt_part,
1990,7000,"St. Joseph, MO--KS",29,74295,75395,116.708,121.988,-94.821296,39.760957,stf1c_intpt_part,
1990,7040,"St. Louis, MO--IL",17,328299,1946526,494.006,1885.991,-90.043232,38.633137,stf1c_intpt_part,
1990,7040,"St. Louis, MO--IL",29,1618227,1946526,1391.985,1885.991,-90.411895,38.641509,stf1c_intpt_part,
1990,7080,"Salem, OR",41,157079,157079,147.302,147.302,-123.015791,44.937728,stf1c_intpt_part,
1990,7119,"Salinas, CA",06,122225,122225,89.832,89.832,-121.649862,36.732439,stf1c_intpt_part,
1990,7159,"Salt Lake City, UT",49,789447,789447,658.089,658.089,-111.904154,40.670287,stf1c_intpt_part,
1990,7200,"San Angelo, TX",48,85408,85408,127.198,127.198,-100.452424,31.44605,stf1c_intpt_part,
1990,7240,"San Antonio, TX",48,1129154,1129154,1134.507,1134.507,-98.485537,29.472061,stf1c_intpt_part,
1990,7320,"San Diego, CA",06,2348417,2348417,1787.542,1787.542,-117.162554,32.905826,stf1c_intpt_part,
1990,7360,"San Francisco--Oakland, CA",06,3629516,3629516,2263.9,2263.9,-122.284733,37.781563,stf1c_intpt_part,
1990,7400,"San Jose, CA",06,1435019,1435019,876.57,876.57,-121.918807,37.32254,stf1c_intpt_part,
1990,7460,"San Luis Obispo, CA",06,50305,50305,29.902,29.902,-120.67088,35.279477,stf1c_intpt_part,
1990,7479,"Santa Barbara, CA",06,182163,182163,126.382,126.382,-119.709585,34.42515,stf1c_intpt_part,
1990,7485,"Santa Cruz, CA",06,152355,152355,255.588,255.588,-121.994412,37.0095,stf1c_intpt_part,
1990,7490,"Santa Fe, NM",35,63023,63023,105.412,105.412,-105.960874,35.673211,stf1c_intpt_part,
1990,7497,"Santa Maria, CA",06,88989,88989,65.474,65.474,-120.43262,34.915949,stf1c_intpt_part,
1990,7500,"Santa Rosa, CA",06,194560,194560,173.969,173.969,-122.715449,38.453,stf1c_intpt_part,
1990,7511,"Sarasota--Bradenton, FL",12,444385,444385,499.798,499.798,-82.525454,27.321795,stf1c_intpt_part,
1990,7520,"Savannah, GA",13,198630,198630,390.078,390.078,-81.133398,32.039334,stf1c_intpt_part,
1990,7560,"Scranton--Wilkes-Barre, PA",42,388225,388225,521.326,521.326,-75.751632,41.360142,stf1c_intpt_part,
1990,7572,"Seaside--Monterey, CA",06,133188,133188,122.896,122.896,-121.86536,36.611311,stf1c_intpt_part,
1990,7600,"Seattle, WA",53,1744086,1744086,1522.655,1522.655,-122.242096,47.62603,stf1c_intpt_part,
1990,7610,"Sharon, PA--OH",39,6229,52816,12.803,115.749,-80.537924,41.214952,stf1c_intpt_part,
1990,7610,"Sharon, PA--OH",42,46587,52816,102.946,115.749,-80.453744,41.2275,stf1c_intpt_part,
1990,7620,"Sheboygan, WI",55,61012,61012,67.752,67.752,-87.753143,43.7372,stf1c_intpt_part,
1990,7640,"Sherman--Denison, TX",48,55522,55522,163.733,163.733,-96.597474,33.66225,stf1c_intpt_part,
1990,7680,"Shreveport, LA",22,256489,256489,379.316,379.316,-93.765578,32.484312,stf1c_intpt_part,
1990,7702,"Simi Valley, CA",06,128043,128043,121.366,121.366,-118.784737,34.269408,stf1c_intpt_part,
1990,7720,"Sioux City, IA--NE--SD",19,83277,96211,146.418,166.709,-96.3927,42.495851,stf1c_intpt_part,
1990,7720,"Sioux City, IA--NE--SD",31,10915,96211,14.617,166.709,-96.416197,42.461668,stf1c_intpt_part,
1990,7720,"Sioux City, IA--NE--SD",46,2019,96211,5.674,166.709,-96.502023,42.534915,stf1c_intpt_part,
1990,7760,"Sioux Falls, SD",46,100843,100843,116.802,116.802,-96.730633,43.544931,stf1c_intpt_part,
1990,7767,"Slidell, LA",22,54084,54084,79.759,79.759,-89.77658,30.278857,stf1c_intpt_part,
1990,7800,"South Bend--Mishawaka, IN--MI",18,215182,237932,277.17,311.927,-86.202427,41.693711,stf1c_intpt_part,
1990,7800,"South Bend--Mishawaka, IN--MI",26,22750,237932,34.757,311.927,-86.233616,41.828745,stf1c_intpt_part,
1990,7820,"Spartanburg, SC",45,104801,104801,212.42,212.42,-81.936598,34.9659,stf1c_intpt_part,
1990,7840,"Spokane, WA",53,279038,279038,294.194,294.194,-117.352874,47.68445,stf1c_intpt_part,
1990,7880,"Springfield, IL",17,124524,124524,132.99,132.99,-89.644654,39.781433,stf1c_intpt_part,
1990,7920,"Springfield, MO",29,159086,159086,208.921,208.921,-93.293695,37.189806,stf1c_intpt_part,
1990,7960,"Springfield, OH",39,88649,88649,92.232,92.232,-83.801372,39.9316,stf1c_intpt_part,
1990,8000,"Springfield, MA--CT",09,68045,532747,122.499,781.927,-72.579385,41.96583,stf1c_intpt_part,
1990,8000,"Springfield, MA--CT",25,464702,532747,659.428,781.927,-72.629928,42.170257,stf1c_intpt_part,
1990,8020,"Spring Hill, FL",12,52056,52056,100.592,100.592,-82.562054,28.481162,stf1c_intpt_part,
1990,8040,"Stamford, CT--NY",09,187180,187200,205.397,205.443,-73.552414,41.0561,stf1c_intpt_part,
1990,8040,"Stamford, CT--NY",36,20,187200,0.046,205.443,-73.599354,41.160743,stf1c_intpt_part,
1990,8050,"State College, PA",42,61239,61239,52.592,52.592,-77.853041,40.79435,stf1c_intpt_part,
1990,8080,"Steubenville--Weirton, OH--WV--PA",39,38855,69118,59.677,121.122,-80.664014,40.352715,stf1c_intpt_part,
1990,8080,"Steubenville--Weirton, OH--WV--PA",42,392,69118,1.175,121.122,-80.506247,40.40024,stf1c_intpt_part,
1990,8080,"Steubenville--Weirton, OH--WV--PA",54,29871,69118,60.27,121.122,-80.563616,40.38353,stf1c_intpt_part,
1990,8120,"Stockton, CA",06,262046,262046,191.099,191.099,-121.294499,37.9702,stf1c_intpt_part,
1990,8130,"Stuart, FL",12,80069,80069,115.907,115.907,-80.23104,27.229481,stf1c_intpt_part,
1990,8140,"Sumter, SC",45,57632,57632,96.839,96.839,-80.377271,33.931155,stf1c_intpt_part,
1990,8160,"Syracuse, NY",36,388918,388918,346.117,346.117,-76.156219,43.0807,stf1c_intpt_part,
1990,8200,"Tacoma, WA",53,497210,497210,603.043,603.043,-122.435488,47.193104,stf1c_intpt_part,
1990,8240,"Tallahassee, FL",12,155884,155884,230.587,230.587,-84.280969,30.462033,stf1c_intpt_part,
1990,8280,"Tampa--St. Petersburg--Clearwater, FL",12,1708710,1708710,1682.731,1682.731,-82.593722,27.96029,stf1c_intpt_part,
1990,8300,"Taunton, MA",25,58884,58884,154.088,154.088,-71.088459,41.908414,stf1c_intpt_part,
1990,8312,"Temple, TX",48,58710,58710,139.475,139.475,-97.385078,31.0907,stf1c_intpt_part,
1990,8320,"Terre Haute, IN",18,77019,77019,111.435,111.435,-87.380724,39.46805,stf1c_intpt_part,
1990,8360,"Texarkana, TX--Texarkana, AR",05,22776,65086,44.3,119.631,-94.017698,33.449585,stf1c_intpt_part,
1990,8360,"Texarkana, TX--Texarkana, AR",48,42310,65086,75.331,119.631,-94.084849,33.439633,stf1c_intpt_part,
1990,8382,"Texas City, TX",48,128211,128211,320.631,320.631,-95.019258,29.454037,stf1c_intpt_part,
1990,8395,"Titusville, FL",12,51549,51549,107.085,107.085,-80.8332,28.636301,stf1c_intpt_part,
1990,8400,"Toledo, OH--MI",26,18817,489155,41.153,500.899,-83.593942,41.75155,stf1c_intpt_part,
1990,8400,"Toledo, OH--MI",39,470338,489155,459.746,500.899,-83.561971,41.648353,stf1c_intpt_part,
1990,8440,"Topeka, KS",20,132711,132711,178.369,178.369,-95.688074,39.0304,stf1c_intpt_part,
1990,8480,"Trenton, NJ--PA",34,255696,298602,203.038,248.193,-74.727515,40.230886,stf1c_intpt_part,
1990,8480,"Trenton, NJ--PA",42,42906,298602,45.155,248.193,-74.83356,40.230033,stf1c_intpt_part,
1990,8520,"Tucson, AZ",04,579235,579235,638.52,638.52,-110.924974,32.25445,stf1c_intpt_part,
1990,8560,"Tulsa, OK",40,474668,474668,788.308,788.308,-95.912816,36.098551,stf1c_intpt_part,
1990,8600,"Tuscaloosa, AL",01,106428,106428,181.91,181.91,-87.547626,33.233,stf1c_intpt_part,
1990,8640,"Tyler, TX",48,79703,79703,113.52,113.52,-95.303624,32.3294,stf1c_intpt_part,
1990,8680,"Utica--Rome, NY",36,158553,158553,236.884,236.884,-75.360791,43.174924,stf1c_intpt_part,
1990,8694,"Vacaville, CA",06,71535,71535,58.973,58.973,-121.966053,38.362267,stf1c_intpt_part,
1990,8740,"Vero Beach, FL",12,64707,64707,131.429,131.429,-80.395998,27.630583,stf1c_intpt_part,
1990,8750,"Victoria, TX",48,55122,55122,78.1,78.1,-96.982949,28.8242,stf1c_intpt_part,
1990,8760,"Vineland--Millville, NJ",34,94236,94236,330.855,330.855,-75.022163,39.449298,stf1c_intpt_part,
1990,8779,"Visalia, CA",06,83594,83594,71.537,71.537,-119.320718,36.328033,stf1c_intpt_part,
1990,8800,"Waco, TX",48,144372,144372,315.775,315.775,-97.165999,31.5459,stf1c_intpt_part,
1990,8835,"Warner Robins, GA",13,60976,60976,79.801,79.801,-83.633917,32.610978,stf1c_intpt_part,
1990,8840,"Washington, DC--MD--VA",11,606900,3363031,159.055,2446.616,-77.016167,38.90505,stf1c_intpt_part,
1990,8840,"Washington, DC--MD--VA",24,1420999,3363031,1205.345,2446.616,-76.994113,38.98295,stf1c_intpt_part,
1990,8840,"Washington, DC--MD--VA",51,1335132,3363031,1082.216,2446.616,-77.263548,38.821602,stf1c_intpt_part,
1990,8880,"Waterbury, CT",09,175067,175067,189.828,189.828,-73.050509,41.54548,stf1c_intpt_part,
1990,8920,"Waterloo--Cedar Falls, IA",19,108260,108260,254.207,254.207,-92.373851,42.49685,stf1c_intpt_part,
1990,8929,"Watsonville, CA",06,51378,51378,53.105,53.105,-121.75538,36.93525,stf1c_intpt_part,
1990,8940,"Wausau, WI",55,57352,57352,104.379,104.379,-89.632889,44.9311,stf1c_intpt_part,
1990,8960,"West Palm Beach--Boca Raton--Delray Beach, FL",12,794848,794848,793.972,793.972,-80.118572,26.630625,stf1c_intpt_part,
1990,9000,"Wheeling, WV--OH",39,25255,84507,27.951,100.743,-80.757687,40.056749,stf1c_intpt_part,
1990,9000,"Wheeling, WV--OH",54,59252,84507,72.792,100.743,-80.704096,40.040235,stf1c_intpt_part,
1990,9040,"Wichita, KS",20,338789,338789,374.283,374.283,-97.333449,37.68315,stf1c_intpt_part,
1990,9080,"Wichita Falls, TX",48,97151,97151,141.848,141.848,-98.516567,33.89713,stf1c_intpt_part,
1990,9140,"Williamsport, PA",42,57425,57425,59.887,59.887,-77.00337,41.24725,stf1c_intpt_part,
1990,9160,"Wilmington, DE--NJ--MD--PA",10,407962,449616,395.552,486.502,-75.624332,39.71425,stf1c_intpt_part,
1990,9160,"Wilmington, DE--NJ--MD--PA",24,13732,449616,33.059,486.502,-75.819005,39.622408,stf1c_intpt_part,
1990,9160,"Wilmington, DE--NJ--MD--PA",34,26043,449616,52.361,486.502,-75.487962,39.678301,stf1c_intpt_part,
1990,9160,"Wilmington, DE--NJ--MD--PA",42,1879,449616,5.53,486.502,-75.525181,39.843122,stf1c_intpt_part,
1990,9200,"Wilmington, NC",37,101357,101357,216.515,216.515,-77.897142,34.224007,stf1c_intpt_part,
1990,9220,"Winston-Salem, NC",37,185184,185184,312.554,312.554,-80.268252,36.104378,stf1c_intpt_part,
1990,9227,"Winter Haven, FL",12,86427,86427,124.457,124.457,-81.742796,28.032784,stf1c_intpt_part,
1990,9240,"Worcester, MA--CT",09,555,315666,1.227,359.336,-71.841228,42.01448,stf1c_intpt_part,
1990,9240,"Worcester, MA--CT",25,315111,315666,358.109,359.336,-71.774535,42.228633,stf1c_intpt_part,
1990,9260,"Yakima, WA",53,88054,88054,96.918,96.918,-120.518369,46.5996,stf1c_intpt_part,
1990,9280,"York, PA",42,142675,142675,148.037,148.037,-76.714507,39.95655,stf1c_intpt_part,
1990,9320,"Youngstown--Warren, OH",39,361627,361627,433.376,433.376,-80.702824,41.130288,stf1c_intpt_part,
1990,9340,"Yuba City, CA",06,77167,77167,71.729,71.729,-121.602366,39.125496,stf1c_intpt_part,
1990,9360,"Yuma, AZ--CA",04,70523,70955,66.748,68.133,-114.624424,32.68295,stf1c_intpt_part,
1990,9360,"Yuma, AZ--CA",06,432,70955,1.385,68.133,-114.625915,32.736412,stf1c_intpt_part,
2000,02629,"Anniston, AL",01,75840,75840,202.768117,202.768117,-85.84581,33.668702,polygon_reppoint,
2000,04033,"Auburn, AL",01,60137,60137,103.519296,103.519296,-85.446607,32.623233,polygon_reppoint,
2000,07786,"Birmingham, AL",01,663615,663615,1015.530546,1015.530546,-86.940904,33.455863,polygon_reppoint,
2000,19099,"Columbus, GA--AL",01,48955,242324,118.481701,352.642641,-85.065422,32.491415,polygon_x_state_reppoint,
2000,22690,"Decatur, AL",01,52315,52315,73.017844,73.017844,-86.987906,34.563992,polygon_reppoint,
2000,24472,"Dothan, AL",01,60792,60792,138.47893,138.47893,-85.42307,31.241193,polygon_reppoint,
2000,29953,"Florence, AL",01,71299,71299,133.797187,133.797187,-87.67142,34.745989,polygon_reppoint,
2000,32113,"Gadsden, AL",01,61709,61709,154.682246,154.682246,-85.95848,33.97974,polygon_reppoint,
2000,40780,"Huntsville, AL",01,213253,213253,407.157178,407.157178,-86.603023,34.713656,polygon_reppoint,
2000,57925,"Mobile, AL",01,317605,317605,545.900446,545.900446,-88.149402,30.70463,polygon_reppoint,
2000,58600,"Montgomery, AL",01,196892,196892,255.798649,255.798649,-86.258687,32.362738,polygon_reppoint,
2000,68482,"Pensacola, FL--AL",01,1908,323783,3.829551,568.14919,-87.461281,30.403726,polygon_x_state_reppoint,
2000,89110,"Tuscaloosa, AL",01,116888,116888,196.84025,196.84025,-87.512583,33.173164,polygon_reppoint,
2000,02305,"Anchorage, AK",02,225744,225744,204.214975,204.214975,-149.894543,61.163234,polygon_reppoint,
2000,28549,"Fairbanks, AK",02,51926,51926,111.656982,111.656982,-147.754469,64.851382,polygon_reppoint,
2000,04546,"Avondale, AZ",04,67875,67875,76.22671,76.22671,-112.294117,33.484791,polygon_reppoint,
2000,29818,"Flagstaff, AZ",04,57050,57050,84.064794,84.064794,-111.666601,35.181823,polygon_reppoint,
2000,69184,"Phoenix--Mesa, AZ",04,2907049,2907049,2069.418674,2069.418674,-112.077922,33.507324,polygon_reppoint,
2000,72046,"Prescott, AZ",04,61909,61909,100.505868,100.505868,-112.48007,34.56521,polygon_reppoint,
2000,88732,"Tucson, AZ",04,720425,720425,754.608795,754.608795,-110.896434,32.26979,polygon_reppoint,
2000,98020,"Yuma, AZ--CA",04,93855,94950,93.600462,97.134104,-114.624472,32.679271,polygon_x_state_reppoint,
2000,29494,"Fayetteville--Springdale, AR",05,172585,172585,281.812049,281.812049,-94.159437,36.201124,polygon_reppoint,
2000,30925,"Fort Smith, AR--OK",05,104198,106470,139.028902,143.21541,-94.37975,35.35769,polygon_x_state_reppoint,
2000,40213,"Hot Springs, AR",05,51763,51763,117.4271,117.4271,-93.063452,34.486567,polygon_reppoint,
2000,43345,"Jonesboro, AR",05,51804,51804,103.363823,103.363823,-90.691681,35.838836,polygon_reppoint,
2000,50392,"Little Rock, AR",05,360331,360331,532.423462,532.423462,-92.364071,34.710042,polygon_reppoint,
2000,56116,"Memphis, TN--MS--AR",05,37961,972091,41.308477,1035.522536,-90.193492,35.178279,polygon_x_state_reppoint,
2000,69454,"Pine Bluff, AR",05,58584,58584,91.898879,91.898879,-92.022406,34.217817,polygon_reppoint,
2000,87193,"Texarkana, TX--Texarkana, AR",05,23521,72288,42.483216,150.325905,-94.010381,33.447359,polygon_x_state_reppoint,
2000,02683,"Antioch, CA",06,217591,217591,156.121048,156.121048,-121.741169,37.979522,polygon_reppoint,
2000,03574,"Atascadero--El Paso de Robles (Paso Robles), CA",06,54762,54762,79.747822,79.747822,-120.673429,35.629661,polygon_reppoint,
2000,04681,"Bakersfield, CA",06,396125,396125,285.740955,285.740955,-119.056526,35.340491,polygon_reppoint,
2000,12754,"Camarillo, CA",06,62798,62798,55.228642,55.228642,-119.052971,34.243899,polygon_reppoint,
2000,16318,"Chico, CA",06,89221,89221,90.463755,90.463755,-121.841708,39.7491,polygon_reppoint,
2000,19504,"Concord, CA",06,552624,552624,457.017877,457.017877,-121.961576,37.828957,polygon_reppoint,
2000,22420,"Davis, CA",06,66022,66022,35.290113,35.290113,-121.748688,38.558619,polygon_reppoint,
2000,26416,"El Centro, CA",06,52954,52954,42.741615,42.741615,-115.565076,32.785953,polygon_reppoint,
2000,28657,"Fairfield, CA",06,112446,112446,66.86227,66.86227,-122.03363,38.262643,polygon_reppoint,
2000,31843,"Fresno, CA",06,554923,554923,359.030809,359.030809,-119.79008,36.7869,polygon_reppoint,
2000,33328,"Gilroy--Morgan Hill, CA",06,84620,84620,99.185327,99.185327,-121.583706,37.070646,polygon_reppoint,
2000,38215,"Hemet, CA",06,117200,117200,108.290815,108.290815,-116.961787,33.766292,polygon_reppoint,
2000,41347,"Indio--Cathedral City--Palm Springs, CA",06,254856,254856,255.344357,255.344357,-116.347747,33.75517,polygon_reppoint,
2000,47611,"Lancaster--Palmdale, CA",06,263532,263532,234.122253,234.122253,-118.194634,34.629315,polygon_reppoint,
2000,50527,"Livermore, CA",06,75202,75202,54.060803,54.060803,-121.76229,37.676209,polygon_reppoint,
2000,50851,"Lodi, CA",06,83735,83735,60.961956,60.961956,-121.278909,38.136425,polygon_reppoint,
2000,51040,"Lompoc, CA",06,55667,55667,155.667328,155.667328,-120.547245,34.694726,polygon_reppoint,
2000,51445,"Los Angeles--Long Beach--Santa Ana, CA",06,11789487,11789487,4319.930311,4319.930311,-118.186507,33.953371,polygon_reppoint,
2000,52984,"Madera, CA",06,58027,58027,58.572339,58.572339,-120.066673,36.978231,polygon_reppoint,
2000,54145,"Manteca, CA",06,51176,51176,35.247429,35.247429,-121.216953,37.814533,polygon_reppoint,
2000,56251,"Merced, CA",06,110483,110483,93.155694,93.155694,-120.58633,37.347673,polygon_reppoint,
2000,57709,"Mission Viejo, CA",06,533015,533015,354.53333,354.53333,-117.717468,33.552824,polygon_reppoint,
2000,58006,"Modesto, CA",06,310945,310945,222.937057,222.937057,-120.988627,37.683379,polygon_reppoint,
2000,61057,"Napa, CA",06,79867,79867,60.92917,60.92917,-122.303129,38.310586,polygon_reppoint,
2000,66673,"Oxnard, CA",06,337591,337591,196.057094,196.057094,-119.182326,34.283924,polygon_reppoint,
2000,68887,"Petaluma, CA",06,59958,59958,47.840726,47.840726,-122.63685,38.256292,polygon_reppoint,
2000,71074,"Porterville, CA",06,60261,60261,54.639137,54.639137,-119.039679,36.078499,polygon_reppoint,
2000,73774,"Redding, CA",06,105267,105267,182.949567,182.949567,-122.372176,40.617979,polygon_reppoint,
2000,75340,"Riverside--San Bernardino, CA",06,1506816,1506816,1136.422783,1136.422783,-117.472218,33.978814,polygon_reppoint,
2000,77068,"Sacramento, CA",06,1393498,1393498,955.784543,955.784543,-121.299966,38.71903,polygon_reppoint,
2000,78310,"Salinas, CA",06,179173,179173,116.284529,116.284529,-121.634933,36.706963,polygon_reppoint,
2000,78661,"San Diego, CA",06,2674436,2674436,2026.112024,2026.112024,-117.076974,32.802799,polygon_reppoint,
2000,78904,"San Francisco--Oakland, CA",06,2995769,2995769,1107.747057,1107.747057,-122.167107,37.755116,polygon_reppoint,
2000,79039,"San Jose, CA",06,1538312,1538312,673.683711,673.683711,-121.897759,37.294291,polygon_reppoint,
2000,79147,"San Luis Obispo, CA",06,53498,53498,38.415106,38.415106,-120.658964,35.279159,polygon_reppoint,
2000,79228,"San Rafael--Novato, CA",06,232836,232836,256.284325,256.284325,-122.525465,37.9957,polygon_reppoint,
2000,79282,"Santa Barbara, CA",06,196263,196263,154.823889,154.823889,-119.739073,34.424895,polygon_reppoint,
2000,79309,"Santa Clarita, CA",06,170481,170481,140.72195,140.72195,-118.498185,34.419322,polygon_reppoint,
2000,79336,"Santa Cruz, CA",06,157348,157348,142.196828,142.196828,-122.028429,37.041498,polygon_reppoint,
2000,79417,"Santa Maria, CA",06,120297,120297,92.062185,92.062185,-120.488672,35.019457,polygon_reppoint,
2000,79498,"Santa Rosa, CA",06,285408,285408,264.142433,264.142433,-122.72421,38.435261,polygon_reppoint,
2000,80362,"Seaside--Monterey--Marina, CA",06,125503,125503,105.252097,105.252097,-121.793323,36.676958,polygon_reppoint,
2000,82144,"Simi Valley, CA",06,112345,112345,70.123206,70.123206,-118.728792,34.282049,polygon_reppoint,
2000,85087,"Stockton, CA",06,313392,313392,192.41505,192.41505,-121.290619,37.966023,polygon_reppoint,
2000,87004,"Temecula--Murrieta, CA",06,229810,229810,247.585114,247.585114,-117.225249,33.578558,polygon_reppoint,
2000,87490,"Thousand Oaks, CA",06,210990,210990,223.171056,223.171056,-118.832926,34.211346,polygon_reppoint,
2000,88273,"Tracy, CA",06,59020,59020,33.075133,33.075133,-121.434816,37.723951,polygon_reppoint,
2000,89083,"Turlock, CA",06,69507,69507,48.323193,48.323193,-120.8475,37.504824,polygon_reppoint,
2000,89866,"Vacaville, CA",06,90264,90264,65.598046,65.598046,-121.978513,38.36336,polygon_reppoint,
2000,90028,"Vallejo, CA",06,158967,158967,87.939538,87.939538,-122.229266,38.112669,polygon_reppoint,
2000,90541,"Victorville--Hesperia--Apple Valley, CA",06,200436,200436,321.082129,321.082129,-117.293789,34.466448,polygon_reppoint,
2000,90946,"Visalia, CA",06,120044,120044,103.376801,103.376801,-119.276099,36.32449,polygon_reppoint,
2000,92890,"Watsonville, CA",06,66500,66500,49.512247,49.512247,-121.767974,36.930252,polygon_reppoint,
2000,97939,"Yuba City, CA",06,97645,97645,91.599143,91.599143,-121.629973,39.124719,polygon_reppoint,
2000,98020,"Yuma, AZ--CA",06,1095,94950,3.533642,97.134104,-114.629773,32.74046,polygon_x_state_reppoint,
2000,09298,"Boulder, CO",08,112299,112299,85.149359,85.149359,-105.26033,40.027672,polygon_reppoint,
2000,18856,"Colorado Springs, CO",08,466122,466122,511.171483,511.171483,-104.779207,38.854093,polygon_reppoint,
2000,23527,"Denver--Aurora, CO",08,1984887,1984887,1291.905997,1291.905997,-104.964773,39.706476,polygon_reppoint,
2000,30628,"Fort Collins, CO",08,206633,206633,215.968958,215.968958,-104.990845,40.587729,polygon_reppoint,
2000,34273,"Grand Junction, CO",08,92362,92362,145.146525,145.146525,-108.478411,39.099401,polygon_reppoint,
2000,34786,"Greeley, CO",08,93879,93879,87.366525,87.366525,-104.731657,40.40381,polygon_reppoint,
2000,46126,"Lafayette--Louisville, CO",08,60387,60387,81.018203,81.018203,-105.12576,39.989369,polygon_reppoint,
2000,51175,"Longmont, CO",08,72929,72929,58.66503,58.66503,-105.088643,40.165984,polygon_reppoint,
2000,72613,"Pueblo, CO",08,123351,123351,139.07637,139.07637,-104.616719,38.267252,polygon_reppoint,
2000,10162,"Bridgeport--Stamford, CT--NY",09,846174,888890,1168.420233,1205.143502,-73.401458,41.21966,polygon_x_state_reppoint,
2000,22096,"Danbury, CT--NY",09,149724,154455,309.501031,320.05682,-73.493899,41.452196,polygon_x_state_reppoint,
2000,37243,"Hartford, CT",09,851535,851535,1215.591516,1215.591516,-72.573349,41.75634,polygon_reppoint,
2000,62407,"New Haven, CT",09,531314,531314,738.944119,738.944119,-72.861727,41.405697,polygon_reppoint,
2000,63217,"New York--Newark, NY--NJ--CT",09,254,17799861,0.63811,8683.203275,-73.660526,41.128796,polygon_x_state_reppoint,
2000,64135,"Norwich--New London, CT",09,173160,173160,318.660884,318.660884,-71.983592,41.384248,polygon_reppoint,
2000,83926,"Springfield, MA--CT",09,96059,573610,236.347797,800.255409,-72.669964,41.937747,polygon_x_state_reppoint,
2000,92485,"Waterbury, CT",09,189026,189026,253.506573,253.506573,-73.038296,41.52772,polygon_reppoint,
2000,97291,"Worcester, MA--CT",09,11251,429882,23.236296,648.328105,-71.861185,41.928491,polygon_x_state_reppoint,
2000,24580,"Dover, DE",10,65044,65044,112.456448,112.456448,-75.558294,39.036129,polygon_reppoint,
2000,69076,"Philadelphia, PA--NJ--DE--MD",10,464548,5149079,460.905626,4660.716538,-75.70265,39.690184,polygon_x_state_reppoint,
2000,78364,"Salisbury, MD--DE",10,1440,59426,1.434465,111.213775,-75.563102,38.461077,polygon_x_state_reppoint,
2000,92242,"Washington, DC--VA--MD",11,572059,3933920,158.649298,2996.00934,-77.032403,38.926111,polygon_x_state_reppoint,
2000,08974,"Bonita Springs--Naples, FL",12,221251,221251,389.051444,389.051444,-81.712782,26.224533,polygon_reppoint,
2000,10729,"Brooksville, FL",12,102193,102193,216.852581,216.852581,-82.531661,28.488357,polygon_reppoint,
2000,13510,"Cape Coral, FL",12,329757,329757,496.807211,496.807211,-81.864138,26.553744,polygon_reppoint,
2000,22636,"Daytona Beach--Port Orange, FL",12,255353,255353,294.122601,294.122601,-81.045462,29.216708,polygon_reppoint,
2000,23311,"Deltona, FL",12,147713,147713,231.884253,231.884253,-81.241814,28.975768,polygon_reppoint,
2000,31060,"Fort Walton Beach, FL",12,152741,152741,250.033887,250.033887,-86.451647,30.394962,polygon_reppoint,
2000,32167,"Gainesville, FL",12,159508,159508,200.643776,200.643776,-82.36157,29.681093,polygon_reppoint,
2000,42346,"Jacksonville, FL",12,882295,882295,1063.231603,1063.231603,-81.771975,30.290089,polygon_reppoint,
2000,45451,"Kissimmee, FL",12,186667,186667,271.296228,271.296228,-81.414422,28.306355,polygon_reppoint,
2000,45937,"Lady Lake, FL",12,50721,50721,129.445823,129.445823,-81.972593,28.982434,polygon_reppoint,
2000,46828,"Lakeland, FL",12,199487,199487,312.349139,312.349139,-81.936996,28.036458,polygon_reppoint,
2000,48799,"Leesburg--Eustis, FL",12,97497,97497,183.915386,183.915386,-81.798417,28.827602,polygon_reppoint,
2000,56602,"Miami, FL",12,4919036,4919036,2890.668454,2890.668454,-80.199354,26.204065,polygon_reppoint,
2000,63838,"North Port--Punta Gorda, FL",12,122421,122421,231.508151,231.508151,-82.061772,26.972666,polygon_reppoint,
2000,64567,"Ocala, FL",12,106542,106542,230.38568,230.38568,-82.088904,29.16824,polygon_reppoint,
2000,65863,"Orlando, FL",12,1157431,1157431,1173.760455,1173.760455,-81.337253,28.610777,polygon_reppoint,
2000,67105,"Palm Bay--Melbourne, FL",12,393289,393289,569.11116,569.11116,-80.687457,28.207957,polygon_reppoint,
2000,67294,"Panama City, FL",12,132419,132419,263.361932,263.361932,-85.647998,30.216966,polygon_reppoint,
2000,68482,"Pensacola, FL--AL",12,321875,323783,564.319639,568.14919,-87.266852,30.455147,polygon_x_state_reppoint,
2000,71479,"Port St. Lucie, FL",12,270774,270774,437.778242,437.778242,-80.362908,27.321568,polygon_reppoint,
2000,77230,"St. Augustine, FL",12,53519,53519,89.663229,89.663229,-81.337831,29.883352,polygon_reppoint,
2000,79606,"Sarasota--Bradenton, FL",12,559229,559229,700.437829,700.437829,-82.490344,27.258776,polygon_reppoint,
2000,86464,"Tallahassee, FL",12,204260,204260,294.945742,294.945742,-84.262399,30.471298,polygon_reppoint,
2000,86599,"Tampa--St. Petersburg, FL",12,2062339,2062339,2077.87444,2077.87444,-82.49191,28.050847,polygon_reppoint,
2000,87787,"Titusville, FL",12,52922,52922,81.629693,81.629693,-80.835896,28.587626,polygon_reppoint,
2000,90406,"Vero Beach--Sebastian, FL",12,120962,120962,210.98666,210.98666,-80.410598,27.620923,polygon_reppoint,
2000,96697,"Winter Haven, FL",12,153924,153924,269.780707,269.780707,-81.755847,28.054649,polygon_reppoint,
2000,98182,"Zephyrhills, FL",12,53979,53979,106.784775,106.784775,-82.181072,28.261936,polygon_reppoint,
2000,00901,"Albany, GA",13,95450,95450,170.651516,170.651516,-84.203481,31.60566,polygon_reppoint,
2000,03763,"Athens-Clarke County, GA",13,106482,106482,206.060636,206.060636,-83.38813,33.941161,polygon_reppoint,
2000,03817,"Atlanta, GA",13,3499840,3499840,5083.058909,5083.058909,-84.321605,33.756107,polygon_reppoint,
2000,04222,"Augusta-Richmond County, GA--SC",13,250049,335630,404.440508,600.338881,-82.057549,33.45032,polygon_x_state_reppoint,
2000,11026,"Brunswick, GA",13,51653,51653,111.417908,111.417908,-81.480076,31.195653,polygon_reppoint,
2000,15832,"Chattanooga, TN--GA",13,65740,343509,170.975534,751.088622,-85.304913,34.915982,polygon_x_state_reppoint,
2000,19099,"Columbus, GA--AL",13,193369,242324,234.16094,352.642641,-84.931297,32.481341,polygon_x_state_reppoint,
2000,22069,"Dalton, GA",13,57666,57666,140.89588,140.89588,-84.945291,34.813772,polygon_reppoint,
2000,32194,"Gainesville, GA",13,88680,88680,234.049265,234.049265,-83.881646,34.259841,polygon_reppoint,
2000,39133,"Hinesville, GA",13,50360,50360,70.337358,70.337358,-81.606831,31.823102,polygon_reppoint,
2000,52822,"Macon, GA",13,135170,135170,208.571198,208.571198,-83.6906,32.852975,polygon_reppoint,
2000,76204,"Rome, GA",13,58287,58287,105.666296,105.666296,-85.221584,34.274263,polygon_reppoint,
2000,79768,"Savannah, GA",13,208886,208886,265.194217,265.194217,-81.090711,32.024985,polygon_reppoint,
2000,89974,"Valdosta, GA",13,57647,57647,98.233729,98.233729,-83.308513,30.878981,polygon_reppoint,
2000,91783,"Warner Robins, GA",13,90838,90838,209.56345,209.56345,-83.644152,32.598298,polygon_reppoint,
2000,39889,"Honolulu, HI",15,718182,718182,399.179856,399.179856,-157.970886,21.38395,polygon_reppoint,
2000,43669,"Kailua (Honolulu County)--Kaneohe, HI",15,117730,117730,84.474465,84.474465,-157.795042,21.402941,polygon_reppoint,
2000,08785,"Boise City, ID",16,272625,272625,281.484983,281.484983,-116.323454,43.621375,polygon_reppoint,
2000,18451,"Coeur d'Alene, ID",16,74800,74800,109.156799,109.156799,-116.811339,47.723484,polygon_reppoint,
2000,40996,"Idaho Falls, ID",16,66973,66973,80.250877,80.250877,-111.995194,43.489697,polygon_reppoint,
2000,49312,"Lewiston, ID--WA",16,30946,50317,42.652811,73.331927,-117.010634,46.391519,polygon_x_state_reppoint,
2000,60976,"Nampa, ID",16,95909,95909,119.179574,119.179574,-116.488401,43.573804,polygon_reppoint,
2000,70426,"Pocatello, ID",16,62498,62498,77.542296,77.542296,-112.437449,42.877764,polygon_reppoint,
2000,83764,"Spokane, WA--ID",16,57,334858,0.136602,370.509676,-117.039044,47.703969,polygon_x_state_reppoint,
2000,01765,"Alton, IL",17,84655,84655,132.52539,132.52539,-90.130988,38.897973,polygon_reppoint,
2000,06760,"Beloit, WI--IL",17,13956,56462,24.260793,72.140929,-89.057728,42.469125,polygon_x_state_reppoint,
2000,08407,"Bloomington--Normal, IL",17,112415,112415,96.270781,96.270781,-88.971232,40.492186,polygon_reppoint,
2000,15211,"Champaign, IL",17,123938,123938,106.29994,106.29994,-88.282673,40.087946,polygon_reppoint,
2000,16264,"Chicago, IL--IN",17,7754524,8307904,4805.030463,5498.056965,-87.908249,42.045164,polygon_x_state_reppoint,
2000,22204,"Danville, IL",17,53223,53223,80.116338,80.116338,-87.625558,40.08065,polygon_reppoint,
2000,22366,"Davenport, IA--IL",17,138954,270626,189.509243,320.795282,-90.552519,41.516583,polygon_x_state_reppoint,
2000,22717,"Decatur, IL",17,96454,96454,129.887804,129.887804,-88.94284,39.858687,polygon_reppoint,
2000,22960,"DeKalb, IL",17,55805,55805,46.306233,46.306233,-88.732601,41.959247,polygon_reppoint,
2000,24823,"Dubuque, IA--IL",17,2921,65251,5.753436,78.296124,-90.636325,42.493503,polygon_x_state_reppoint,
2000,43885,"Kankakee, IL",17,65073,65073,71.482656,71.482656,-87.863845,41.141282,polygon_reppoint,
2000,68509,"Peoria, IL",17,247172,247172,318.940999,318.940999,-89.612163,40.730514,polygon_reppoint,
2000,75718,"Rockford, IL",17,270414,270414,360.220301,360.220301,-89.01606,42.317594,polygon_reppoint,
2000,76474,"Round Lake Beach--McHenry--Grayslake, IL--WI",17,207062,226848,291.601057,344.855947,-88.073712,42.41073,polygon_x_state_reppoint,
2000,77770,"St. Louis, MO--IL",17,357391,2077662,556.564556,2146.974101,-90.122641,38.718199,polygon_x_state_reppoint,
2000,83899,"Springfield, IL",17,153516,153516,225.602182,225.602182,-89.663437,39.784165,polygon_reppoint,
2000,02386,"Anderson, IN",18,97038,97038,164.059137,164.059137,-85.662565,40.096592,polygon_reppoint,
2000,08380,"Bloomington, IN",18,92456,92456,111.361032,111.361032,-86.522759,39.169511,polygon_reppoint,
2000,16264,"Chicago, IL--IN",18,553380,8307904,693.026502,5498.056965,-87.409011,41.518337,polygon_x_state_reppoint,
2000,16885,"Cincinnati, OH--KY--IN",18,4545,1503262,9.465771,1739.864863,-84.844922,39.171359,polygon_x_state_reppoint,
2000,19126,"Columbus, IN",18,50227,50227,66.989713,66.989713,-85.965754,39.18441,polygon_reppoint,
2000,26794,"Elkhart, IN--MI",18,130866,131226,200.642237,200.706427,-85.99265,41.717883,polygon_x_state_reppoint,
2000,28333,"Evansville, IN--KY",18,185396,211989,238.864905,273.810035,-87.548257,38.016122,polygon_x_state_reppoint,
2000,31087,"Fort Wayne, IN",18,287759,287759,350.30299,350.30299,-85.110013,41.113252,polygon_reppoint,
2000,41212,"Indianapolis, IN",18,1218919,1218919,1432.0576,1432.0576,-86.071409,39.807694,polygon_reppoint,
2000,45694,"Kokomo, IN",18,63739,63739,91.883218,91.883218,-86.151405,40.483241,polygon_reppoint,
2000,46018,"Lafayette, IN",18,125738,125738,141.640673,141.640673,-86.937284,40.459935,polygon_reppoint,
2000,51715,"Louisville, KY--IN",18,122947,863582,187.220258,1013.455139,-85.751143,38.336643,polygon_x_state_reppoint,
2000,56656,"Michigan City, IN--MI",18,65576,66199,83.774687,86.091101,-86.867965,41.703639,polygon_x_state_reppoint,
2000,60625,"Muncie, IN",18,90673,90673,111.352743,111.352743,-85.42291,40.187891,polygon_reppoint,
2000,83116,"South Bend, IN--MI",18,242297,276498,321.800994,403.518129,-86.214202,41.70975,polygon_x_state_reppoint,
2000,87139,"Terre Haute, IN",18,79376,79376,111.984994,111.984994,-87.376011,39.468921,polygon_reppoint,
2000,02062,"Ames, IA",19,50726,50726,40.904598,40.904598,-93.640118,42.031086,polygon_reppoint,
2000,14752,"Cedar Rapids, IA",19,155334,155334,153.663829,153.663829,-91.657246,42.013521,polygon_reppoint,
2000,22366,"Davenport, IA--IL",19,131672,270626,131.286039,320.795282,-90.543334,41.541532,polygon_x_state_reppoint,
2000,23743,"Des Moines, IA",19,370505,370505,363.430498,363.430498,-93.56638,41.619938,polygon_reppoint,
2000,24823,"Dubuque, IA--IL",19,62330,65251,72.542688,78.296124,-90.718477,42.50473,polygon_x_state_reppoint,
2000,41590,"Iowa City, IA",19,85247,85247,92.599642,92.599642,-91.575704,41.688257,polygon_reppoint,
2000,65269,"Omaha, NE--IA",19,63922,626623,76.002765,586.269954,-95.850598,41.250799,polygon_x_state_reppoint,
2000,82225,"Sioux City, IA--NE--SD",19,86756,106119,111.289529,136.68343,-96.353588,42.470129,polygon_x_state_reppoint,
2000,92593,"Waterloo, IA",19,108298,108298,136.632729,136.632729,-92.36173,42.484024,polygon_reppoint,
2000,43912,"Kansas City, MO--KS",20,562451,1361744,605.516939,1513.627048,-94.699574,39.118153,polygon_x_state_reppoint,
2000,48232,"Lawrence, KS",20,79647,79647,58.801723,58.801723,-95.250172,38.954003,polygon_reppoint,
2000,77743,"St. Joseph, MO--KS",20,1022,77231,1.772127,100.160414,-94.878253,39.756494,polygon_x_state_reppoint,
2000,88084,"Topeka, KS",20,142411,142411,181.831961,181.831961,-95.714179,39.00955,polygon_reppoint,
2000,95077,"Wichita, KS",20,422301,422301,464.939329,464.939329,-97.442258,37.651142,polygon_reppoint,
2000,09379,"Bowling Green, KY",21,58314,58314,94.377425,94.377425,-86.458259,36.950304,polygon_reppoint,
2000,16885,"Cincinnati, OH--KY--IN",21,280328,1503262,383.015838,1739.864863,-84.598834,39.001062,polygon_x_state_reppoint,
2000,17317,"Clarksville, TN--KY",21,21281,121775,24.167809,204.23048,-87.446645,36.657851,polygon_x_state_reppoint,
2000,28333,"Evansville, IN--KY",21,26593,211989,34.94513,273.810035,-87.539176,37.912356,polygon_x_state_reppoint,
2000,40753,"Huntington, WV--KY--OH",21,56446,177550,105.527465,276.59524,-82.666595,38.484432,polygon_x_state_reppoint,
2000,49582,"Lexington-Fayette, KY",21,250994,250994,180.129735,180.129735,-84.491703,38.017319,polygon_reppoint,
2000,51715,"Louisville, KY--IN",21,740635,863582,826.234881,1013.455139,-85.720877,38.197113,polygon_x_state_reppoint,
2000,66484,"Owensboro, KY",21,67665,67665,99.782279,99.782279,-87.098618,37.772998,polygon_reppoint,
2000,73180,"Radcliff--Elizabethtown, KY",21,64504,64504,112.680172,112.680172,-85.876345,37.728276,polygon_reppoint,
2000,01279,"Alexandria, LA",22,78504,78504,151.06732,151.06732,-92.479602,31.301354,polygon_reppoint,
2000,05680,"Baton Rouge, LA",22,479019,479019,726.888005,726.888005,-91.085701,30.405668,polygon_reppoint,
2000,40375,"Houma, LA",22,125929,125929,199.197047,199.197047,-90.813529,29.726315,polygon_reppoint,
2000,46045,"Lafayette, LA",22,178079,178079,322.704368,322.704368,-92.049354,30.213268,polygon_reppoint,
2000,46531,"Lake Charles, LA",22,132977,132977,237.362586,237.362586,-93.224794,30.189377,polygon_reppoint,
2000,53794,"Mandeville--Covington, LA",22,62866,62866,120.149233,120.149233,-90.082402,30.393815,polygon_reppoint,
2000,58330,"Monroe, LA",22,113818,113818,203.178692,203.178692,-92.073957,32.506143,polygon_reppoint,
2000,62677,"New Orleans, LA",22,1009283,1009283,512.392656,512.392656,-89.978241,29.952814,polygon_reppoint,
2000,81739,"Shreveport, LA",22,275213,275213,400.576316,400.576316,-93.791469,32.443853,polygon_reppoint,
2000,82468,"Slidell, LA",22,79926,79926,145.490083,145.490083,-89.747116,30.301279,polygon_reppoint,
2000,04951,"Bangor, ME",23,58983,58983,100.302297,100.302297,-68.750628,44.786121,polygon_reppoint,
2000,24607,"Dover--Rochester, NH--ME",23,7393,80456,18.701556,164.506298,-70.813757,43.167577,polygon_x_state_reppoint,
2000,49339,"Lewiston, ME",23,50567,50567,53.459165,53.459165,-70.199596,44.107473,polygon_reppoint,
2000,71263,"Portland, ME",23,188080,188080,320.612664,320.612664,-70.288551,43.714924,polygon_reppoint,
2000,71506,"Portsmouth, NH--ME",23,8929,50912,19.75053,111.161563,-70.749848,43.109912,polygon_x_state_reppoint,
2000,00199,"Aberdeen--Havre de Grace--Bel Air, MD",24,174598,174598,264.318631,264.318631,-76.347758,39.49656,polygon_reppoint,
2000,04843,"Baltimore, MD",24,2076354,2076354,1768.260718,1768.260718,-76.742298,39.240207,polygon_reppoint,
2000,31519,"Frederick, MD",24,119144,119144,203.675756,203.675756,-77.460287,39.400803,polygon_reppoint,
2000,36190,"Hagerstown, MD--WV--PA",24,85342,120326,117.157631,198.696539,-77.712028,39.629946,polygon_x_state_reppoint,
2000,69076,"Philadelphia, PA--NJ--DE--MD",24,22132,5149079,47.622626,4660.716538,-75.847242,39.659271,polygon_x_state_reppoint,
2000,77257,"St. Charles, MD",24,74765,74765,119.654621,119.654621,-76.962108,38.619336,polygon_reppoint,
2000,78364,"Salisbury, MD--DE",24,57986,59426,109.77931,111.213775,-75.575542,38.361046,polygon_x_state_reppoint,
2000,92242,"Washington, DC--VA--MD",24,1572634,3933920,1290.640354,2996.00934,-76.875125,38.983722,polygon_x_state_reppoint,
2000,94294,"Westminster, MD",24,65034,65034,138.384379,138.384379,-76.927484,39.500603,polygon_reppoint,
2000,05167,"Barnstable Town, MA",25,243667,243667,741.127201,741.127201,-70.239473,41.699,polygon_reppoint,
2000,09271,"Boston, MA--NH--RI",25,3935254,4032484,4204.847658,4496.67409,-71.19237,42.344707,polygon_x_state_reppoint,
2000,49096,"Leominster--Fitchburg, MA",25,112943,112943,162.234921,162.234921,-71.754209,42.549289,polygon_reppoint,
2000,61165,"Nashua, NH--MA",25,36,197155,0.176854,356.644085,-71.510387,42.700889,polygon_x_state_reppoint,
2000,61786,"New Bedford, MA",25,146730,146730,161.92494,161.92494,-70.975008,41.661151,polygon_reppoint,
2000,69778,"Pittsfield, MA",25,52772,52772,87.630716,87.630716,-73.23129,42.458756,polygon_reppoint,
2000,72505,"Providence, RI--MA",25,247545,1174548,353.259228,1304.401262,-71.179349,41.758301,polygon_x_state_reppoint,
2000,83926,"Springfield, MA--CT",25,477551,573610,563.907612,800.255409,-72.521639,42.126294,polygon_x_state_reppoint,
2000,97291,"Worcester, MA--CT",25,418631,429882,625.091809,648.328105,-71.78633,42.237692,polygon_x_state_reppoint,
2000,02602,"Ann Arbor, MI",26,283904,283904,333.474294,333.474294,-83.678848,42.245688,polygon_reppoint,
2000,05707,"Battle Creek, MI",26,79135,79135,132.515579,132.515579,-85.165557,42.308941,polygon_reppoint,
2000,05869,"Bay City, MI",26,74048,74048,103.034622,103.034622,-83.90052,43.614272,polygon_reppoint,
2000,07138,"Benton Harbor--St. Joseph, MI",26,61745,61745,117.576016,117.576016,-86.489193,42.052031,polygon_reppoint,
2000,23824,"Detroit, MI",26,3903377,3903377,3267.140877,3267.140877,-83.195523,42.426586,polygon_reppoint,
2000,26794,"Elkhart, IN--MI",26,360,131226,0.06419,200.706427,-85.941534,41.761245,polygon_x_state_reppoint,
2000,29872,"Flint, MI",26,365096,365096,598.579191,598.579191,-83.678897,42.977349,polygon_reppoint,
2000,34300,"Grand Rapids, MI",26,539080,539080,666.544152,666.544152,-85.619273,42.929937,polygon_reppoint,
2000,39430,"Holland, MI",26,91795,91795,123.442409,123.442409,-86.099848,42.802194,polygon_reppoint,
2000,42157,"Jackson, MI",26,88050,88050,133.669255,133.669255,-84.408715,42.259635,polygon_reppoint,
2000,43723,"Kalamazoo, MI",26,187961,187961,279.051079,279.051079,-85.613662,42.221595,polygon_reppoint,
2000,47719,"Lansing, MI",26,300032,300032,354.489122,354.489122,-84.55852,42.735651,polygon_reppoint,
2000,56656,"Michigan City, IN--MI",26,623,66199,2.316414,86.091101,-86.79656,41.769793,polygon_x_state_reppoint,
2000,58357,"Monroe, MI",26,53153,53153,76.645563,76.645563,-83.409196,41.898783,polygon_reppoint,
2000,60841,"Muskegon, MI",26,154729,154729,258.072657,258.072657,-86.245529,43.17748,polygon_reppoint,
2000,71155,"Port Huron, MI",26,86486,86486,143.82503,143.82503,-82.48249,42.960212,polygon_reppoint,
2000,77149,"Saginaw, MI",26,140985,140985,190.998239,190.998239,-84.003094,43.462425,polygon_reppoint,
2000,83116,"South Bend, IN--MI",26,34201,276498,81.717135,403.518129,-86.289287,41.838598,polygon_x_state_reppoint,
2000,83332,"South Lyon--Howell--Brighton, MI",26,106139,106139,246.090796,246.090796,-83.779134,42.533207,polygon_reppoint,
2000,87868,"Toledo, OH--MI",26,27552,503008,64.067801,524.032582,-83.601674,41.762075,polygon_x_state_reppoint,
2000,24850,"Duluth, MN--WI",27,91601,118265,139.086776,171.630641,-92.135272,46.760546,polygon_x_state_reppoint,
2000,29089,"Fargo, ND--MN",27,35900,142477,35.381289,118.638502,-96.753698,46.865876,polygon_x_state_reppoint,
2000,34219,"Grand Forks, ND--MN",27,7344,56573,6.791,43.395946,-97.022787,47.929029,polygon_x_state_reppoint,
2000,45910,"La Crosse, WI--MN",27,5736,89966,9.57681,104.602332,-91.31785,43.832179,polygon_x_state_reppoint,
2000,57628,"Minneapolis--St. Paul, MN",27,2388593,2388593,2316.01556,2316.01556,-93.112524,45.053315,polygon_reppoint,
2000,75637,"Rochester, MN",27,91271,91271,104.271901,104.271901,-92.489338,44.034118,polygon_reppoint,
2000,77338,"St. Cloud, MN",27,91305,91305,102.262394,102.262394,-94.312703,45.564316,polygon_reppoint,
2000,35920,"Gulfport--Biloxi, MS",28,205754,205754,349.414787,349.414787,-89.144757,30.365146,polygon_reppoint,
2000,37594,"Hattiesburg, MS",28,61465,61465,100.953401,100.953401,-89.337307,31.30979,polygon_reppoint,
2000,42211,"Jackson, MS",28,292637,292637,416.576099,416.576099,-90.237367,32.328445,polygon_reppoint,
2000,56116,"Memphis, TN--MS--AR",28,65882,972091,121.901169,1035.522536,-90.034079,34.956516,polygon_x_state_reppoint,
2000,67807,"Pascagoula, MS",28,54190,54190,88.198581,88.198581,-88.637684,30.385717,polygon_reppoint,
2000,18937,"Columbia, MO",29,98779,98779,133.44126,133.44126,-92.346267,38.945998,polygon_reppoint,
2000,42967,"Jefferson City, MO",29,53714,53714,98.835574,98.835574,-92.176516,38.566662,polygon_reppoint,
2000,43399,"Joplin, MO",29,72089,72089,148.416453,148.416453,-94.49207,37.103859,polygon_reppoint,
2000,43912,"Kansas City, MO--KS",29,799293,1361744,908.110109,1513.627048,-94.605247,39.210351,polygon_x_state_reppoint,
2000,48826,"Lee's Summit, MO",29,55285,55285,58.858238,58.858238,-94.359437,38.914441,polygon_reppoint,
2000,77743,"St. Joseph, MO--KS",29,76209,77231,98.388287,100.160414,-94.81399,39.763294,polygon_x_state_reppoint,
2000,77770,"St. Louis, MO--IL",29,1720271,2077662,1590.409545,2146.974101,-90.42063,38.637551,polygon_x_state_reppoint,
2000,83953,"Springfield, MO",29,215004,215004,293.977763,293.977763,-93.286785,37.183634,polygon_reppoint,
2000,07705,"Billings, MT",30,100317,100317,118.539142,118.539142,-108.551372,45.796718,polygon_reppoint,
2000,34759,"Great Falls, MT",30,64387,64387,74.323438,74.323438,-111.321838,47.520429,polygon_reppoint,
2000,57736,"Missoula, MT",30,69491,69491,94.235354,94.235354,-114.046674,46.844525,polygon_reppoint,
2000,49933,"Lincoln, NE",31,226582,226582,202.317676,202.317676,-96.689844,40.806501,polygon_reppoint,
2000,65269,"Omaha, NE--IA",31,562701,626623,510.267189,586.269954,-96.089107,41.237096,polygon_x_state_reppoint,
2000,82225,"Sioux City, IA--NE--SD",31,15828,106119,17.809047,136.68343,-96.412901,42.460145,polygon_x_state_reppoint,
2000,14158,"Carson City, NV",32,58263,58263,72.725732,72.725732,-119.758972,39.117625,polygon_reppoint,
2000,47962,"Las Vegas, NV",32,1314357,1314357,740.498114,740.498114,-115.189985,36.136373,polygon_reppoint,
2000,74179,"Reno, NV",32,303689,303689,307.183724,307.183724,-119.838825,39.526365,polygon_reppoint,
2000,09271,"Boston, MA--NH--RI",33,96114,4032484,289.26632,4496.67409,-71.148195,42.845039,polygon_x_state_reppoint,
2000,24607,"Dover--Rochester, NH--ME",33,73063,80456,145.804742,164.506298,-70.958398,43.279302,polygon_x_state_reppoint,
2000,53740,"Manchester, NH",33,143549,143549,184.043509,184.043509,-71.433533,42.995634,polygon_reppoint,
2000,61165,"Nashua, NH--MA",33,197119,197155,356.467231,356.644085,-71.398272,42.836863,polygon_x_state_reppoint,
2000,71506,"Portsmouth, NH--ME",33,41983,50912,91.411033,111.161563,-70.767695,43.06553,polygon_x_state_reppoint,
2000,01495,"Allentown--Bethlehem, PA--NJ",34,29352,576408,40.651153,749.789616,-75.157012,40.694984,polygon_x_state_reppoint,
2000,03898,"Atlantic City, NJ",34,227180,227180,313.029307,313.029307,-74.558003,39.411296,polygon_reppoint,
2000,38836,"Hightstown, NJ",34,69977,69977,77.48207,77.48207,-74.606408,40.296032,polygon_reppoint,
2000,63217,"New York--Newark, NY--NJ--CT",34,5928765,17799861,4694.445314,8683.203275,-74.492486,40.503755,polygon_x_state_reppoint,
2000,69076,"Philadelphia, PA--NJ--DE--MD",34,1088772,5149079,1261.513603,4660.716538,-75.02709,39.83274,polygon_x_state_reppoint,
2000,88462,"Trenton, NJ",34,268472,268472,238.590688,238.590688,-74.746,40.248609,polygon_reppoint,
2000,90730,"Vineland, NJ",34,88724,88724,159.486566,159.486566,-75.010377,39.490465,polygon_reppoint,
2000,95293,"Wildwood--North Wildwood--Cape May, NJ",34,52550,52550,100.41619,100.41619,-74.914687,39.003323,polygon_reppoint,
2000,01171,"Albuquerque, NM",35,598191,598191,580.018372,580.018372,-106.585839,35.114495,polygon_reppoint,
2000,27253,"El Paso, TX--NM",35,26336,674801,39.062634,567.523899,-106.640092,31.861251,polygon_x_state_reppoint,
2000,29278,"Farmington, NM",35,53294,53294,111.522832,111.522832,-107.988145,36.824525,polygon_reppoint,
2000,47935,"Las Cruces, NM",35,104186,104186,166.107865,166.107865,-106.79,32.299902,polygon_reppoint,
2000,79363,"Santa Fe, NM",35,80337,80337,117.524884,117.524884,-105.971381,35.638903,polygon_reppoint,
2000,00928,"Albany, NY",36,558947,558947,736.206868,736.206868,-73.810046,42.687366,polygon_reppoint,
2000,07732,"Binghamton, NY--PA",36,155611,158884,193.18483,197.899797,-76.053375,42.143313,polygon_x_state_reppoint,
2000,10162,"Bridgeport--Stamford, CT--NY",36,42716,888890,36.723269,1205.143502,-73.696776,41.035434,polygon_x_state_reppoint,
2000,11350,"Buffalo, NY",36,976703,976703,949.73302,949.73302,-78.966303,43.089321,polygon_reppoint,
2000,22096,"Danbury, CT--NY",36,4731,154455,10.555789,320.05682,-73.574147,41.503493,polygon_x_state_reppoint,
2000,27118,"Elmira, NY",36,67159,67159,89.633808,89.633808,-76.839749,42.16967,polygon_reppoint,
2000,33598,"Glens Falls, NY",36,57627,57627,91.547677,91.547677,-73.674633,43.315857,polygon_reppoint,
2000,41914,"Ithaca, NY",36,53528,53528,76.943299,76.943299,-76.478616,42.475392,polygon_reppoint,
2000,45262,"Kingston, NY",36,53458,53458,87.172611,87.172611,-73.961193,42.082025,polygon_reppoint,
2000,56899,"Middletown, NY",36,50071,50071,72.975347,72.975347,-74.388365,41.467219,polygon_reppoint,
2000,63217,"New York--Newark, NY--NJ--CT",36,11870842,17799861,3988.119851,8683.203275,-73.428278,40.758982,polygon_x_state_reppoint,
2000,71803,"Poughkeepsie--Newburgh, NY",36,351982,351982,686.317522,686.317522,-74.063797,41.536543,polygon_reppoint,
2000,75664,"Rochester, NY",36,694396,694396,764.443652,764.443652,-77.546757,43.164613,polygon_reppoint,
2000,79633,"Saratoga Springs, NY",36,51172,51172,95.565622,95.565622,-73.785369,43.074394,polygon_reppoint,
2000,86302,"Syracuse, NY",36,402267,402267,465.316094,465.316094,-76.145106,43.083276,polygon_reppoint,
2000,89785,"Utica, NY",36,113409,113409,142.333804,142.333804,-75.281836,43.061169,polygon_reppoint,
2000,03358,"Asheville, NC",37,221570,221570,535.501801,535.501801,-82.605274,35.577476,polygon_reppoint,
2000,11728,"Burlington, NC",37,94248,94248,167.712087,167.712087,-79.45851,36.082245,polygon_reppoint,
2000,15670,"Charlotte, NC--SC",37,734778,758927,1075.448826,1126.416124,-80.793435,35.198183,polygon_x_state_reppoint,
2000,19558,"Concord, NC",37,115057,115057,236.206805,236.206805,-80.615558,35.479661,polygon_reppoint,
2000,25228,"Durham, NC",37,287796,287796,406.053762,406.053762,-78.870242,35.989185,polygon_reppoint,
2000,29440,"Fayetteville, NC",37,276368,276368,432.856301,432.856301,-78.939095,35.067306,polygon_reppoint,
2000,32653,"Gastonia, NC",37,141407,141407,307.787749,307.787749,-81.169965,35.244186,polygon_reppoint,
2000,33814,"Goldsboro, NC",37,57915,57915,113.288387,113.288387,-77.950618,35.383728,polygon_reppoint,
2000,35164,"Greensboro, NC",37,267884,267884,350.85889,350.85889,-79.827435,36.063576,polygon_reppoint,
2000,35380,"Greenville, NC",37,84059,84059,116.35057,116.35057,-77.35174,35.563902,polygon_reppoint,
2000,38647,"Hickory, NC",37,187808,187808,545.962391,545.962391,-81.514948,35.86233,polygon_reppoint,
2000,38809,"High Point, NC",37,132844,132844,243.599016,243.599016,-80.009242,35.934544,polygon_reppoint,
2000,42400,"Jacksonville, NC",37,95514,95514,166.01352,166.01352,-77.395259,34.745512,polygon_reppoint,
2000,73261,"Raleigh, NC",37,541527,541527,827.79291,827.79291,-78.628123,35.757103,polygon_reppoint,
2000,75988,"Rocky Mount, NC",37,61657,61657,105.65178,105.65178,-77.825702,35.972198,polygon_reppoint,
2000,95833,"Wilmington, NC",37,161149,161149,308.007268,308.007268,-77.892477,34.21175,polygon_reppoint,
2000,96670,"Winston-Salem, NC",37,299290,299290,651.059087,651.059087,-80.293631,36.104642,polygon_reppoint,
2000,07921,"Bismarck, ND",38,74991,74991,87.863738,87.863738,-100.77521,46.811693,polygon_reppoint,
2000,29089,"Fargo, ND--MN",38,106577,142477,83.257213,118.638502,-96.842241,46.857735,polygon_x_state_reppoint,
2000,34219,"Grand Forks, ND--MN",38,49229,56573,36.604946,43.395946,-97.054241,47.901328,polygon_x_state_reppoint,
2000,00766,"Akron, OH",39,570215,570215,797.219468,797.219468,-81.525062,41.040655,polygon_reppoint,
2000,13375,"Canton, OH",39,266595,266595,371.690702,371.690702,-81.410695,40.827308,polygon_reppoint,
2000,16885,"Cincinnati, OH--KY--IN",39,1218389,1503262,1347.383254,1739.864863,-84.520188,39.213874,polygon_x_state_reppoint,
2000,17668,"Cleveland, OH",39,1786647,1786647,1675.72634,1675.72634,-81.527832,41.443908,polygon_reppoint,
2000,19234,"Columbus, OH",39,1133193,1133193,1030.05784,1030.05784,-82.94401,40.013176,polygon_reppoint,
2000,22528,"Dayton, OH",39,703444,703444,838.006357,838.006357,-84.0772,39.803809,polygon_reppoint,
2000,40753,"Huntington, WV--KY--OH",39,32681,177550,46.145893,276.59524,-82.67015,38.5308,polygon_x_state_reppoint,
2000,49852,"Lima, OH",39,74071,74071,119.974473,119.974473,-84.139868,40.729501,polygon_reppoint,
2000,51364,"Lorain--Elyria, OH",39,193586,193586,226.908847,226.908847,-82.117334,41.368954,polygon_reppoint,
2000,54091,"Mansfield, OH",39,79698,79698,131.316445,131.316445,-82.520539,40.743457,polygon_reppoint,
2000,56926,"Middletown, OH",39,94355,94355,124.401036,124.401036,-84.360661,39.5199,polygon_reppoint,
2000,61705,"Newark, OH",39,70001,70001,91.705002,91.705002,-82.441205,40.063065,polygon_reppoint,
2000,67672,"Parkersburg, WV--OH",39,21357,85605,26.000666,130.642396,-81.598234,39.278691,polygon_x_state_reppoint,
2000,78769,"Sandusky, OH",39,50693,50693,75.865252,75.865252,-82.677922,41.429212,polygon_reppoint,
2000,83980,"Springfield, OH",39,89684,89684,113.567884,113.567884,-83.795437,39.93996,polygon_reppoint,
2000,87868,"Toledo, OH--MI",39,475456,503008,459.964781,524.032582,-83.659337,41.6098,polygon_x_state_reppoint,
2000,93592,"Weirton, WV--Steubenville, OH--PA",39,41754,73710,67.918331,130.90588,-80.653423,40.366297,polygon_x_state_reppoint,
2000,94726,"Wheeling, WV--OH",39,31925,87613,57.602394,140.62882,-80.744256,40.004417,polygon_x_state_reppoint,
2000,97831,"Youngstown, OH--PA",39,377549,417437,542.190237,591.22429,-80.687327,41.163665,polygon_x_state_reppoint,
2000,30925,"Fort Smith, AR--OK",40,2272,106470,4.186508,143.21541,-94.441135,35.355399,polygon_x_state_reppoint,
2000,48394,"Lawton, OK",40,89556,89556,142.951216,142.951216,-98.422082,34.621438,polygon_reppoint,
2000,63433,"Norman, OK",40,86478,86478,78.31652,78.31652,-97.451865,35.219283,polygon_reppoint,
2000,65080,"Oklahoma City, OK",40,747003,747003,834.888045,834.888045,-97.573938,35.516858,polygon_reppoint,
2000,88948,"Tulsa, OK",40,558329,558329,677.032189,677.032189,-95.900519,36.120346,polygon_reppoint,
2000,06868,"Bend, OR",41,57525,57525,94.243246,94.243246,-121.293486,44.047718,polygon_reppoint,
2000,20422,"Corvallis, OR",41,58229,58229,75.067938,75.067938,-123.28161,44.5946,polygon_reppoint,
2000,28117,"Eugene, OR",41,224049,224049,177.414506,177.414506,-123.052116,44.064912,polygon_reppoint,
2000,51283,"Longview, WA--OR",41,1615,60443,3.059807,69.57501,-122.947144,46.090286,polygon_x_state_reppoint,
2000,55981,"Medford, OR",41,128780,128780,152.008494,152.008494,-122.82554,42.428337,polygon_reppoint,
2000,71317,"Portland, OR--WA",41,1298697,1583138,947.974253,1227.510314,-122.77596,45.457791,polygon_x_state_reppoint,
2000,78229,"Salem, OR",41,207229,207229,179.27072,179.27072,-123.001085,44.942842,polygon_reppoint,
2000,01495,"Allentown--Bethlehem, PA--NJ",42,547056,576408,709.138463,749.789616,-75.455544,40.592197,polygon_x_state_reppoint,
2000,01792,"Altoona, PA",42,82520,82520,97.308804,97.308804,-78.41894,40.48677,polygon_reppoint,
2000,07732,"Binghamton, NY--PA",42,3273,158884,4.714967,197.899797,-75.744669,41.972034,polygon_x_state_reppoint,
2000,27766,"Erie, PA",42,194804,194804,204.074372,204.074372,-80.100683,42.098756,polygon_reppoint,
2000,36190,"Hagerstown, MD--WV--PA",42,1518,120326,4.257277,198.696539,-77.716943,39.739622,polygon_x_state_reppoint,
2000,37081,"Harrisburg, PA",42,362782,362782,539.724198,539.724198,-76.783653,40.290045,polygon_reppoint,
2000,37945,"Hazleton, PA",42,51746,51746,74.793711,74.793711,-75.996307,40.981594,polygon_reppoint,
2000,43291,"Johnstown, PA",42,76113,76113,110.836461,110.836461,-78.878158,40.282919,polygon_reppoint,
2000,47530,"Lancaster, PA",42,323554,323554,516.519966,516.519966,-76.33853,40.047713,polygon_reppoint,
2000,48664,"Lebanon, PA",42,63681,63681,77.225887,77.225887,-76.428434,40.339456,polygon_reppoint,
2000,58168,"Monessen, PA",42,56508,56508,94.629552,94.629552,-79.921696,40.137168,polygon_reppoint,
2000,69076,"Philadelphia, PA--NJ--DE--MD",42,3573627,5149079,2890.674683,4660.716538,-75.156677,40.146506,polygon_x_state_reppoint,
2000,69697,"Pittsburgh, PA",42,1753136,1753136,2207.696575,2207.696575,-79.935299,40.555291,polygon_reppoint,
2000,71749,"Pottstown, PA",42,73597,73597,142.359541,142.359541,-75.618395,40.310555,polygon_reppoint,
2000,73693,"Reading, PA",42,240264,240264,260.675561,260.675561,-75.975119,40.313242,polygon_reppoint,
2000,80227,"Scranton, PA",42,385237,385237,411.033733,411.033733,-75.750151,41.340629,polygon_reppoint,
2000,84493,"State College, PA",42,71301,71301,55.41654,55.41654,-77.869905,40.802985,polygon_reppoint,
2000,89650,"Uniontown--Connellsville, PA",42,58442,58442,115.537289,115.537289,-79.720395,39.865988,polygon_reppoint,
2000,93592,"Weirton, WV--Steubenville, OH--PA",42,342,73710,1.114655,130.90588,-80.512551,40.402412,polygon_x_state_reppoint,
2000,95455,"Williamsport, PA",42,58693,58693,69.863178,69.863178,-76.985233,41.251036,polygon_reppoint,
2000,97750,"York, PA",42,192903,192903,307.108851,307.108851,-76.743179,39.981229,polygon_reppoint,
2000,97831,"Youngstown, OH--PA",42,39888,417437,49.034053,591.22429,-80.475151,41.230894,polygon_x_state_reppoint,
2000,09271,"Boston, MA--NH--RI",44,1116,4032484,2.560112,4496.67409,-71.411862,41.999595,polygon_x_state_reppoint,
2000,72505,"Providence, RI--MA",44,927003,1174548,951.142034,1304.401262,-71.458295,41.768648,polygon_x_state_reppoint,
2000,02413,"Anderson, SC",45,70436,70436,178.388969,178.388969,-82.642725,34.497067,polygon_reppoint,
2000,04222,"Augusta-Richmond County, GA--SC",45,85581,335630,195.898373,600.338881,-81.938986,33.551643,polygon_x_state_reppoint,
2000,15508,"Charleston--North Charleston, SC",45,423410,423410,598.126799,598.126799,-79.831434,32.837871,polygon_reppoint,
2000,15670,"Charlotte, NC--SC",45,24149,758927,50.967298,1126.416124,-80.942784,35.010088,polygon_x_state_reppoint,
2000,18964,"Columbia, SC",45,420537,420537,696.538009,696.538009,-81.150944,33.951166,polygon_reppoint,
2000,30061,"Florence, SC",45,67314,67314,162.004313,162.004313,-79.800127,34.188704,polygon_reppoint,
2000,35461,"Greenville, SC",45,302194,302194,586.731492,586.731492,-82.36783,34.861925,polygon_reppoint,
2000,55603,"Mauldin--Simpsonville, SC",45,77831,77831,144.664457,144.664457,-82.274951,34.773319,polygon_reppoint,
2000,60895,"Myrtle Beach, SC",45,122984,122984,261.389814,261.389814,-78.938388,33.690714,polygon_reppoint,
2000,75745,"Rock Hill, SC",45,70007,70007,158.464481,158.464481,-81.029715,34.947285,polygon_reppoint,
2000,83548,"Spartanburg, SC",45,145058,145058,356.131799,356.131799,-81.937446,34.979574,polygon_reppoint,
2000,85708,"Sumter, SC",45,64320,64320,115.730472,115.730472,-80.374802,33.921415,polygon_reppoint,
2000,73396,"Rapid City, SD",46,66780,66780,78.706891,78.706891,-103.249761,44.078776,polygon_reppoint,
2000,82225,"Sioux City, IA--NE--SD",46,3535,106119,7.584854,136.68343,-96.487631,42.493718,polygon_x_state_reppoint,
2000,82252,"Sioux Falls, SD",46,124269,124269,118.232975,118.232975,-96.728972,43.541111,polygon_reppoint,
2000,10351,"Bristol, TN--Bristol, VA",47,38500,58472,94.175232,132.297242,-82.181159,36.533786,polygon_x_state_reppoint,
2000,15832,"Chattanooga, TN--GA",47,277769,343509,580.113088,751.088622,-85.230305,35.179752,polygon_x_state_reppoint,
2000,17317,"Clarksville, TN--KY",47,100494,121775,180.062671,204.23048,-87.398427,36.561239,polygon_x_state_reppoint,
2000,17722,"Cleveland, TN",47,58192,58192,124.931604,124.931604,-84.856435,35.174402,polygon_reppoint,
2000,42265,"Jackson, TN",47,65086,65086,100.418474,100.418474,-88.841966,35.664318,polygon_reppoint,
2000,43210,"Johnson City, TN",47,102456,102456,235.493543,235.493543,-82.204492,36.346857,polygon_reppoint,
2000,45235,"Kingsport, TN--VA",47,93989,95766,249.05539,253.7867,-82.511137,36.547517,polygon_x_state_reppoint,
2000,45640,"Knoxville, TN",47,419830,419830,879.260396,879.260396,-84.031514,35.95599,polygon_reppoint,
2000,56116,"Memphis, TN--MS--AR",47,868248,972091,872.31289,1035.522536,-89.901071,35.18089,polygon_x_state_reppoint,
2000,59410,"Morristown, TN",47,54368,54368,117.593145,117.593145,-83.394598,36.18817,polygon_reppoint,
2000,60733,"Murfreesboro, TN",47,135855,135855,228.782219,228.782219,-86.397836,35.84277,polygon_reppoint,
2000,61273,"Nashville-Davidson, TN",47,749935,749935,1115.688349,1115.688349,-86.716711,36.082659,polygon_reppoint,
2000,00280,"Abilene, TX",48,107041,107041,123.183306,123.183306,-99.746916,32.436725,polygon_reppoint,
2000,01927,"Amarillo, TX",48,179312,179312,191.869273,191.869273,-101.851916,35.212503,polygon_reppoint,
2000,04384,"Austin, TX",48,901920,901920,823.944485,823.944485,-97.788715,30.219608,polygon_reppoint,
2000,06058,"Beaumont, TX",48,139304,139304,210.896368,210.896368,-93.993149,30.139891,polygon_reppoint,
2000,10972,"Brownsville, TX",48,165776,165776,148.489175,148.489175,-97.465877,25.945784,polygon_reppoint,
2000,18748,"College Station--Bryan, TX",48,132500,132500,127.288843,127.288843,-96.345319,30.636198,polygon_reppoint,
2000,20287,"Corpus Christi, TX",48,293925,293925,285.650962,285.650962,-97.390036,27.718112,polygon_reppoint,
2000,22042,"Dallas--Fort Worth--Arlington, TX",48,4145659,4145659,3644.217906,3644.217906,-97.023423,32.812379,polygon_reppoint,
2000,23500,"Denton--Lewisville, TX",48,299823,299823,314.875939,314.875939,-97.039408,33.007475,polygon_reppoint,
2000,27253,"El Paso, TX--NM",48,648465,674801,528.461265,567.523899,-106.384374,31.768211,polygon_x_state_reppoint,
2000,32491,"Galveston, TX",48,54770,54770,31.329844,31.329844,-94.81618,29.286937,polygon_reppoint,
2000,36892,"Harlingen, TX",48,110770,110770,153.145586,153.145586,-97.752861,26.176144,polygon_reppoint,
2000,40429,"Houston, TX",48,3822509,3822509,3354.721332,3354.721332,-95.470599,29.748478,polygon_reppoint,
2000,44992,"Killeen, TX",48,167976,167976,165.957328,165.957328,-97.719699,31.10565,polygon_reppoint,
2000,46801,"Lake Jackson--Angleton, TX",48,73416,73416,87.604879,87.604879,-95.432562,29.033344,polygon_reppoint,
2000,47854,"Laredo, TX",48,175586,175586,110.110429,110.110429,-99.491373,27.522133,polygon_reppoint,
2000,51256,"Longview, TX",48,78070,78070,131.073251,131.073251,-94.746673,32.506598,polygon_reppoint,
2000,51877,"Lubbock, TX",48,202225,202225,192.988298,192.988298,-101.905237,33.555135,polygon_reppoint,
2000,52390,"McAllen, TX",48,523144,523144,812.821746,812.821746,-98.26924,26.237069,polygon_reppoint,
2000,52687,"McKinney, TX",48,54525,54525,70.254693,70.254693,-96.653947,33.183226,polygon_reppoint,
2000,57007,"Midland, TX",48,99221,99221,117.232622,117.232622,-102.099721,31.994872,polygon_reppoint,
2000,64864,"Odessa, TX",48,111395,111395,137.939905,137.939905,-102.365309,31.872919,polygon_reppoint,
2000,70993,"Port Arthur, TX",48,114656,114656,118.772004,118.772004,-93.90991,29.933864,polygon_reppoint,
2000,78553,"San Angelo, TX",48,87969,87969,118.121322,118.121322,-100.448781,31.464266,polygon_reppoint,
2000,78580,"San Antonio, TX",48,1327554,1327554,1055.573512,1055.573512,-98.50793,29.495446,polygon_reppoint,
2000,81631,"Sherman, TX",48,56168,56168,82.559038,82.559038,-96.566041,33.6866,polygon_reppoint,
2000,87058,"Temple, TX",48,71937,71937,107.081814,107.081814,-97.373688,31.095557,polygon_reppoint,
2000,87193,"Texarkana, TX--Texarkana, AR",48,48767,72288,107.842689,150.325905,-94.086819,33.436675,polygon_x_state_reppoint,
2000,87220,"Texas City, TX",48,96417,96417,151.66809,151.66809,-94.990045,29.369819,polygon_reppoint,
2000,87328,"The Woodlands, TX",48,89445,89445,107.987273,107.987273,-95.481036,30.162191,polygon_reppoint,
2000,89326,"Tyler, TX",48,101494,101494,148.817811,148.817811,-95.284625,32.327784,polygon_reppoint,
2000,90514,"Victoria, TX",48,61529,61529,132.117043,132.117043,-96.951521,28.843916,polygon_reppoint,
2000,91027,"Waco, TX",48,153198,153198,180.614619,180.614619,-97.147332,31.568316,polygon_reppoint,
2000,95104,"Wichita Falls, TX",48,99396,99396,134.519373,134.519373,-98.50608,33.917606,polygon_reppoint,
2000,50959,"Logan, UT",49,76187,76187,99.345628,99.345628,-111.822173,41.737166,polygon_reppoint,
2000,64945,"Ogden--Layton, UT",49,417933,417933,466.339337,466.339337,-111.990364,41.090897,polygon_reppoint,
2000,72559,"Provo--Orem, UT",49,303680,303680,220.151208,220.151208,-111.679683,40.293653,polygon_reppoint,
2000,77446,"St. George, UT",49,62630,62630,87.055332,87.055332,-113.529969,37.112707,polygon_reppoint,
2000,78499,"Salt Lake City, UT",49,887650,887650,597.565978,597.565978,-111.935452,40.650696,polygon_reppoint,
2000,11755,"Burlington, VT",50,105365,105365,160.145032,160.145032,-73.185184,44.448485,polygon_reppoint,
2000,08002,"Blacksburg, VA",51,57236,57236,68.162796,68.162796,-80.418883,37.21877,polygon_reppoint,
2000,10351,"Bristol, TN--Bristol, VA",51,19972,58472,38.12201,132.297242,-82.170937,36.62667,polygon_x_state_reppoint,
2000,15724,"Charlottesville, VA",51,81449,81449,97.040676,97.040676,-78.470326,38.076434,polygon_reppoint,
2000,22258,"Danville, VA",51,50902,50902,84.442806,84.442806,-79.416873,36.566431,polygon_reppoint,
2000,31600,"Fredericksburg, VA",51,97102,97102,169.265629,169.265629,-77.507371,38.270488,polygon_reppoint,
2000,37162,"Harrisonburg, VA",51,52647,52647,69.133451,69.133451,-78.867788,38.435037,polygon_reppoint,
2000,45235,"Kingsport, TN--VA",51,1777,95766,4.73131,253.7867,-82.598535,36.615499,polygon_x_state_reppoint,
2000,52201,"Lynchburg, VA",51,98714,98714,192.964087,192.964087,-79.211583,37.376306,polygon_reppoint,
2000,74746,"Richmond, VA",51,818836,818836,1131.193512,1131.193512,-77.465606,37.578193,polygon_reppoint,
2000,75421,"Roanoke, VA",51,197442,197442,290.009284,290.009284,-79.970239,37.280383,polygon_reppoint,
2000,90892,"Virginia Beach, VA",51,1394439,1394439,1364.40988,1364.40988,-76.432768,37.101228,polygon_reppoint,
2000,92242,"Washington, DC--VA--MD",51,1789227,3933920,1546.719688,2996.00934,-77.289046,38.900539,polygon_x_state_reppoint,
2000,96103,"Winchester, VA",51,53559,53559,85.823094,85.823094,-78.135608,39.172583,polygon_reppoint,
2000,06652,"Bellingham, WA",53,84324,84324,91.902409,91.902409,-122.471305,48.73149,polygon_reppoint,
2000,09946,"Bremerton, WA",53,178369,178369,304.329012,304.329012,-122.622677,47.590811,polygon_reppoint,
2000,44479,"Kennewick--Richland, WA",53,153851,153851,219.548009,219.548009,-119.143394,46.240307,polygon_reppoint,
2000,49312,"Lewiston, ID--WA",53,19371,50317,30.679116,73.331927,-117.077542,46.378549,polygon_x_state_reppoint,
2000,51283,"Longview, WA--OR",53,58828,60443,66.515203,69.57501,-122.965113,46.152617,polygon_x_state_reppoint,
2000,55333,"Marysville, WA",53,114372,114372,190.479446,190.479446,-122.16294,48.05549,polygon_reppoint,
2000,60490,"Mount Vernon, WA",53,51174,51174,82.166032,82.166032,-122.357433,48.46914,polygon_reppoint,
2000,65242,"Olympia--Lacey, WA",53,143826,143826,238.146619,238.146619,-122.817372,47.04147,polygon_reppoint,
2000,71317,"Portland, OR--WA",53,284441,1583138,279.536061,1227.510314,-122.598155,45.664623,polygon_x_state_reppoint,
2000,80389,"Seattle, WA",53,2712205,2712205,2469.881137,2469.881137,-122.239126,47.499132,polygon_reppoint,
2000,83764,"Spokane, WA--ID",53,334801,334858,370.373074,370.509676,-117.412599,47.641097,polygon_x_state_reppoint,
2000,93862,"Wenatchee, WA",53,55425,55425,68.985534,68.985534,-120.329113,47.420906,polygon_reppoint,
2000,97507,"Yakima, WA",53,112816,112816,130.42037,130.42037,-120.550466,46.566148,polygon_reppoint,
2000,15481,"Charleston, WV",54,182991,182991,293.693897,293.693897,-81.799538,38.437387,polygon_reppoint,
2000,36190,"Hagerstown, MD--WV--PA",54,33466,120326,77.281631,198.696539,-77.957838,39.468432,polygon_x_state_reppoint,
2000,40753,"Huntington, WV--KY--OH",54,88423,177550,124.921882,276.59524,-82.534219,38.390693,polygon_x_state_reppoint,
2000,59275,"Morgantown, WV",54,55997,55997,88.403985,88.403985,-79.90595,39.638439,polygon_reppoint,
2000,67672,"Parkersburg, WV--OH",54,64248,85605,104.64173,130.642396,-81.531365,39.299778,polygon_x_state_reppoint,
2000,93592,"Weirton, WV--Steubenville, OH--PA",54,31614,73710,61.872894,130.90588,-80.565266,40.410381,polygon_x_state_reppoint,
2000,94726,"Wheeling, WV--OH",54,55688,87613,83.026426,140.62882,-80.72846,40.017673,polygon_x_state_reppoint,
2000,02764,"Appleton, WI",55,187683,187683,189.183839,189.183839,-88.29513,44.289887,polygon_reppoint,
2000,06760,"Beloit, WI--IL",55,42506,56462,47.880136,72.140929,-89.006389,42.535314,polygon_x_state_reppoint,
2000,24850,"Duluth, MN--WI",55,26664,118265,32.543865,171.630641,-92.09483,46.70899,polygon_x_state_reppoint,
2000,26038,"Eau Claire, WI",55,91393,91393,148.909675,148.909675,-91.458515,44.794393,polygon_reppoint,
2000,30223,"Fond du Lac, WI",55,50058,50058,52.730983,52.730983,-88.442539,43.793104,polygon_reppoint,
2000,34813,"Green Bay, WI",55,187316,187316,212.675847,212.675847,-88.070455,44.543713,polygon_reppoint,
2000,42562,"Janesville, WI",55,66034,66034,76.018307,76.018307,-88.997984,42.712634,polygon_reppoint,
2000,44506,"Kenosha, WI",55,110942,110942,109.167137,109.167137,-87.863181,42.584369,polygon_reppoint,
2000,45910,"La Crosse, WI--MN",55,84230,89966,95.025522,104.602332,-91.300952,43.977958,polygon_x_state_reppoint,
2000,53200,"Madison, WI",55,329533,329533,295.044727,295.044727,-89.239187,43.189929,polygon_reppoint,
2000,57466,"Milwaukee, WI",55,1308913,1308913,1261.441179,1261.441179,-88.168669,43.050809,polygon_reppoint,
2000,66160,"Oshkosh, WI",55,71070,71070,68.813473,68.813473,-88.574761,44.01195,polygon_reppoint,
2000,73153,"Racine, WI",55,129545,129545,118.766011,118.766011,-87.842259,42.743206,polygon_reppoint,
2000,76474,"Round Lake Beach--McHenry--Grayslake, IL--WI",55,19786,226848,53.25489,344.855947,-88.155305,42.53569,polygon_x_state_reppoint,
2000,81118,"Sheboygan, WI",55,68600,68600,66.716493,66.716493,-87.816638,43.731944,polygon_reppoint,
2000,93025,"Wausau, WI",55,68221,68221,96.735017,96.735017,-89.593123,44.904016,polygon_reppoint,
2000,14482,"Casper, WY",56,57719,57719,67.656704,67.656704,-106.319623,42.827269,polygon_reppoint,
2000,16237,"Cheyenne, WY",56,68202,68202,87.69126,87.69126,-104.78967,41.13438,polygon_reppoint,
2000,36163,"Hagatna, GU",66,132241,132241,185.60095,185.60095,144.783239,13.46238,polygon_reppoint,
2000,78040,"Saipan, MP",69,61695,61695,76.163606,76.163606,145.746669,15.176837,polygon_reppoint,
2000,00631,"Aguadilla--Isabela--San Sebastian, PR",72,299086,299086,620.399071,620.399071,-67.099136,18.373432,polygon_reppoint,
2000,03034,"Arecibo, PR",72,145643,145643,235.106401,235.106401,-66.587335,18.481291,polygon_reppoint,
2000,28981,"Fajardo, PR",72,78595,78595,112.019098,112.019098,-65.641315,18.294046,polygon_reppoint,
2000,30115,"Florida--Barceloneta--Bajadero, PR",72,68811,68811,127.968868,127.968868,-66.600849,18.407695,polygon_reppoint,
2000,35866,"Guayama, PR",72,77755,77755,104.669161,104.669161,-66.060341,17.985377,polygon_reppoint,
2000,43453,"Juana Diaz, PR",72,54835,54835,81.75547,81.75547,-66.509106,18.087459,polygon_reppoint,
2000,55738,"Mayaguez, PR",72,119350,119350,156.225286,156.225286,-67.118807,18.185855,polygon_reppoint,
2000,70642,"Ponce, PR",72,195037,195037,150.188672,150.188672,-66.642202,18.034821,polygon_reppoint,
2000,78985,"San German--Cabo Rojo--Sabana Grande, PR",72,112939,112939,233.799127,233.799127,-66.990492,18.084849,polygon_reppoint,
2000,79093,"San Juan, PR",72,2216616,2216616,2309.422361,2309.422361,-66.31365,18.23833,polygon_reppoint,
2000,97561,"Yauco, PR",72,108024,108024,165.483899,165.483899,-66.82583,18.039386,polygon_reppoint,
2010,02629,"Anniston--Oxford, AL",01,79796,79796,224.731051,224.731051,-85.828795,33.664398,gazetteer_intpt,
2010,04033,"Auburn, AL",01,74741,74741,129.261694,129.261694,-85.443932,32.614294,gazetteer_intpt,
2010,07786,"Birmingham, AL",01,749495,749495,1372.424115,1372.424115,-86.791975,33.469106,gazetteer_intpt,
2010,19099,"Columbus, GA--AL",01,61264,253602,133.651349,380.849589,-85.018007,32.461406,polygon_x_state_reppoint,
2010,22285,"Daphne--Fairhope, AL",01,57383,57383,143.085068,143.085068,-87.837227,30.597318,gazetteer_intpt,
2010,22690,"Decatur, AL",01,70436,70436,150.964905,150.964905,-87.001129,34.559441,gazetteer_intpt,
2010,24472,"Dothan, AL",01,68781,68781,143.746685,143.746685,-85.425301,31.22612,gazetteer_intpt,
2010,29953,"Florence, AL",01,77074,77074,160.947434,160.947434,-87.67247,34.746933,gazetteer_intpt,
2010,32113,"Gadsden, AL",01,64172,64172,186.576743,186.576743,-86.013753,33.982171,gazetteer_intpt,
2010,40780,"Huntsville, AL",01,286692,286692,543.269972,543.269972,-86.639233,34.741669,gazetteer_intpt,
2010,57925,"Mobile, AL",01,326183,326183,576.933846,576.933846,-88.163449,30.667393,gazetteer_intpt,
2010,58600,"Montgomery, AL",01,263907,263907,397.762819,397.762819,-86.297468,32.400042,gazetteer_intpt,
2010,68482,"Pensacola, FL--AL",01,6266,340067,20.534452,602.495263,-87.571843,30.288566,polygon_x_state_reppoint,
2010,89110,"Tuscaloosa, AL",01,139114,139114,231.842934,231.842934,-87.538932,33.206409,gazetteer_intpt,
2010,02305,"Anchorage, AK",02,251243,251243,220.101413,220.101413,-149.847155,61.167898,gazetteer_intpt,
2010,28549,"Fairbanks, AK",02,64513,64513,142.765014,142.765014,-147.711366,64.846292,gazetteer_intpt,
2010,04549,"Avondale--Goodyear, AZ",04,197041,197041,227.705132,227.705132,-112.399026,33.472717,gazetteer_intpt,
2010,14401,"Casa Grande, AZ",04,51331,51331,57.668369,57.668369,-111.739572,32.908121,gazetteer_intpt,
2010,29818,"Flagstaff, AZ",04,71957,71957,90.199563,90.199563,-111.624792,35.203032,gazetteer_intpt,
2010,46747,"Lake Havasu City, AZ",04,53427,53427,76.512992,76.512992,-114.315847,34.495931,gazetteer_intpt,
2010,69184,"Phoenix--Mesa, AZ",04,3629114,3629114,2969.60218,2969.60218,-111.970041,33.494067,gazetteer_intpt,
2010,72112,"Prescott Valley--Prescott, AZ",04,84744,84744,132.047936,132.047936,-112.464724,34.556292,gazetteer_intpt,
2010,81901,"Sierra Vista, AZ",04,52745,52745,78.423935,78.423935,-110.285492,31.535568,gazetteer_intpt,
2010,88732,"Tucson, AZ",04,843168,843168,915.465491,915.465491,-110.946141,32.254891,gazetteer_intpt,
2010,98020,"Yuma, AZ--CA",04,134256,135267,148.991238,152.330995,-114.618111,32.679929,polygon_x_state_reppoint,
2010,19801,"Conway, AR",05,65277,65277,102.818442,102.818442,-92.43724,35.067613,gazetteer_intpt,
2010,29494,"Fayetteville--Springdale--Rogers, AR--MO",05,295081,295083,485.579359,486.227209,-94.122668,36.457424,polygon_x_state_reppoint,
2010,30925,"Fort Smith, AR--OK",05,120714,122947,177.989375,183.291657,-94.397994,35.382472,polygon_x_state_reppoint,
2010,40213,"Hot Springs, AR",05,55121,55121,116.350853,116.350853,-93.078752,34.471443,gazetteer_intpt,
2010,43345,"Jonesboro, AR",05,65419,65419,121.592147,121.592147,-90.686041,35.831646,gazetteer_intpt,
2010,50392,"Little Rock, AR",05,431388,431388,669.022281,669.022281,-92.321221,34.756564,gazetteer_intpt,
2010,56116,"Memphis, TN--MS--AR",05,40270,1060061,59.349028,1288.022457,-90.199164,35.184087,polygon_x_state_reppoint,
2010,69454,"Pine Bluff, AR",05,53495,53495,96.299959,96.299959,-92.038554,34.218662,gazetteer_intpt,
2010,87193,"Texarkana--Texarkana, TX--AR",05,26072,78162,52.195545,166.80782,-94.018001,33.439093,polygon_x_state_reppoint,
2010,02683,"Antioch, CA",06,277634,277634,210.723258,210.723258,-121.78212,37.991687,gazetteer_intpt,
2010,03196,"Arroyo Grande--Grover Beach, CA",06,52000,52000,59.618233,59.618233,-120.607531,35.119408,gazetteer_intpt,
2010,04681,"Bakersfield, CA",06,523994,523994,358.555119,358.555119,-119.030559,35.362282,gazetteer_intpt,
2010,12754,"Camarillo, CA",06,71772,71772,56.968456,56.968456,-119.034717,34.231343,gazetteer_intpt,
2010,16318,"Chico, CA",06,98176,98176,89.120274,89.120274,-121.843748,39.750248,gazetteer_intpt,
2010,19504,"Concord, CA",06,615968,615968,527.710827,527.710827,-122.017105,37.848003,gazetteer_intpt,
2010,22420,"Davis, CA",06,72794,72794,36.561739,36.561739,-121.738186,38.553373,gazetteer_intpt,
2010,22987,"Delano, CA",06,54372,54372,25.684847,25.684847,-119.265874,35.773324,gazetteer_intpt,
2010,26416,"El Centro--Calexico, CA",06,107672,107672,77.688228,77.688228,-115.546349,32.769055,gazetteer_intpt,
2010,27261,"El Paso de Robles (Paso Robles)--Atascadero, CA",06,65088,65088,81.440798,81.440798,-120.633813,35.453503,gazetteer_intpt,
2010,28657,"Fairfield, CA",06,133683,133683,102.208547,102.208547,-122.036061,38.259143,gazetteer_intpt,
2010,31843,"Fresno, CA",06,654628,654628,443.623746,443.623746,-119.761114,36.787755,gazetteer_intpt,
2010,33328,"Gilroy--Morgan Hill, CA",06,98413,98413,117.688246,117.688246,-121.609942,37.080866,gazetteer_intpt,
2010,36703,"Hanford, CA",06,87941,87941,71.854752,71.854752,-119.639307,36.346251,gazetteer_intpt,
2010,38215,"Hemet, CA",06,163379,163379,127.156829,127.156829,-116.979374,33.753011,gazetteer_intpt,
2010,41347,"Indio--Cathedral City, CA",06,345580,345580,372.41769,372.41769,-116.346207,33.748475,gazetteer_intpt,
2010,47611,"Lancaster--Palmdale, CA",06,341219,341219,299.145981,299.145981,-118.094761,34.619832,gazetteer_intpt,
2010,50527,"Livermore, CA",06,81624,81624,63.377833,63.377833,-121.755683,37.68507,gazetteer_intpt,
2010,50851,"Lodi, CA",06,68738,68738,41.207495,41.207495,-121.275459,38.138811,gazetteer_intpt,
2010,51040,"Lompoc, CA",06,51509,51509,27.702409,27.702409,-120.462052,34.662566,gazetteer_intpt,
2010,51445,"Los Angeles--Long Beach--Anaheim, CA",06,12150996,12150996,4496.266014,4496.266014,-118.104332,33.982668,gazetteer_intpt,
2010,52984,"Madera, CA",06,78413,78413,57.994263,57.994263,-120.06383,36.971733,gazetteer_intpt,
2010,54145,"Manteca, CA",06,83578,83578,56.548708,56.548708,-121.204757,37.786464,gazetteer_intpt,
2010,56251,"Merced, CA",06,136969,136969,123.108189,123.108189,-120.525712,37.330955,gazetteer_intpt,
2010,57709,"Mission Viejo--Lake Forest--San Clemente, CA",06,583681,583681,389.861615,389.861615,-117.657239,33.558042,gazetteer_intpt,
2010,58006,"Modesto, CA",06,358172,358172,237.964402,237.964402,-120.965861,37.674451,gazetteer_intpt,
2010,60799,"Murrieta--Temecula--Menifee, CA",06,441546,441546,418.862938,418.862938,-117.230253,33.63797,gazetteer_intpt,
2010,61057,"Napa, CA",06,83913,83913,66.872371,66.872371,-122.290782,38.295818,gazetteer_intpt,
2010,66673,"Oxnard, CA",06,367260,367260,218.554654,218.554654,-119.204029,34.251073,gazetteer_intpt,
2010,68887,"Petaluma, CA",06,64078,64078,55.180733,55.180733,-122.645589,38.251579,gazetteer_intpt,
2010,71074,"Porterville, CA",06,70272,70272,53.132104,53.132104,-119.031662,36.074032,gazetteer_intpt,
2010,73774,"Redding, CA",06,117731,117731,184.041834,184.041834,-122.363221,40.579617,gazetteer_intpt,
2010,74179,"Reno, NV--CA",06,9,392141,0.018398,425.74921,-120.002614,39.50363,polygon_x_state_reppoint,
2010,75340,"Riverside--San Bernardino, CA",06,1932666,1932666,1411.456231,1411.456231,-117.341956,33.985004,gazetteer_intpt,
2010,77068,"Sacramento, CA",06,1723634,1723634,1219.827292,1219.827292,-121.324669,38.638578,gazetteer_intpt,
2010,78310,"Salinas, CA",06,184809,184809,126.771595,126.771595,-121.66399,36.705002,gazetteer_intpt,
2010,78661,"San Diego, CA",06,2956746,2956746,1896.936256,1896.936256,-117.128799,32.928728,gazetteer_intpt,
2010,78904,"San Francisco--Oakland, CA",06,3281212,3281212,1356.171095,1356.171095,-122.128542,37.690191,gazetteer_intpt,
2010,79039,"San Jose, CA",06,1664496,1664496,740.693828,740.693828,-121.945145,37.329845,gazetteer_intpt,
2010,79147,"San Luis Obispo, CA",06,59219,59219,52.871483,52.871483,-120.665546,35.279183,gazetteer_intpt,
2010,79282,"Santa Barbara, CA",06,195861,195861,144.647994,144.647994,-119.724102,34.42747,gazetteer_intpt,
2010,79309,"Santa Clarita, CA",06,258653,258653,198.729334,198.729334,-118.521858,34.429887,gazetteer_intpt,
2010,79336,"Santa Cruz, CA",06,163703,163703,151.130218,151.130218,-121.99896,37.052331,gazetteer_intpt,
2010,79417,"Santa Maria, CA",06,130447,130447,75.438971,75.438971,-120.438878,34.911814,gazetteer_intpt,
2010,79498,"Santa Rosa, CA",06,308231,308231,253.792769,253.792769,-122.740631,38.444378,gazetteer_intpt,
2010,80362,"Seaside--Monterey, CA",06,114237,114237,100.21784,100.21784,-121.843762,36.615585,gazetteer_intpt,
2010,82144,"Simi Valley, CA",06,125206,125206,81.407696,81.407696,-118.746872,34.269707,gazetteer_intpt,
2010,85087,"Stockton, CA",06,370583,370583,239.632615,239.632615,-121.287516,37.961908,gazetteer_intpt,
2010,87490,"Thousand Oaks, CA",06,214811,214811,221.766341,221.766341,-118.860558,34.195619,gazetteer_intpt,
2010,88273,"Tracy, CA",06,87569,87569,57.643799,57.643799,-121.434051,37.729504,gazetteer_intpt,
2010,89083,"Turlock, CA",06,99904,99904,66.795061,66.795061,-120.859718,37.496481,gazetteer_intpt,
2010,89866,"Vacaville, CA",06,93141,93141,70.989514,70.989514,-121.967724,38.364178,gazetteer_intpt,
2010,90028,"Vallejo, CA",06,165074,165074,108.808038,108.808038,-122.212096,38.10948,gazetteer_intpt,
2010,90541,"Victorville--Hesperia, CA",06,328454,328454,432.083781,432.083781,-117.310824,34.476883,gazetteer_intpt,
2010,90946,"Visalia, CA",06,219454,219454,164.291961,164.291961,-119.300277,36.292581,gazetteer_intpt,
2010,92890,"Watsonville, CA",06,73534,73534,59.155386,59.155386,-121.772779,36.937939,gazetteer_intpt,
2010,96994,"Woodland, CA",06,55513,55513,31.593905,31.593905,-121.761641,38.673293,gazetteer_intpt,
2010,97939,"Yuba City, CA",06,116719,116719,100.123895,100.123895,-121.608318,39.122927,gazetteer_intpt,
2010,98020,"Yuma, AZ--CA",06,1011,135267,3.339757,152.330995,-114.605342,32.742908,polygon_x_state_reppoint,
2010,09298,"Boulder, CO",08,114591,114591,84.139802,84.139802,-105.23905,40.027135,gazetteer_intpt,
2010,18856,"Colorado Springs, CO",08,559409,559409,486.49326,486.49326,-104.770602,38.872965,gazetteer_intpt,
2010,23527,"Denver--Aurora, CO",08,2374203,2374203,1729.988718,1729.988718,-104.955096,39.710774,gazetteer_intpt,
2010,30628,"Fort Collins, CO",08,264465,264465,284.02454,284.02454,-105.058836,40.499545,gazetteer_intpt,
2010,34273,"Grand Junction, CO",08,128124,128124,204.086143,204.086143,-108.567342,39.089093,gazetteer_intpt,
2010,34786,"Greeley, CO",08,117825,117825,106.792744,106.792744,-104.731568,40.404427,gazetteer_intpt,
2010,46126,"Lafayette--Louisville--Erie, CO",08,79407,79407,102.387944,102.387944,-105.103876,39.99069,gazetteer_intpt,
2010,51175,"Longmont, CO",08,90897,90897,67.9289,67.9289,-105.099006,40.169842,gazetteer_intpt,
2010,72613,"Pueblo, CO",08,136550,136550,192.206845,192.206845,-104.640778,38.278429,gazetteer_intpt,
2010,10162,"Bridgeport--Stamford, CT--NY",09,877630,923311,1173.077961,1207.483169,-73.173822,41.274344,polygon_x_state_reppoint,
2010,22096,"Danbury, CT--NY",09,161323,168136,324.393088,340.995175,-73.403173,41.483056,polygon_x_state_reppoint,
2010,37243,"Hartford, CT",09,924859,924859,1337.06959,1337.06959,-72.69883,41.740122,gazetteer_intpt,
2010,62407,"New Haven, CT",09,562839,562839,792.818068,792.818068,-72.903346,41.323002,gazetteer_intpt,
2010,63217,"New York--Newark, NY--NJ--CT",09,114,18351295,0.149116,8935.98136,-73.637784,41.139952,polygon_x_state_reppoint,
2010,64135,"Norwich--New London, CT--RI",09,188041,209190,352.743073,393.654664,-72.094446,41.451562,polygon_x_state_reppoint,
2010,83926,"Springfield, MA--CT",09,89711,621300,202.891048,902.757017,-72.552712,41.946653,polygon_x_state_reppoint,
2010,92485,"Waterbury, CT",09,194535,194535,233.763613,233.763613,-73.039574,41.549044,gazetteer_intpt,
2010,97291,"Worcester, MA--CT",09,32928,486514,83.658481,787.645247,-71.893966,41.85996,polygon_x_state_reppoint,
2010,24580,"Dover, DE",10,110769,110769,191.73498,191.73498,-75.543831,39.147328,gazetteer_intpt,
2010,69076,"Philadelphia, PA--NJ--DE--MD",10,481625,5441567,494.659246,5131.721516,-75.671843,39.666283,polygon_x_state_reppoint,
2010,78364,"Salisbury, MD--DE",10,24588,98081,54.185153,183.109755,-75.581889,38.666066,polygon_x_state_reppoint,
2010,92242,"Washington, DC--VA--MD",11,601723,4586770,158.11468,3423.26115,-76.987565,38.893264,polygon_x_state_reppoint,
2010,08974,"Bonita Springs, FL",12,310298,310298,484.223262,484.223262,-81.744876,26.210606,gazetteer_intpt,
2010,13510,"Cape Coral, FL",12,530290,530290,855.498753,855.498753,-81.842109,26.602515,gazetteer_intpt,
2010,23311,"Deltona, FL",12,182169,182169,249.828736,249.828736,-81.260581,28.992618,gazetteer_intpt,
2010,31060,"Fort Walton Beach--Navarre--Wright, FL",12,191917,191917,312.113191,312.113191,-86.669601,30.432391,gazetteer_intpt,
2010,32167,"Gainesville, FL",12,187781,187781,225.430522,225.430522,-82.371039,29.656816,gazetteer_intpt,
2010,39758,"Homosassa Springs--Beverly Hills--Citrus Springs, FL",12,80962,80962,234.293607,234.293607,-82.430749,28.886829,gazetteer_intpt,
2010,42346,"Jacksonville, FL",12,1065219,1065219,1373.615003,1373.615003,-81.642722,30.240149,gazetteer_intpt,
2010,45451,"Kissimmee, FL",12,314071,314071,409.912328,409.912328,-81.380966,28.294782,gazetteer_intpt,
2010,45937,"Lady Lake--The Villages, FL",12,112991,112991,184.069162,184.069162,-81.993526,28.962134,gazetteer_intpt,
2010,46828,"Lakeland, FL",12,262596,262596,378.185289,378.185289,-81.955881,28.020979,gazetteer_intpt,
2010,48799,"Leesburg--Eustis--Tavares, FL",12,131337,131337,244.552738,244.552738,-81.775838,28.816725,gazetteer_intpt,
2010,56602,"Miami, FL",12,5502379,5502379,3207.994271,3207.994271,-80.231428,26.175616,gazetteer_intpt,
2010,63838,"North Port--Port Charlotte, FL",12,169541,169541,308.063292,308.063292,-82.123843,27.006513,gazetteer_intpt,
2010,64567,"Ocala, FL",12,156909,156909,290.3029,290.3029,-82.13258,29.154938,gazetteer_intpt,
2010,65863,"Orlando, FL",12,1510516,1510516,1548.012602,1548.012602,-81.41117,28.584406,gazetteer_intpt,
2010,67105,"Palm Bay--Melbourne, FL",12,452791,452791,600.82107,600.82107,-80.67466,28.188173,gazetteer_intpt,
2010,67134,"Palm Coast--Daytona Beach--Port Orange, FL",12,349064,349064,464.496045,464.496045,-81.073077,29.259897,gazetteer_intpt,
2010,67294,"Panama City, FL",12,143280,143280,238.044652,238.044652,-85.677271,30.194089,gazetteer_intpt,
2010,68482,"Pensacola, FL--AL",12,333801,340067,581.960811,602.495263,-87.251278,30.486312,polygon_x_state_reppoint,
2010,71479,"Port St. Lucie, FL",12,376047,376047,538.965142,538.965142,-80.302952,27.264481,gazetteer_intpt,
2010,77230,"St. Augustine, FL",12,69173,69173,111.522906,111.522906,-81.317397,29.865752,gazetteer_intpt,
2010,79606,"Sarasota--Bradenton, FL",12,643260,643260,846.114192,846.114192,-82.475257,27.303534,gazetteer_intpt,
2010,80400,"Sebastian--Vero Beach South--Florida Ridge, FL",12,149422,149422,250.327416,250.327416,-80.422527,27.663455,gazetteer_intpt,
2010,80416,"Sebring--Avon Park, FL",12,61625,61625,119.581009,119.581009,-81.497229,27.580561,gazetteer_intpt,
2010,84024,"Spring Hill, FL",12,148220,148220,297.790447,297.790447,-82.523756,28.488678,gazetteer_intpt,
2010,86464,"Tallahassee, FL",12,240223,240223,327.624728,327.624728,-84.268853,30.473181,gazetteer_intpt,
2010,86599,"Tampa--St. Petersburg, FL",12,2441770,2441770,2478.587543,2478.587543,-82.5141,28.006248,gazetteer_intpt,
2010,87787,"Titusville, FL",12,54386,54386,77.878653,77.878653,-80.838133,28.609023,gazetteer_intpt,
2010,96697,"Winter Haven, FL",12,201289,201289,348.003481,348.003481,-81.703779,28.043985,gazetteer_intpt,
2010,98182,"Zephyrhills, FL",12,66609,66609,112.650971,112.650971,-82.199122,28.285371,gazetteer_intpt,
2010,00901,"Albany, GA",13,95779,95779,183.486824,183.486824,-84.168827,31.591097,gazetteer_intpt,
2010,03763,"Athens-Clarke County, GA",13,128754,128754,254.841198,254.841198,-83.398271,33.942069,gazetteer_intpt,
2010,03817,"Atlanta, GA",13,4515419,4515419,6851.428985,6851.428985,-84.331858,33.824102,gazetteer_intpt,
2010,04222,"Augusta-Richmond County, GA--SC",13,283283,386787,439.503187,672.162059,-82.022142,33.458748,polygon_x_state_reppoint,
2010,11026,"Brunswick, GA",13,51024,51024,112.357237,112.357237,-81.504818,31.214895,gazetteer_intpt,
2010,14185,"Cartersville, GA",13,52477,52477,131.056548,131.056548,-84.828245,34.19247,gazetteer_intpt,
2010,15832,"Chattanooga, TN--GA",13,78364,381112,191.947418,777.338402,-85.136945,34.915155,polygon_x_state_reppoint,
2010,19099,"Columbus, GA--AL",13,192338,253602,247.19824,380.849589,-84.934045,32.462694,polygon_x_state_reppoint,
2010,22069,"Dalton, GA",13,85239,85239,209.331616,209.331616,-84.938839,34.79276,gazetteer_intpt,
2010,32194,"Gainesville, GA",13,130846,130846,327.037233,327.037233,-83.855501,34.2625,gazetteer_intpt,
2010,39133,"Hinesville, GA",13,51456,51456,80.658367,80.658367,-81.617173,31.823468,gazetteer_intpt,
2010,52822,"Macon, GA",13,137570,137570,253.854243,253.854243,-83.670808,32.833366,gazetteer_intpt,
2010,76204,"Rome, GA",13,60851,60851,123.454432,123.454432,-85.174736,34.256159,gazetteer_intpt,
2010,79768,"Savannah, GA",13,260677,260677,428.626255,428.626255,-81.151747,32.04484,gazetteer_intpt,
2010,89974,"Valdosta, GA",13,77085,77085,144.297681,144.297681,-83.295826,30.875651,gazetteer_intpt,
2010,91783,"Warner Robins, GA",13,133109,133109,260.588564,260.588564,-83.668193,32.580442,gazetteer_intpt,
2010,43615,"Kahului, HI",15,55934,55934,43.194012,43.194012,-156.479744,20.884614,gazetteer_intpt,
2010,43669,"Kailua (Honolulu County)--Kaneohe, HI",15,113682,113682,101.10198,101.10198,-157.77217,21.387634,gazetteer_intpt,
2010,89770,"Urban Honolulu, HI",15,802459,802459,440.739747,440.739747,-157.939756,21.364556,gazetteer_intpt,
2010,08785,"Boise City, ID",16,349684,349684,346.614209,346.614209,-116.292336,43.617235,gazetteer_intpt,
2010,18451,"Coeur d'Alene, ID",16,98378,98378,122.348737,122.348737,-116.763683,47.70665,gazetteer_intpt,
2010,40996,"Idaho Falls, ID",16,90733,90733,115.276968,115.276968,-112.00085,43.495177,gazetteer_intpt,
2010,49312,"Lewiston, ID--WA",16,31740,51924,41.971733,73.09284,-117.011279,46.394505,polygon_x_state_reppoint,
2010,60976,"Nampa, ID",16,151499,151499,179.733584,179.733584,-116.610339,43.615843,gazetteer_intpt,
2010,70426,"Pocatello, ID",16,69809,69809,80.31275,80.31275,-112.446821,42.883282,gazetteer_intpt,
2010,01765,"Alton, IL--MO",17,83811,83890,141.592935,141.949966,-90.162192,38.899573,polygon_x_state_reppoint,
2010,06760,"Beloit, WI--IL",17,18712,63835,31.223455,88.964592,-89.039732,42.463015,polygon_x_state_reppoint,
2010,08407,"Bloomington--Normal, IL",17,132600,132600,127.410911,127.410911,-88.978753,40.493927,gazetteer_intpt,
2010,13537,"Cape Girardeau, MO--IL",17,309,52900,1.188522,90.729812,-89.497086,37.299335,polygon_x_state_reppoint,
2010,13591,"Carbondale, IL",17,67821,67821,126.068034,126.068034,-89.065603,37.748873,gazetteer_intpt,
2010,15211,"Champaign, IL",17,145361,145361,121.467169,121.467169,-88.24774,40.098548,gazetteer_intpt,
2010,16264,"Chicago, IL--IN",17,8018716,8608208,5496.596224,6326.686332,-87.927969,41.938837,polygon_x_state_reppoint,
2010,22204,"Danville, IL",17,50996,50996,77.200813,77.200813,-87.633063,40.11879,gazetteer_intpt,
2010,22366,"Davenport, IA--IL",17,137150,280051,190.238088,358.006564,-90.491503,41.481173,polygon_x_state_reppoint,
2010,22717,"Decatur, IL",17,93863,93863,153.326154,153.326154,-88.937174,39.845729,gazetteer_intpt,
2010,22960,"DeKalb, IL",17,68545,68545,66.787373,66.787373,-88.726242,41.954681,gazetteer_intpt,
2010,24823,"Dubuque, IA--IL",17,3051,67818,9.022068,87.51594,-90.623299,42.487804,polygon_x_state_reppoint,
2010,43885,"Kankakee, IL",17,81926,81926,96.247065,96.247065,-87.862319,41.150152,gazetteer_intpt,
2010,44506,"Kenosha, WI--IL",17,4,124064,0.004853,132.625178,-87.886213,42.493409,polygon_x_state_reppoint,
2010,68509,"Peoria, IL",17,266921,266921,371.693706,371.693706,-89.585277,40.701811,gazetteer_intpt,
2010,75718,"Rockford, IL",17,296863,296863,396.304044,396.304044,-89.010805,42.295097,gazetteer_intpt,
2010,76474,"Round Lake Beach--McHenry--Grayslake, IL--WI",17,259811,290373,340.69319,395.232476,-88.177903,42.397543,polygon_x_state_reppoint,
2010,77770,"St. Louis, MO--IL",17,372895,2150706,623.972346,2392.205874,-90.083894,38.61709,polygon_x_state_reppoint,
2010,83899,"Springfield, IL",17,161316,161316,239.148873,239.148873,-89.642412,39.786626,gazetteer_intpt,
2010,02386,"Anderson, IN",18,88133,88133,171.100448,171.100448,-85.679807,40.089827,gazetteer_intpt,
2010,08380,"Bloomington, IN",18,108657,108657,116.026934,116.026934,-86.548361,39.162873,gazetteer_intpt,
2010,16264,"Chicago, IL--IN",18,589492,8608208,830.090108,6326.686332,-87.401459,41.518436,polygon_x_state_reppoint,
2010,16885,"Cincinnati, OH--KY--IN",18,10225,1624827,27.220201,2040.237609,-84.856816,39.195611,polygon_x_state_reppoint,
2010,19126,"Columbus, IN",18,54933,54933,70.579075,70.579075,-85.920718,39.231561,gazetteer_intpt,
2010,26794,"Elkhart, IN--MI",18,142692,143592,234.233443,237.926775,-85.928479,41.624005,polygon_x_state_reppoint,
2010,28333,"Evansville, IN--KY",18,200768,229351,271.643349,307.803957,-87.546484,38.023961,polygon_x_state_reppoint,
2010,31087,"Fort Wayne, IN",18,313492,313492,445.815649,445.815649,-85.138898,41.100389,gazetteer_intpt,
2010,41212,"Indianapolis, IN",18,1487483,1487483,1827.862774,1827.862774,-86.145521,39.811262,gazetteer_intpt,
2010,45694,"Kokomo, IN",18,62182,62182,93.923829,93.923829,-86.143851,40.464469,gazetteer_intpt,
2010,46018,"Lafayette, IN",18,147725,147725,166.04004,166.04004,-86.885007,40.427209,gazetteer_intpt,
2010,51755,"Louisville/Jefferson County, KY--IN",18,140180,972546,243.143003,1234.70054,-85.780938,38.36624,polygon_x_state_reppoint,
2010,56656,"Michigan City--La Porte, IN--MI",18,65430,66025,98.82038,100.901039,-86.886534,41.713338,polygon_x_state_reppoint,
2010,60625,"Muncie, IN",18,90580,90580,120.868107,120.868107,-85.403847,40.197161,gazetteer_intpt,
2010,83116,"South Bend, IN--MI",18,241870,278165,331.609858,417.195945,-86.222198,41.669198,polygon_x_state_reppoint,
2010,87139,"Terre Haute, IN",18,92742,92742,138.434878,138.434878,-87.374197,39.514587,gazetteer_intpt,
2010,02062,"Ames, IA",19,60438,60438,60.165324,60.165324,-93.633771,42.031532,gazetteer_intpt,
2010,14752,"Cedar Rapids, IA",19,177844,177844,216.136838,216.136838,-91.663308,41.998597,gazetteer_intpt,
2010,22366,"Davenport, IA--IL",19,142901,280051,167.768476,358.006564,-90.481989,41.578152,polygon_x_state_reppoint,
2010,23743,"Des Moines, IA",19,450070,450070,519.530161,519.530161,-93.656127,41.619352,gazetteer_intpt,
2010,24823,"Dubuque, IA--IL",19,64767,67818,78.493872,87.51594,-90.708932,42.507867,polygon_x_state_reppoint,
2010,41590,"Iowa City, IA",19,106621,106621,118.041717,118.041717,-91.558531,41.68132,gazetteer_intpt,
2010,65269,"Omaha, NE--IA",19,68546,725008,87.350379,702.425101,-95.866895,41.247966,polygon_x_state_reppoint,
2010,82225,"Sioux City, IA--NE--SD",19,84359,106494,98.466255,140.818781,-96.358151,42.480897,polygon_x_state_reppoint,
2010,92593,"Waterloo, IA",19,113418,113418,161.179329,161.179329,-92.384177,42.495926,gazetteer_intpt,
2010,43912,"Kansas City, MO--KS",20,663508,1519417,720.615605,1755.587807,-94.69404,38.98085,polygon_x_state_reppoint,
2010,48232,"Lawrence, KS",20,88053,88053,78.847501,78.847501,-95.259337,38.955611,gazetteer_intpt,
2010,53848,"Manhattan, KS",20,54622,54622,53.648246,53.648246,-96.592549,39.193681,gazetteer_intpt,
2010,77743,"St. Joseph, MO--KS",20,2368,81176,8.392063,108.380649,-94.935725,39.757486,polygon_x_state_reppoint,
2010,88084,"Topeka, KS",20,150003,150003,206.127818,206.127818,-95.692459,39.04168,gazetteer_intpt,
2010,95077,"Wichita, KS",20,472870,472870,556.175274,556.175274,-97.327301,37.67958,gazetteer_intpt,
2010,09379,"Bowling Green, KY",21,78306,78306,117.592884,117.592884,-86.439165,36.955691,gazetteer_intpt,
2010,16885,"Cincinnati, OH--KY--IN",21,328060,1624827,448.074517,2040.237609,-84.603672,38.987868,polygon_x_state_reppoint,
2010,17317,"Clarksville, TN--KY",21,20346,158655,34.921323,283.776315,-87.481594,36.664422,polygon_x_state_reppoint,
2010,26750,"Elizabethtown--Radcliff, KY",21,73467,73467,147.521282,147.521282,-85.92103,37.788405,gazetteer_intpt,
2010,28333,"Evansville, IN--KY",21,28583,229351,36.160608,307.803957,-87.584913,37.841583,polygon_x_state_reppoint,
2010,40753,"Huntington, WV--KY--OH",21,56594,202637,117.225696,337.578027,-82.655018,38.4692,polygon_x_state_reppoint,
2010,49582,"Lexington-Fayette, KY",21,290263,290263,226.721515,226.721515,-84.495346,38.023468,gazetteer_intpt,
2010,51755,"Louisville/Jefferson County, KY--IN",21,832366,972546,991.557537,1234.70054,-85.70049,38.198046,polygon_x_state_reppoint,
2010,66484,"Owensboro, KY",21,70543,70543,87.585926,87.585926,-87.100522,37.761226,gazetteer_intpt,
2010,01279,"Alexandria, LA",22,82804,82804,169.751977,169.751977,-92.506129,31.260637,gazetteer_intpt,
2010,05680,"Baton Rouge, LA",22,594309,594309,949.993185,949.993185,-91.038912,30.427885,gazetteer_intpt,
2010,36514,"Hammond, LA",22,67629,67629,198.479707,198.479707,-90.481625,30.49271,gazetteer_intpt,
2010,40375,"Houma, LA",22,144875,144875,236.809219,236.809219,-90.754108,29.66959,gazetteer_intpt,
2010,46045,"Lafayette, LA",22,252720,252720,462.643367,462.643367,-92.013554,30.166177,gazetteer_intpt,
2010,46531,"Lake Charles, LA",22,143440,143440,327.697961,327.697961,-93.25584,30.244735,gazetteer_intpt,
2010,53794,"Mandeville--Covington, LA",22,88925,88925,169.891915,169.891915,-90.106617,30.433732,gazetteer_intpt,
2010,58330,"Monroe, LA",22,116533,116533,212.228535,212.228535,-92.117116,32.521063,gazetteer_intpt,
2010,62677,"New Orleans, LA",22,899703,899703,651.105206,651.105206,-90.143683,29.954653,gazetteer_intpt,
2010,81739,"Shreveport, LA",22,298317,298317,479.745451,479.745451,-93.756212,32.486367,gazetteer_intpt,
2010,82468,"Slidell, LA",22,91151,91151,151.785576,151.785576,-89.791275,30.294417,gazetteer_intpt,
2010,04951,"Bangor, ME",23,61210,61210,110.091842,110.091842,-68.748807,44.834066,gazetteer_intpt,
2010,24607,"Dover--Rochester, NH--ME",23,7825,88087,19.405548,172.03965,-70.796081,43.231635,polygon_x_state_reppoint,
2010,49339,"Lewiston, ME",23,59397,59397,91.68076,91.68076,-70.183498,44.08194,gazetteer_intpt,
2010,71263,"Portland, ME",23,203914,203914,351.999048,351.999048,-70.322222,43.663754,gazetteer_intpt,
2010,71506,"Portsmouth, NH--ME",23,15791,88200,43.238291,240.020714,-70.763949,43.105188,polygon_x_state_reppoint,
2010,00199,"Aberdeen--Bel Air South--Bel Air North, MD",24,213751,213751,339.626464,339.626464,-76.30343,39.508977,gazetteer_intpt,
2010,04843,"Baltimore, MD",24,2203663,2203663,1857.113332,1857.113332,-76.64776,39.234099,gazetteer_intpt,
2010,21745,"Cumberland, MD--WV--PA",24,49619,51899,80.537195,84.51148,-78.806674,39.645477,polygon_x_state_reppoint,
2010,31519,"Frederick, MD",24,141576,141576,190.090706,190.090706,-77.408163,39.415817,gazetteer_intpt,
2010,36190,"Hagerstown, MD--WV--PA",24,101406,182696,142.446965,345.324863,-77.716425,39.631737,polygon_x_state_reppoint,
2010,49594,"Lexington Park--California--Chesapeake Ranch Estates, MD",24,58875,58875,129.33237,129.33237,-76.466475,38.308654,gazetteer_intpt,
2010,69076,"Philadelphia, PA--NJ--DE--MD",24,48690,5441567,112.326377,5131.721516,-75.820093,39.621154,polygon_x_state_reppoint,
2010,78364,"Salisbury, MD--DE",24,73493,98081,128.924602,183.109755,-75.57053,38.373292,polygon_x_state_reppoint,
2010,91261,"Waldorf, MD",24,109919,109919,176.050965,176.050965,-76.987871,38.609305,gazetteer_intpt,
2010,92242,"Washington, DC--VA--MD",24,1749163,4586770,1462.09001,3423.26115,-77.074771,39.041835,polygon_x_state_reppoint,
2010,94294,"Westminster--Eldersburg, MD",24,72714,72714,149.446807,149.446807,-76.959841,39.488438,gazetteer_intpt,
2010,05167,"Barnstable Town, MA",25,246695,246695,718.092279,718.092279,-70.576489,41.622829,gazetteer_intpt,
2010,09271,"Boston, MA--NH--RI",25,4087709,4181019,4533.955745,4852.227548,-71.306232,42.33859,polygon_x_state_reppoint,
2010,49096,"Leominster--Fitchburg, MA",25,116960,116960,168.447165,168.447165,-71.850936,42.569209,gazetteer_intpt,
2010,61165,"Nashua, NH--MA",25,7318,226400,17.911639,472.09792,-71.566937,42.657543,polygon_x_state_reppoint,
2010,61786,"New Bedford, MA",25,149443,149443,142.709138,142.709138,-70.937061,41.673929,gazetteer_intpt,
2010,69778,"Pittsfield, MA",25,59124,59124,86.766391,86.766391,-73.22006,42.481061,gazetteer_intpt,
2010,72505,"Providence, RI--MA",25,260276,1190956,426.629632,1411.660749,-71.491506,42.05953,polygon_x_state_reppoint,
2010,83926,"Springfield, MA--CT",25,531589,621300,699.865969,902.757017,-72.470483,42.164217,polygon_x_state_reppoint,
2010,97291,"Worcester, MA--CT",25,453586,486514,703.986766,787.645247,-71.753925,42.246736,polygon_x_state_reppoint,
2010,02602,"Ann Arbor, MI",26,306022,306022,413.286601,413.286601,-83.662679,42.240003,gazetteer_intpt,
2010,05707,"Battle Creek, MI",26,78393,78393,137.324107,137.324107,-85.197926,42.31374,gazetteer_intpt,
2010,05869,"Bay City, MI",26,70585,70585,104.44852,104.44852,-83.890506,43.608621,gazetteer_intpt,
2010,07138,"Benton Harbor--St. Joseph--Fair Plain, MI",26,61022,61022,120.880351,120.880351,-86.466585,42.066309,gazetteer_intpt,
2010,23824,"Detroit, MI",26,3734090,3734090,3463.23475,3463.23475,-83.227211,42.489752,gazetteer_intpt,
2010,26794,"Elkhart, IN--MI",26,900,143592,3.693332,237.926775,-85.950473,41.763365,polygon_x_state_reppoint,
2010,29872,"Flint, MI",26,356218,356218,610.98544,610.98544,-83.694698,42.988756,gazetteer_intpt,
2010,34300,"Grand Rapids, MI",26,569935,569935,726.682274,726.682274,-85.6686,42.942857,gazetteer_intpt,
2010,39430,"Holland, MI",26,99941,99941,153.443062,153.443062,-86.103918,42.801449,gazetteer_intpt,
2010,42157,"Jackson, MI",26,90057,90057,149.373065,149.373065,-84.410285,42.245139,gazetteer_intpt,
2010,43723,"Kalamazoo, MI",26,209703,209703,341.05943,341.05943,-85.592401,42.250182,gazetteer_intpt,
2010,47719,"Lansing, MI",26,313532,313532,409.665051,409.665051,-84.535279,42.721126,gazetteer_intpt,
2010,56656,"Michigan City--La Porte, IN--MI",26,595,66025,2.080659,100.901039,-86.797285,41.772093,polygon_x_state_reppoint,
2010,56980,"Midland, MI",26,59014,59014,116.217257,116.217257,-84.219878,43.616301,gazetteer_intpt,
2010,58357,"Monroe, MI",26,51240,51240,83.138329,83.138329,-83.388802,41.92097,gazetteer_intpt,
2010,60841,"Muskegon, MI",26,161280,161280,290.837096,290.837096,-86.212944,43.165629,gazetteer_intpt,
2010,71155,"Port Huron, MI",26,87106,87106,156.550616,156.550616,-82.485706,42.958172,gazetteer_intpt,
2010,77149,"Saginaw, MI",26,126265,126265,184.448895,184.448895,-83.981818,43.43194,gazetteer_intpt,
2010,83116,"South Bend, IN--MI",26,36295,278165,85.586087,417.195945,-86.280515,41.82292,polygon_x_state_reppoint,
2010,83332,"South Lyon--Howell, MI",26,119509,119509,266.214195,266.214195,-83.806042,42.507278,gazetteer_intpt,
2010,87868,"Toledo, OH--MI",26,28461,507643,56.519788,622.736691,-83.607684,41.757366,polygon_x_state_reppoint,
2010,24850,"Duluth, MN--WI",27,93333,120378,145.275587,182.534779,-92.151812,46.761672,polygon_x_state_reppoint,
2010,29089,"Fargo, ND--MN",27,42527,176676,44.944656,181.992071,-96.746344,46.883392,polygon_x_state_reppoint,
2010,34219,"Grand Forks, ND--MN",27,8318,61270,10.283487,63.309483,-97.012905,47.936492,polygon_x_state_reppoint,
2010,45910,"La Crosse, WI--MN",27,5358,100868,7.324663,132.06837,-91.310121,43.828565,polygon_x_state_reppoint,
2010,53983,"Mankato, MN",27,57584,57584,68.306886,68.306886,-93.991385,44.1667,gazetteer_intpt,
2010,57628,"Minneapolis--St. Paul, MN--WI",27,2650614,2650890,2645.175088,2646.45661,-93.233277,44.983688,polygon_x_state_reppoint,
2010,75637,"Rochester, MN",27,107677,107677,131.004305,131.004305,-92.480168,44.020373,gazetteer_intpt,
2010,77338,"St. Cloud, MN",27,110621,110621,130.134021,130.134021,-94.194721,45.57389,gazetteer_intpt,
2010,35920,"Gulfport, MS",28,208948,208948,426.115307,426.115307,-89.023789,30.401276,gazetteer_intpt,
2010,37594,"Hattiesburg, MS",28,80358,80358,178.703954,178.703954,-89.343147,31.318542,gazetteer_intpt,
2010,42211,"Jackson, MS",28,351478,351478,628.04021,628.04021,-90.156689,32.327709,gazetteer_intpt,
2010,56116,"Memphis, TN--MS--AR",28,128310,1060061,245.867944,1288.022457,-89.978228,34.947116,polygon_x_state_reppoint,
2010,67807,"Pascagoula, MS",28,50428,50428,102.402319,102.402319,-88.529658,30.374915,gazetteer_intpt,
2010,01765,"Alton, IL--MO",29,79,83890,0.357031,141.949966,-90.222671,38.866679,polygon_x_state_reppoint,
2010,13537,"Cape Girardeau, MO--IL",29,52591,52900,89.54129,90.729812,-89.543667,37.33032,polygon_x_state_reppoint,
2010,18937,"Columbia, MO",29,124748,124748,160.085068,160.085068,-92.327874,38.955624,gazetteer_intpt,
2010,29494,"Fayetteville--Springdale--Rogers, AR--MO",29,2,295083,0.64785,486.227209,-94.278658,36.507508,polygon_x_state_reppoint,
2010,42967,"Jefferson City, MO",29,58533,58533,103.570734,103.570734,-92.202958,38.576293,gazetteer_intpt,
2010,43399,"Joplin, MO",29,82775,82775,166.833924,166.833924,-94.499217,37.101212,gazetteer_intpt,
2010,43912,"Kansas City, MO--KS",29,855909,1519417,1034.972202,1755.587807,-94.467102,39.049811,polygon_x_state_reppoint,
2010,48826,"Lee's Summit, MO",29,85081,85081,107.021965,107.021965,-94.375685,38.898133,gazetteer_intpt,
2010,77743,"St. Joseph, MO--KS",29,78808,81176,99.988586,108.380649,-94.814299,39.764392,polygon_x_state_reppoint,
2010,77770,"St. Louis, MO--IL",29,1777811,2150706,1768.233528,2392.205874,-90.402369,38.500752,polygon_x_state_reppoint,
2010,83953,"Springfield, MO",29,273724,273724,368.568325,368.568325,-93.287053,37.148873,gazetteer_intpt,
2010,07705,"Billings, MT",30,114773,114773,137.178563,137.178563,-108.53184,45.79132,gazetteer_intpt,
2010,34759,"Great Falls, MT",30,65207,65207,80.586072,80.586072,-111.284285,47.501365,gazetteer_intpt,
2010,57736,"Missoula, MT",30,82157,82157,117.074956,117.074956,-114.034222,46.873955,gazetteer_intpt,
2010,34246,"Grand Island, NE",31,50440,50440,72.855426,72.855426,-98.354756,40.925749,gazetteer_intpt,
2010,49933,"Lincoln, NE",31,258719,258719,229.135352,229.135352,-96.680368,40.807124,gazetteer_intpt,
2010,65269,"Omaha, NE--IA",31,656462,725008,615.074722,702.425101,-96.077935,41.218468,polygon_x_state_reppoint,
2010,82225,"Sioux City, IA--NE--SD",31,16576,106494,27.75615,140.818781,-96.401506,42.448329,polygon_x_state_reppoint,
2010,14158,"Carson City, NV",32,58079,58079,59.794073,59.794073,-119.753121,39.155541,gazetteer_intpt,
2010,47995,"Las Vegas--Henderson, NV",32,1886011,1886011,1079.621093,1079.621093,-115.167218,36.134893,gazetteer_intpt,
2010,74179,"Reno, NV--CA",32,392132,392141,425.730812,425.74921,-119.84103,39.516683,polygon_x_state_reppoint,
2010,09271,"Boston, MA--NH--RI",33,93038,4181019,317.417741,4852.227548,-71.13397,42.847358,polygon_x_state_reppoint,
2010,24607,"Dover--Rochester, NH--ME",33,80262,88087,152.634102,172.03965,-70.893503,43.255104,polygon_x_state_reppoint,
2010,53740,"Manchester, NH",33,158377,158377,223.121681,223.121681,-71.479666,42.991043,gazetteer_intpt,
2010,61165,"Nashua, NH--MA",33,219082,226400,454.186281,472.09792,-71.371987,42.83586,polygon_x_state_reppoint,
2010,71506,"Portsmouth, NH--ME",33,72409,88200,196.782423,240.020714,-70.77508,43.044922,polygon_x_state_reppoint,
2010,01495,"Allentown, PA--NJ",34,32443,664651,36.613625,896.890519,-75.162854,40.686039,polygon_x_state_reppoint,
2010,03898,"Atlantic City, NJ",34,248402,248402,324.104023,324.104023,-74.590128,39.371611,gazetteer_intpt,
2010,25849,"East Stroudsburg, PA--NJ",34,249,54316,1.219212,134.939022,-75.107794,40.944065,polygon_x_state_reppoint,
2010,63217,"New York--Newark, NY--NJ--CT",34,6159466,18351295,4887.293199,8935.98136,-74.268061,40.317329,polygon_x_state_reppoint,
2010,69076,"Philadelphia, PA--NJ--DE--MD",34,1150865,5441567,1297.829427,5131.721516,-75.003718,39.868325,polygon_x_state_reppoint,
2010,71803,"Poughkeepsie--Newburgh, NY--NJ",34,11228,423566,18.283522,847.299432,-74.365578,41.127428,polygon_x_state_reppoint,
2010,88462,"Trenton, NJ",34,296668,296668,273.396466,273.396466,-74.718158,40.228452,gazetteer_intpt,
2010,89263,"Twin Rivers--Hightstown, NJ",34,64037,64037,91.266061,91.266061,-74.576745,40.284534,gazetteer_intpt,
2010,90658,"Villas, NJ",34,51291,51291,87.740842,87.740842,-74.890442,39.003779,gazetteer_intpt,
2010,90730,"Vineland, NJ",34,95259,95259,160.320435,160.320435,-75.027891,39.480685,gazetteer_intpt,
2010,01171,"Albuquerque, NM",35,741318,741318,648.969769,648.969769,-106.62889,35.141344,gazetteer_intpt,
2010,27253,"El Paso, TX--NM",35,30712,803086,44.067757,648.975307,-106.625075,32.068866,polygon_x_state_reppoint,
2010,29278,"Farmington, NM",35,53049,53049,90.362046,90.362046,-108.162067,36.746471,gazetteer_intpt,
2010,47935,"Las Cruces, NM",35,128600,128600,167.576559,167.576559,-106.763247,32.334988,gazetteer_intpt,
2010,51499,"Los Lunas, NM",35,63758,63758,179.384708,179.384708,-106.714599,34.760773,gazetteer_intpt,
2010,79363,"Santa Fe, NM",35,89284,89284,137.492829,137.492829,-106.00774,35.643647,gazetteer_intpt,
2010,00970,"Albany--Schenectady, NY",36,594962,594962,765.942841,765.942841,-73.800509,42.746355,gazetteer_intpt,
2010,07732,"Binghamton, NY--PA",36,155662,158084,188.77768,192.026242,-75.9835,42.109451,polygon_x_state_reppoint,
2010,10162,"Bridgeport--Stamford, CT--NY",36,45681,923311,34.405208,1207.483169,-73.675,41.014535,polygon_x_state_reppoint,
2010,11350,"Buffalo, NY",36,935906,935906,984.015238,984.015238,-78.823675,42.92493,gazetteer_intpt,
2010,22096,"Danbury, CT--NY",36,6813,168136,16.602087,340.995175,-73.573494,41.503611,polygon_x_state_reppoint,
2010,27118,"Elmira, NY",36,67983,67983,97.898053,97.898053,-76.809034,42.071566,gazetteer_intpt,
2010,33598,"Glens Falls, NY",36,65443,65443,107.616708,107.616708,-73.654039,43.321329,gazetteer_intpt,
2010,41914,"Ithaca, NY",36,53661,53661,63.663305,63.663305,-76.479152,42.460464,gazetteer_intpt,
2010,45262,"Kingston, NY",36,57442,57442,110.947301,110.947301,-74.046369,41.926068,gazetteer_intpt,
2010,56899,"Middletown, NY",36,58381,58381,81.106372,81.106372,-74.389639,41.450288,gazetteer_intpt,
2010,63217,"New York--Newark, NY--NJ--CT",36,12191715,18351295,4048.539045,8935.98136,-73.846805,41.032195,polygon_x_state_reppoint,
2010,71803,"Poughkeepsie--Newburgh, NY--NJ",36,412338,423566,829.01591,847.299432,-73.995446,41.541085,polygon_x_state_reppoint,
2010,75664,"Rochester, NY",36,720572,720572,840.370707,840.370707,-77.568221,43.137628,gazetteer_intpt,
2010,79633,"Saratoga Springs, NY",36,64100,64100,117.800657,117.800657,-73.808467,43.066979,gazetteer_intpt,
2010,86302,"Syracuse, NY",36,412317,412317,504.876354,504.876354,-76.164001,43.090439,gazetteer_intpt,
2010,89785,"Utica, NY",36,117328,117328,161.588817,161.588817,-75.276013,43.094718,gazetteer_intpt,
2010,92674,"Watertown, NY",36,57840,57840,106.040717,106.040717,-75.713159,44.044092,gazetteer_intpt,
2010,03358,"Asheville, NC",37,280648,280648,686.027223,686.027223,-82.66557,35.536428,gazetteer_intpt,
2010,11728,"Burlington, NC",37,119911,119911,234.209025,234.209025,-79.408365,36.078968,gazetteer_intpt,
2010,15670,"Charlotte, NC--SC",37,1180484,1249442,1786.015218,1920.454942,-80.788735,35.199219,polygon_x_state_reppoint,
2010,19558,"Concord, NC",37,214881,214881,466.730343,466.730343,-80.580668,35.489602,gazetteer_intpt,
2010,25228,"Durham, NC",37,347602,347602,470.711743,470.711743,-78.947743,35.980955,gazetteer_intpt,
2010,29440,"Fayetteville, NC",37,310282,310282,512.897004,512.897004,-78.977004,35.052625,gazetteer_intpt,
2010,32653,"Gastonia, NC--SC",37,169333,169495,358.369818,359.056401,-81.107466,35.276756,polygon_x_state_reppoint,
2010,33814,"Goldsboro, NC",37,61054,61054,137.046994,137.046994,-77.983388,35.387238,gazetteer_intpt,
2010,35164,"Greensboro, NC",37,311810,311810,479.69201,479.69201,-79.843953,36.097302,gazetteer_intpt,
2010,35380,"Greenville, NC",37,117798,117798,168.861167,168.861167,-77.370517,35.582955,gazetteer_intpt,
2010,38647,"Hickory, NC",37,212195,212195,677.569139,677.569139,-81.418866,35.757151,gazetteer_intpt,
2010,38809,"High Point, NC",37,166485,166485,292.652687,292.652687,-80.011204,35.941475,gazetteer_intpt,
2010,42400,"Jacksonville, NC",37,105419,105419,184.759745,184.759745,-77.417712,34.74412,gazetteer_intpt,
2010,60895,"Myrtle Beach--Socastee, SC--NC",37,20279,215304,74.193083,493.060462,-78.381115,33.937773,polygon_x_state_reppoint,
2010,61840,"New Bern, NC",37,50503,50503,112.434336,112.434336,-77.050418,35.070213,gazetteer_intpt,
2010,73261,"Raleigh, NC",37,884891,884891,1341.975559,1341.975559,-78.669581,35.768264,gazetteer_intpt,
2010,75988,"Rocky Mount, NC",37,68243,68243,119.048629,119.048629,-77.83026,35.960053,gazetteer_intpt,
2010,95833,"Wilmington, NC",37,219957,219957,346.46164,346.46164,-77.898336,34.217513,gazetteer_intpt,
2010,96670,"Winston-Salem, NC",37,391024,391024,835.485857,835.485857,-80.266476,36.072205,gazetteer_intpt,
2010,07921,"Bismarck, ND",38,81955,81955,100.381571,100.381571,-100.800391,46.819853,gazetteer_intpt,
2010,29089,"Fargo, ND--MN",38,134149,176676,137.047415,181.992071,-96.850233,46.863927,polygon_x_state_reppoint,
2010,34219,"Grand Forks, ND--MN",38,52952,61270,53.025996,63.309483,-97.067338,47.907678,polygon_x_state_reppoint,
2010,00766,"Akron, OH",39,569499,569499,842.722918,842.722918,-81.491897,41.066225,gazetteer_intpt,
2010,13375,"Canton, OH",39,279245,279245,431.099392,431.099392,-81.430106,40.827886,gazetteer_intpt,
2010,16885,"Cincinnati, OH--KY--IN",39,1286542,1624827,1564.942891,2040.237609,-84.498168,39.227191,polygon_x_state_reppoint,
2010,17668,"Cleveland, OH",39,1780673,1780673,1999.397942,1999.397942,-81.608373,41.44323,gazetteer_intpt,
2010,19234,"Columbus, OH",39,1368035,1368035,1322.092399,1322.092399,-82.968532,40.021161,gazetteer_intpt,
2010,22528,"Dayton, OH",39,724091,724091,910.225462,910.225462,-84.16816,39.754825,gazetteer_intpt,
2010,40753,"Huntington, WV--KY--OH",39,33775,202637,53.340926,337.578027,-82.670566,38.52245,polygon_x_state_reppoint,
2010,49852,"Lima, OH",39,72852,72852,135.576369,135.576369,-84.119864,40.739655,gazetteer_intpt,
2010,51364,"Lorain--Elyria, OH",39,180956,180956,259.508283,259.508283,-82.155415,41.405056,gazetteer_intpt,
2010,54091,"Mansfield, OH",39,75250,75250,130.315995,130.315995,-82.53038,40.755177,gazetteer_intpt,
2010,56926,"Middletown, OH",39,97503,97503,145.292509,145.292509,-84.363418,39.520327,gazetteer_intpt,
2010,61705,"Newark, OH",39,76068,76068,109.100592,109.100592,-82.45763,40.031665,gazetteer_intpt,
2010,67672,"Parkersburg, WV--OH",39,7586,67229,13.345569,109.77185,-81.696658,39.282931,polygon_x_state_reppoint,
2010,83980,"Springfield, OH",39,85256,85256,126.814404,126.814404,-83.81301,39.93772,gazetteer_intpt,
2010,87868,"Toledo, OH--MI",39,479182,507643,566.216903,622.736691,-83.576604,41.603369,polygon_x_state_reppoint,
2010,93592,"Weirton--Steubenville, WV--OH--PA",39,39918,70889,67.768307,130.810153,-80.625065,40.335027,polygon_x_state_reppoint,
2010,94726,"Wheeling, WV--OH",39,30182,81249,44.654942,121.7532,-80.898342,40.079427,polygon_x_state_reppoint,
2010,97831,"Youngstown, OH--PA",39,348073,387550,560.533096,624.418937,-80.709015,41.164082,polygon_x_state_reppoint,
2010,30925,"Fort Smith, AR--OK",40,2233,122947,5.302282,183.291657,-94.482573,35.274652,polygon_x_state_reppoint,
2010,48394,"Lawton, OK",40,94457,94457,114.152127,114.152127,-98.416482,34.618348,gazetteer_intpt,
2010,63433,"Norman, OK",40,103898,103898,116.231709,116.231709,-97.445176,35.213842,gazetteer_intpt,
2010,65080,"Oklahoma City, OK",40,861505,861505,1063.53432,1063.53432,-97.524305,35.504826,gazetteer_intpt,
2010,88948,"Tulsa, OK",40,655479,655479,870.011206,870.011206,-95.901334,36.105449,gazetteer_intpt,
2010,00955,"Albany, OR",41,56997,56997,62.063265,62.063265,-123.091188,44.630995,gazetteer_intpt,
2010,06868,"Bend, OR",41,83794,83794,102.853427,102.853427,-121.312835,44.04927,gazetteer_intpt,
2010,20422,"Corvallis, OR",41,62433,62433,54.685518,54.685518,-123.287357,44.575091,gazetteer_intpt,
2010,28117,"Eugene, OR",41,247421,247421,224.689268,224.689268,-123.076636,44.065995,gazetteer_intpt,
2010,34516,"Grants Pass, OR",41,50520,50520,70.435849,70.435849,-123.321705,42.429804,gazetteer_intpt,
2010,51283,"Longview, WA--OR",41,2354,63952,5.580525,85.110305,-122.936266,46.083367,polygon_x_state_reppoint,
2010,55981,"Medford, OR",41,154081,154081,167.617526,167.617526,-122.844238,42.336442,gazetteer_intpt,
2010,71317,"Portland, OR--WA",41,1490336,1849898,1034.239356,1358.145997,-122.682306,45.454541,polygon_x_state_reppoint,
2010,78229,"Salem, OR",41,236632,236632,196.635313,196.635313,-123.010274,44.934147,gazetteer_intpt,
2010,91405,"Walla Walla, WA--OR",41,8825,55805,14.513974,71.659154,-118.394736,45.953796,polygon_x_state_reppoint,
2010,01495,"Allentown, PA--NJ",42,632208,664651,860.276894,896.890519,-75.406249,40.645983,polygon_x_state_reppoint,
2010,01792,"Altoona, PA",42,79930,79930,96.848806,96.848806,-78.393865,40.485263,gazetteer_intpt,
2010,07732,"Binghamton, NY--PA",42,2422,158084,3.248562,192.026242,-75.746922,41.974905,polygon_x_state_reppoint,
2010,08434,"Bloomsburg--Berwick, PA",42,53618,53618,84.652608,84.652608,-76.41213,41.016958,gazetteer_intpt,
2010,15184,"Chambersburg, PA",42,50887,50887,96.785729,96.785729,-77.645483,39.935103,gazetteer_intpt,
2010,21745,"Cumberland, MD--WV--PA",42,31,51899,0.14017,84.51148,-78.774304,39.72451,polygon_x_state_reppoint,
2010,25849,"East Stroudsburg, PA--NJ",42,54067,54316,133.71981,134.939022,-75.213587,41.026738,polygon_x_state_reppoint,
2010,27766,"Erie, PA",42,196611,196611,213.013051,213.013051,-80.114855,42.08554,gazetteer_intpt,
2010,36190,"Hagerstown, MD--WV--PA",42,9503,182696,21.732652,345.324863,-77.72203,39.737333,polygon_x_state_reppoint,
2010,36784,"Hanover, PA",42,66301,66301,93.488433,93.488433,-77.033723,39.812439,gazetteer_intpt,
2010,37081,"Harrisburg, PA",42,444474,444474,672.575052,672.575052,-76.867071,40.246345,gazetteer_intpt,
2010,37945,"Hazleton, PA",42,56827,56827,80.890936,80.890936,-75.98017,40.983517,gazetteer_intpt,
2010,43291,"Johnstown, PA",42,69014,69014,100.011476,100.011476,-78.896776,40.303142,gazetteer_intpt,
2010,47530,"Lancaster, PA",42,402004,402004,641.094177,641.094177,-76.31515,40.099901,gazetteer_intpt,
2010,48664,"Lebanon, PA",42,77086,77086,116.748917,116.748917,-76.405113,40.351244,gazetteer_intpt,
2010,58168,"Monessen--California, PA",42,66086,66086,115.818048,115.818048,-79.884726,40.138259,gazetteer_intpt,
2010,69076,"Philadelphia, PA--NJ--DE--MD",42,3760387,5441567,3226.906466,5131.721516,-75.127386,40.107659,polygon_x_state_reppoint,
2010,69697,"Pittsburgh, PA",42,1733853,1733853,2344.389921,2344.389921,-79.950944,40.456928,gazetteer_intpt,
2010,71749,"Pottstown, PA",42,107682,107682,204.158561,204.158561,-75.647562,40.269278,gazetteer_intpt,
2010,73693,"Reading, PA",42,266254,266254,268.950136,268.950136,-75.951377,40.364436,gazetteer_intpt,
2010,80227,"Scranton, PA",42,381502,381502,442.332402,442.332402,-75.927302,41.24208,gazetteer_intpt,
2010,84493,"State College, PA",42,87454,87454,74.657391,74.657391,-77.858037,40.799259,gazetteer_intpt,
2010,89650,"Uniontown--Connellsville, PA",42,51370,51370,100.552791,100.552791,-79.688355,39.929527,gazetteer_intpt,
2010,93592,"Weirton--Steubenville, WV--OH--PA",42,302,70889,0.935079,130.810153,-80.507309,40.40054,polygon_x_state_reppoint,
2010,95455,"Williamsport, PA",42,56142,56142,68.629691,68.629691,-77.002493,41.246705,gazetteer_intpt,
2010,97750,"York, PA",42,232045,232045,342.425738,342.425738,-76.717203,39.95689,gazetteer_intpt,
2010,97831,"Youngstown, OH--PA",42,39477,387550,63.885841,624.418937,-80.473782,41.227005,polygon_x_state_reppoint,
2010,09271,"Boston, MA--NH--RI",44,272,4181019,0.854062,4852.227548,-71.41653,42.012982,polygon_x_state_reppoint,
2010,64135,"Norwich--New London, CT--RI",44,21149,209190,40.911591,393.654664,-71.818467,41.374292,polygon_x_state_reppoint,
2010,72505,"Providence, RI--MA",44,930680,1190956,985.031117,1411.660749,-71.53471,41.68884,polygon_x_state_reppoint,
2010,02413,"Anderson, SC",45,75702,75702,191.880867,191.880867,-82.660933,34.520717,gazetteer_intpt,
2010,04222,"Augusta-Richmond County, GA--SC",45,103504,386787,232.658872,672.162059,-81.964193,33.547354,polygon_x_state_reppoint,
2010,15508,"Charleston--North Charleston, SC",45,548404,548404,759.769589,759.769589,-80.015543,32.902255,gazetteer_intpt,
2010,15670,"Charlotte, NC--SC",45,68958,1249442,134.439724,1920.454942,-81.054344,35.11189,polygon_x_state_reppoint,
2010,18964,"Columbia, SC",45,549777,549777,984.258969,984.258969,-81.077207,34.036236,gazetteer_intpt,
2010,30061,"Florence, SC",45,89557,89557,184.02261,184.02261,-79.810563,34.203374,gazetteer_intpt,
2010,32653,"Gastonia, NC--SC",45,162,169495,0.686583,359.056401,-81.210099,35.152663,polygon_x_state_reppoint,
2010,35461,"Greenville, SC",45,400492,400492,829.432086,829.432086,-82.442095,34.844227,gazetteer_intpt,
2010,39079,"Hilton Head Island, SC",45,68998,68998,175.137093,175.137093,-80.748419,32.155559,gazetteer_intpt,
2010,55603,"Mauldin--Simpsonville, SC",45,120577,120577,216.429262,216.429262,-82.255761,34.766635,gazetteer_intpt,
2010,60895,"Myrtle Beach--Socastee, SC--NC",45,195025,215304,418.867379,493.060462,-78.927126,33.714958,polygon_x_state_reppoint,
2010,75745,"Rock Hill, SC",45,104996,104996,247.650267,247.650267,-81.040421,34.957902,gazetteer_intpt,
2010,83548,"Spartanburg, SC",45,180786,180786,492.179513,492.179513,-81.989514,34.974865,gazetteer_intpt,
2010,85708,"Sumter, SC",45,73107,73107,170.12809,170.12809,-80.399322,33.930654,gazetteer_intpt,
2010,73396,"Rapid City, SD",46,81251,81251,109.435414,109.435414,-103.244558,44.0837,gazetteer_intpt,
2010,82225,"Sioux City, IA--NE--SD",46,5559,106494,14.596376,140.818781,-96.495726,42.516624,polygon_x_state_reppoint,
2010,82252,"Sioux Falls, SD",46,156777,156777,166.203165,166.203165,-96.735632,43.533494,gazetteer_intpt,
2010,10351,"Bristol--Bristol, TN--VA",47,36130,69501,82.085019,165.471259,-82.174259,36.538303,polygon_x_state_reppoint,
2010,15832,"Chattanooga, TN--GA",47,302748,381112,585.390984,777.338402,-85.186371,35.144709,polygon_x_state_reppoint,
2010,17317,"Clarksville, TN--KY",47,138309,158655,248.854992,283.776315,-87.346686,36.558342,polygon_x_state_reppoint,
2010,17722,"Cleveland, TN",47,66777,66777,141.41047,141.41047,-84.851226,35.175401,gazetteer_intpt,
2010,42265,"Jackson, TN",47,71880,71880,132.458187,132.458187,-88.837398,35.658449,gazetteer_intpt,
2010,43210,"Johnson City, TN",47,120415,120415,284.678082,284.678082,-82.350994,36.337715,gazetteer_intpt,
2010,45235,"Kingsport, TN--VA",47,102428,106571,282.037807,294.112172,-82.51753,36.478467,polygon_x_state_reppoint,
2010,45640,"Knoxville, TN",47,558696,558696,1134.792603,1134.792603,-84.024448,35.91678,gazetteer_intpt,
2010,56116,"Memphis, TN--MS--AR",47,891481,1060061,982.805485,1288.022457,-89.892095,35.186039,polygon_x_state_reppoint,
2010,59410,"Morristown, TN",47,59036,59036,154.988875,154.988875,-83.340893,36.197981,gazetteer_intpt,
2010,60733,"Murfreesboro, TN",47,133228,133228,200.306623,200.306623,-86.406053,35.848305,gazetteer_intpt,
2010,61273,"Nashville-Davidson, TN",47,969587,969587,1459.375591,1459.375591,-86.681006,36.128138,gazetteer_intpt,
2010,00280,"Abilene, TX",48,110421,110421,141.756054,141.756054,-99.747188,32.428466,gazetteer_intpt,
2010,01927,"Amarillo, TX",48,196651,196651,210.246929,210.246929,-101.849137,35.197528,gazetteer_intpt,
2010,04384,"Austin, TX",48,1362416,1362416,1354.651025,1354.651025,-97.761515,30.358509,gazetteer_intpt,
2010,06058,"Beaumont, TX",48,147922,147922,237.456087,237.456087,-94.127119,30.11918,gazetteer_intpt,
2010,10972,"Brownsville, TX",48,217585,217585,211.157541,211.157541,-97.473579,25.966448,gazetteer_intpt,
2010,18748,"College Station--Bryan, TX",48,171345,171345,184.986507,184.986507,-96.331052,30.626675,gazetteer_intpt,
2010,19755,"Conroe--The Woodlands, TX",48,239938,239938,345.296754,345.296754,-95.452341,30.123632,gazetteer_intpt,
2010,20287,"Corpus Christi, TX",48,320069,320069,311.528754,311.528754,-97.412599,27.745333,gazetteer_intpt,
2010,22042,"Dallas--Fort Worth--Arlington, TX",48,5121892,5121892,4607.936452,4607.936452,-96.972001,32.812727,gazetteer_intpt,
2010,23500,"Denton--Lewisville, TX",48,366174,366174,376.021255,376.021255,-97.066276,33.093039,gazetteer_intpt,
2010,27253,"El Paso, TX--NM",48,772374,803086,604.90755,648.975307,-106.387603,31.776447,polygon_x_state_reppoint,
2010,36892,"Harlingen, TX",48,135663,135663,214.319825,214.319825,-97.705324,26.166611,gazetteer_intpt,
2010,40429,"Houston, TX",48,4944332,4944332,4299.420988,4299.420988,-95.393531,29.784308,gazetteer_intpt,
2010,44992,"Killeen, TX",48,217630,217630,219.653228,219.653228,-97.751581,31.094566,gazetteer_intpt,
2010,46801,"Lake Jackson--Angleton, TX",48,74830,74830,107.972064,107.972064,-95.408523,29.045863,gazetteer_intpt,
2010,47854,"Laredo, TX",48,235730,235730,170.121651,170.121651,-99.477843,27.535328,gazetteer_intpt,
2010,51256,"Longview, TX",48,98884,98884,215.058284,215.058284,-94.779451,32.517275,gazetteer_intpt,
2010,51877,"Lubbock, TX",48,237356,237356,249.826818,249.826818,-101.893174,33.559247,gazetteer_intpt,
2010,52390,"McAllen, TX",48,728825,728825,927.184088,927.184088,-98.172127,26.243955,gazetteer_intpt,
2010,52687,"McKinney, TX",48,170030,170030,191.923463,191.923463,-96.676668,33.204773,gazetteer_intpt,
2010,57007,"Midland, TX",48,117807,117807,136.955728,136.955728,-102.106821,31.997137,gazetteer_intpt,
2010,64864,"Odessa, TX",48,126405,126405,152.640583,152.640583,-102.400678,31.865173,gazetteer_intpt,
2010,70993,"Port Arthur, TX",48,153150,153150,273.389576,273.389576,-93.954763,29.962028,gazetteer_intpt,
2010,78553,"San Angelo, TX",48,92984,92984,120.890423,120.890423,-100.46049,31.440632,gazetteer_intpt,
2010,78580,"San Antonio, TX",48,1758210,1758210,1546.484874,1546.484874,-98.475662,29.514965,gazetteer_intpt,
2010,79201,"San Marcos, TX",48,52826,52826,68.852833,68.852833,-97.921715,29.867189,gazetteer_intpt,
2010,81631,"Sherman, TX",48,61900,61900,93.053643,93.053643,-96.582675,33.683107,gazetteer_intpt,
2010,87058,"Temple, TX",48,90390,90390,140.128424,140.128424,-97.419595,31.094257,gazetteer_intpt,
2010,87193,"Texarkana--Texarkana, TX--AR",48,52090,78162,114.612275,166.80782,-94.086297,33.424601,polygon_x_state_reppoint,
2010,87220,"Texas City, TX",48,106383,106383,196.857613,196.857613,-95.028467,29.388297,gazetteer_intpt,
2010,89326,"Tyler, TX",48,130247,130247,233.72973,233.72973,-95.301882,32.310122,gazetteer_intpt,
2010,90514,"Victoria, TX",48,63683,63683,75.168848,75.168848,-96.985119,28.826115,gazetteer_intpt,
2010,91027,"Waco, TX",48,172378,172378,233.750303,233.750303,-97.166048,31.542223,gazetteer_intpt,
2010,95104,"Wichita Falls, TX",48,99437,99437,130.438073,130.438073,-98.518667,33.903257,gazetteer_intpt,
2010,50959,"Logan, UT",49,94983,94983,113.776996,113.776996,-111.836455,41.725005,gazetteer_intpt,
2010,64945,"Ogden--Layton, UT",49,546026,546026,563.458377,563.458377,-111.974899,41.123076,gazetteer_intpt,
2010,72559,"Provo--Orem, UT",49,482819,482819,437.635308,437.635308,-111.734601,40.276462,gazetteer_intpt,
2010,77446,"St. George, UT",49,98370,98370,116.272865,116.272865,-113.567422,37.105622,gazetteer_intpt,
2010,78499,"Salt Lake City--West Valley City, UT",49,1021243,1021243,719.719,719.719,-111.926483,40.638204,gazetteer_intpt,
2010,11755,"Burlington, VT",50,108740,108740,159.947183,159.947183,-73.151442,44.471732,gazetteer_intpt,
2010,08002,"Blacksburg, VA",51,88542,88542,132.632697,132.632697,-80.421067,37.123193,gazetteer_intpt,
2010,10351,"Bristol--Bristol, TN--VA",51,33371,69501,83.38624,165.471259,-82.123547,36.669528,polygon_x_state_reppoint,
2010,15724,"Charlottesville, VA",51,92359,92359,89.501576,89.501576,-78.483837,38.057542,gazetteer_intpt,
2010,31600,"Fredericksburg, VA",51,141238,141238,201.52423,201.52423,-77.508156,38.282122,gazetteer_intpt,
2010,37162,"Harrisonburg, VA",51,66784,66784,84.301359,84.301359,-78.885813,38.423834,gazetteer_intpt,
2010,45235,"Kingsport, TN--VA",51,4143,106571,12.074365,294.112172,-82.577616,36.643217,polygon_x_state_reppoint,
2010,52201,"Lynchburg, VA",51,116636,116636,230.01326,230.01326,-79.207053,37.390809,gazetteer_intpt,
2010,74746,"Richmond, VA",51,953556,953556,1274.710664,1274.710664,-77.487983,37.477942,gazetteer_intpt,
2010,75421,"Roanoke, VA",51,210111,210111,321.61584,321.61584,-79.976293,37.290783,gazetteer_intpt,
2010,84630,"Staunton--Waynesboro, VA",51,56611,56611,98.771608,98.771608,-78.991274,38.119039,gazetteer_intpt,
2010,90892,"Virginia Beach, VA",51,1439666,1439666,1334.999348,1334.999348,-76.309596,36.908627,gazetteer_intpt,
2010,92242,"Washington, DC--VA--MD",51,2235884,4586770,1803.05646,3423.26115,-77.210212,38.820765,polygon_x_state_reppoint,
2010,95411,"Williamsburg, VA",51,75689,75689,144.832277,144.832277,-76.748597,37.281967,gazetteer_intpt,
2010,96103,"Winchester, VA",51,69449,69449,96.304695,96.304695,-78.16304,39.151042,gazetteer_intpt,
2010,06652,"Bellingham, WA",53,114473,114473,124.634344,124.634344,-122.477024,48.775245,gazetteer_intpt,
2010,09946,"Bremerton, WA",53,198979,198979,353.498946,353.498946,-122.626184,47.617754,gazetteer_intpt,
2010,44479,"Kennewick--Pasco, WA",53,210975,210975,265.387682,265.387682,-119.195133,46.236218,gazetteer_intpt,
2010,49312,"Lewiston, ID--WA",53,20184,51924,31.121107,73.09284,-117.075481,46.378198,polygon_x_state_reppoint,
2010,51283,"Longview, WA--OR",53,61598,63952,79.52978,85.110305,-122.9495,46.137541,polygon_x_state_reppoint,
2010,55333,"Marysville, WA",53,145140,145140,211.897491,211.897491,-122.145589,48.052864,gazetteer_intpt,
2010,60490,"Mount Vernon, WA",53,62966,62966,89.280199,89.280199,-122.305923,48.446473,gazetteer_intpt,
2010,65242,"Olympia--Lacey, WA",53,176617,176617,273.453845,273.453845,-122.856411,47.03549,gazetteer_intpt,
2010,71317,"Portland, OR--WA",53,359562,1849898,323.906641,1358.145997,-122.596215,45.671546,polygon_x_state_reppoint,
2010,80389,"Seattle, WA",53,3059393,3059393,2616.697301,2616.697301,-122.274888,47.468576,gazetteer_intpt,
2010,83764,"Spokane, WA",53,387847,387847,425.287244,425.287244,-117.352333,47.680069,gazetteer_intpt,
2010,91405,"Walla Walla, WA--OR",53,46980,55805,57.14518,71.659154,-118.344047,46.063048,polygon_x_state_reppoint,
2010,93862,"Wenatchee, WA",53,67227,67227,81.25635,81.25635,-120.289914,47.423291,gazetteer_intpt,
2010,97507,"Yakima, WA",53,129534,129534,154.959204,154.959204,-120.548226,46.610361,gazetteer_intpt,
2010,06139,"Beckley, WV",54,64022,64022,157.912915,157.912915,-81.229955,37.789182,gazetteer_intpt,
2010,15481,"Charleston, WV",54,153199,153199,254.369516,254.369516,-81.691011,38.380422,gazetteer_intpt,
2010,21745,"Cumberland, MD--WV--PA",54,2249,51899,3.834115,84.51148,-78.779671,39.615152,polygon_x_state_reppoint,
2010,36190,"Hagerstown, MD--WV--PA",54,71787,182696,181.145246,345.324863,-77.959799,39.466367,polygon_x_state_reppoint,
2010,40753,"Huntington, WV--KY--OH",54,112268,202637,167.011405,337.578027,-82.413475,38.410381,polygon_x_state_reppoint,
2010,59275,"Morgantown, WV",54,70350,70350,97.111353,97.111353,-79.926351,39.641369,gazetteer_intpt,
2010,67672,"Parkersburg, WV--OH",54,59643,67229,96.426281,109.77185,-81.583725,39.260266,polygon_x_state_reppoint,
2010,93592,"Weirton--Steubenville, WV--OH--PA",54,30669,70889,62.106767,130.810153,-80.565266,40.410381,polygon_x_state_reppoint,
2010,94726,"Wheeling, WV--OH",54,51067,81249,77.098258,121.7532,-80.735233,40.01615,polygon_x_state_reppoint,
2010,02764,"Appleton, WI",55,216154,216154,268.776675,268.776675,-88.411096,44.24668,gazetteer_intpt,
2010,06760,"Beloit, WI--IL",55,45123,63835,57.741137,88.964592,-89.021747,42.552834,polygon_x_state_reppoint,
2010,24850,"Duluth, MN--WI",55,27045,120378,37.259192,182.534779,-92.053888,46.696253,polygon_x_state_reppoint,
2010,26038,"Eau Claire, WI",55,102852,102852,178.706416,178.706416,-91.447201,44.860855,gazetteer_intpt,
2010,30223,"Fond du Lac, WI",55,54901,54901,74.721485,74.721485,-88.441302,43.781484,gazetteer_intpt,
2010,34813,"Green Bay, WI",55,206520,206520,271.964922,271.964922,-88.039503,44.507214,gazetteer_intpt,
2010,42562,"Janesville, WI",55,69658,69658,79.709496,79.709496,-89.00433,42.699722,gazetteer_intpt,
2010,44506,"Kenosha, WI--IL",55,124060,124064,132.620325,132.625178,-87.883413,42.58012,polygon_x_state_reppoint,
2010,45910,"La Crosse, WI--MN",55,95510,100868,124.743707,132.06837,-91.239616,43.852638,polygon_x_state_reppoint,
2010,53200,"Madison, WI",55,401661,401661,391.086803,391.086803,-89.360564,43.123585,gazetteer_intpt,
2010,57466,"Milwaukee, WI",55,1376476,1376476,1413.15025,1413.15025,-88.101915,43.056098,gazetteer_intpt,
2010,57628,"Minneapolis--St. Paul, MN--WI",55,276,2650890,1.281522,2646.45661,-92.793988,45.059473,polygon_x_state_reppoint,
2010,66160,"Oshkosh, WI",55,74495,74495,79.786869,79.786869,-88.563524,44.026834,gazetteer_intpt,
2010,73153,"Racine, WI",55,133700,133700,127.971275,127.971275,-87.837451,42.735978,gazetteer_intpt,
2010,76474,"Round Lake Beach--McHenry--Grayslake, IL--WI",55,30562,290373,54.539286,395.232476,-88.248866,42.527442,polygon_x_state_reppoint,
2010,81118,"Sheboygan, WI",55,71313,71313,86.596291,86.596291,-87.757742,43.750796,gazetteer_intpt,
2010,93025,"Wausau, WI",55,74632,74632,121.38781,121.38781,-89.629632,44.906757,gazetteer_intpt,
2010,93916,"West Bend, WI",55,68444,68444,99.682522,99.682522,-88.152993,43.442238,gazetteer_intpt,
2010,14482,"Casper, WY",56,64548,64548,78.586197,78.586197,-106.320225,42.836277,gazetteer_intpt,
2010,16237,"Cheyenne, WY",56,73588,73588,90.991601,90.991601,-104.806118,41.14109,gazetteer_intpt,
2010,00631,"Aguadilla--Isabela--San Sebastián, PR",72,306196,306196,619.716445,619.716445,-67.040259,18.369286,gazetteer_intpt,
2010,03034,"Arecibo, PR",72,139171,139171,217.740151,217.740151,-66.80797,18.4546,gazetteer_intpt,
2010,28981,"Fajardo, PR",72,85225,85225,131.562223,131.562223,-65.712848,18.28199,gazetteer_intpt,
2010,30115,"Florida--Imbéry--Barceloneta, PR",72,71747,71747,118.646836,118.646836,-66.604464,18.415418,gazetteer_intpt,
2010,35866,"Guayama, PR",72,80155,80155,105.492947,105.492947,-66.093809,17.979207,gazetteer_intpt,
2010,43453,"Juana Díaz, PR",72,80928,80928,123.81609,123.81609,-66.478465,18.121667,gazetteer_intpt,
2010,55738,"Mayagüez, PR",72,109572,109572,139.179299,139.179299,-67.101134,18.186579,gazetteer_intpt,
2010,70642,"Ponce, PR",72,149539,149539,114.270222,114.270222,-66.634192,18.018315,gazetteer_intpt,
2010,78985,"San Germán--Cabo Rojo--Sabana Grande, PR",72,118199,118199,247.298737,247.298737,-67.078194,18.067652,gazetteer_intpt,
2010,79093,"San Juan, PR",72,2148346,2148346,2244.716395,2244.716395,-66.116262,18.288155,gazetteer_intpt,
2010,97561,"Yauco, PR",72,90899,90899,120.576522,120.576522,-66.853232,18.014619,gazetteer_intpt,
2020,02629,"Anniston--Oxford, AL",01,78302,78302,204.340445,204.340445,-85.833914,33.668326,gazetteer_intpt,
2020,04033,"Auburn, AL",01,100842,100842,158.393499,158.393499,-85.452135,32.611382,gazetteer_intpt,
2020,07786,"Birmingham, AL",01,774956,774956,1319.007575,1319.007575,-86.784185,33.475252,gazetteer_intpt,
2020,19099,"Columbus, GA--AL",01,62719,267746,117.542222,369.997871,-85.065178,32.493132,polygon_x_state_reppoint,
2020,22690,"Decatur, AL",01,60458,60458,112.586219,112.586219,-87.007257,34.587541,gazetteer_intpt,
2020,24472,"Dothan, AL",01,72423,72423,142.674706,142.674706,-85.425301,31.22612,gazetteer_intpt,
2020,28766,"Fairhope--Daphne, AL",01,76807,76807,152.977898,152.977898,-87.904485,30.620911,gazetteer_intpt,
2020,29953,"Florence, AL",01,78925,78925,141.482263,141.482263,-87.67165,34.815178,gazetteer_intpt,
2020,32113,"Gadsden, AL",01,57975,57975,158.530841,158.530841,-86.027569,33.985171,gazetteer_intpt,
2020,40780,"Huntsville, AL",01,329066,329066,556.245247,556.245247,-86.66154,34.740944,gazetteer_intpt,
2020,57925,"Mobile, AL",01,321907,321907,571.733437,571.733437,-88.1592,30.671566,gazetteer_intpt,
2020,58600,"Montgomery, AL",01,254348,254348,375.806552,375.806552,-86.285756,32.391958,gazetteer_intpt,
2020,68482,"Pensacola, FL--AL",01,11813,390172,41.80725,679.971435,-87.571057,30.283418,polygon_x_state_reppoint,
2020,89110,"Tuscaloosa, AL",01,156450,156450,228.331801,228.331801,-87.541577,33.203972,gazetteer_intpt,
2020,02305,"Anchorage, AK",02,249252,249252,237.473557,237.473557,-149.854154,61.169584,gazetteer_intpt,
2020,28549,"Fairbanks, AK",02,71396,71396,192.442666,192.442666,-147.756204,64.85531,gazetteer_intpt,
2020,92459,"Wasilla--Knik-Fairview--North Lakes, AK",02,53444,53444,149.262656,149.262656,-149.367346,61.589686,gazetteer_intpt,
2020,11431,"Bullhead City, AZ--NV",04,54177,54396,87.823356,91.669615,-114.585772,35.011052,polygon_x_state_reppoint,
2020,14401,"Casa Grande, AZ",04,50981,50981,55.593619,55.593619,-111.738048,32.901888,gazetteer_intpt,
2020,29818,"Flagstaff, AZ",04,79842,79842,75.78998,75.78998,-111.618444,35.201579,gazetteer_intpt,
2020,46747,"Lake Havasu City, AZ",04,59017,59017,87.507009,87.507009,-114.317407,34.494637,gazetteer_intpt,
2020,54477,"Maricopa, AZ",04,57771,57771,34.187863,34.187863,-112.014535,33.059434,gazetteer_intpt,
2020,69184,"Phoenix--Mesa--Scottsdale, AZ",04,3976313,3976313,2876.131867,2876.131867,-111.963153,33.4999,gazetteer_intpt,
2020,69192,"Phoenix West--Goodyear--Avondale, AZ",04,419946,419946,330.516491,330.516491,-112.363933,33.467962,gazetteer_intpt,
2020,72112,"Prescott--Prescott Valley, AZ",04,92427,92427,126.274121,126.274121,-112.467632,34.55138,gazetteer_intpt,
2020,81901,"Sierra Vista, AZ",04,54274,54274,73.25236,73.25236,-110.270123,31.523336,gazetteer_intpt,
2020,88732,"Tucson, AZ",04,875441,875441,925.530003,925.530003,-110.940596,32.26211,gazetteer_intpt,
2020,98020,"Yuma, AZ--CA",04,134457,135717,134.146713,137.158796,-114.616357,32.679229,polygon_x_state_reppoint,
2020,19801,"Conway, AR",05,66619,66619,85.159076,85.159076,-92.447413,35.068797,gazetteer_intpt,
2020,29494,"Fayetteville--Springdale--Rogers, AR--MO",05,373662,373687,512.295378,513.516214,-94.150655,36.244456,polygon_x_state_reppoint,
2020,30925,"Fort Smith, AR--OK",05,124000,125811,187.398896,191.590332,-94.381504,35.359498,polygon_x_state_reppoint,
2020,40213,"Hot Springs, AR",05,59133,59133,130.215704,130.215704,-93.079133,34.476076,gazetteer_intpt,
2020,43345,"Jonesboro, AR",05,73781,73781,120.420945,120.420945,-90.686427,35.822904,gazetteer_intpt,
2020,50392,"Little Rock, AR",05,461864,461864,693.638192,693.638192,-92.326276,34.756962,gazetteer_intpt,
2020,56116,"Memphis, TN--MS--AR",05,39313,1056190,58.764473,1272.37601,-90.202746,35.192557,polygon_x_state_reppoint,
2020,87193,"Texarkana, TX--AR",05,25600,78744,56.028672,172.594807,-94.005913,33.445303,polygon_x_state_reppoint,
2020,02683,"Antioch, CA",06,326205,326205,189.968288,189.968288,-121.79064,37.985757,gazetteer_intpt,
2020,03196,"Arroyo Grande--Grover Beach--Pismo Beach, CA",06,50885,50885,44.22339,44.22339,-120.604569,35.123896,gazetteer_intpt,
2020,04681,"Bakersfield, CA",06,570235,570235,342.190994,342.190994,-119.049231,35.365109,gazetteer_intpt,
2020,12754,"Camarillo, CA",06,76338,76338,58.220217,58.220217,-119.037376,34.22539,gazetteer_intpt,
2020,16318,"Chico, CA",06,111411,111411,87.321741,87.321741,-121.840979,39.755529,gazetteer_intpt,
2020,19504,"Concord--Walnut Creek, CA",06,538583,538583,455.224735,455.224735,-122.034764,37.889913,gazetteer_intpt,
2020,22420,"Davis, CA",06,77034,77034,31.50026,31.50026,-121.735394,38.550686,gazetteer_intpt,
2020,26405,"El Centro, CA",06,74376,74376,50.1209,50.1209,-115.560322,32.802839,gazetteer_intpt,
2020,27261,"El Paso de Robles (Paso Robles)--Atascadero, CA",06,67804,67804,77.603788,77.603788,-120.624475,35.444573,gazetteer_intpt,
2020,28657,"Fairfield, CA",06,150122,150122,105.69464,105.69464,-122.032386,38.26206,gazetteer_intpt,
2020,31843,"Fresno, CA",06,717589,717589,412.096133,412.096133,-119.769,36.789045,gazetteer_intpt,
2020,33328,"Gilroy--Morgan Hill, CA",06,114833,114833,110.178871,110.178871,-121.613669,37.087699,gazetteer_intpt,
2020,36703,"Hanford, CA",06,66638,66638,47.217676,47.217676,-119.659017,36.331388,gazetteer_intpt,
2020,38215,"Hemet, CA",06,173194,173194,95.979394,95.979394,-116.961386,33.754403,gazetteer_intpt,
2020,41347,"Indio--Palm Desert--Palm Springs, CA",06,361075,361075,393.219428,393.219428,-116.346592,33.748469,gazetteer_intpt,
2020,50533,"Livermore--Pleasanton--Dublin, CA",06,240381,240381,169.020821,169.020821,-121.829039,37.690335,gazetteer_intpt,
2020,50851,"Lodi, CA",06,73090,73090,42.320716,42.320716,-121.279286,38.139895,gazetteer_intpt,
2020,51040,"Lompoc, CA",06,54287,54287,25.407607,25.407607,-120.466341,34.666153,gazetteer_intpt,
2020,51445,"Los Angeles--Long Beach--Anaheim, CA",06,12237376,12237376,4239.35962,4239.35962,-118.122395,33.984996,gazetteer_intpt,
2020,52984,"Madera, CA",06,81635,81635,54.285495,54.285495,-120.068622,36.973385,gazetteer_intpt,
2020,54145,"Manteca, CA",06,86674,86674,53.018651,53.018651,-121.229936,37.799839,gazetteer_intpt,
2020,56251,"Merced, CA",06,150052,150052,111.568397,111.568397,-120.46947,37.301766,gazetteer_intpt,
2020,57709,"Mission Viejo--Lake Forest--Laguna Niguel, CA",06,646843,646843,423.806207,423.806207,-117.665161,33.566169,gazetteer_intpt,
2020,58006,"Modesto, CA",06,357301,357301,182.281708,182.281708,-120.97713,37.65459,gazetteer_intpt,
2020,61057,"Napa, CA",06,84619,84619,52.699865,52.699865,-122.291708,38.309526,gazetteer_intpt,
2020,66673,"Oxnard--San Buenaventura (Ventura), CA",06,376117,376117,198.411033,198.411033,-119.209065,34.259135,gazetteer_intpt,
2020,67140,"Palmdale--Lancaster, CA",06,359559,359559,219.588587,219.588587,-118.194632,34.698826,gazetteer_intpt,
2020,68887,"Petaluma, CA",06,65227,65227,54.295333,54.295333,-122.640938,38.248514,gazetteer_intpt,
2020,71074,"Porterville, CA",06,69862,69862,42.345271,42.345271,-119.029182,36.071919,gazetteer_intpt,
2020,73774,"Redding, CA",06,120602,120602,173.68329,173.68329,-122.35499,40.566076,gazetteer_intpt,
2020,74179,"Reno, NV--CA",06,40,446529,0.172125,428.465811,-120.008133,39.525284,polygon_x_state_reppoint,
2020,75340,"Riverside--San Bernardino, CA",06,2276703,2276703,1576.174299,1576.174299,-117.382515,33.988008,gazetteer_intpt,
2020,77068,"Sacramento, CA",06,1946618,1946618,1211.031346,1211.031346,-121.332023,38.637389,gazetteer_intpt,
2020,78310,"Salinas, CA",06,177532,177532,77.392699,77.392699,-121.662088,36.674424,gazetteer_intpt,
2020,78661,"San Diego, CA",06,3070300,3070300,1747.527134,1747.527134,-117.130452,32.911871,gazetteer_intpt,
2020,78904,"San Francisco--Oakland, CA",06,3515933,3515933,1330.727047,1330.727047,-122.270088,37.784954,gazetteer_intpt,
2020,79039,"San Jose, CA",06,1837446,1837446,739.386477,739.386477,-121.957483,37.337217,gazetteer_intpt,
2020,79147,"San Luis Obispo, CA",06,56904,56904,36.537326,36.537326,-120.662387,35.263501,gazetteer_intpt,
2020,79282,"Santa Barbara, CA",06,202197,202197,141.962041,141.962041,-119.727769,34.429742,gazetteer_intpt,
2020,79309,"Santa Clarita, CA",06,278031,278031,201.619528,201.619528,-118.523096,34.429766,gazetteer_intpt,
2020,79336,"Santa Cruz, CA",06,169038,169038,156.565432,156.565432,-122.000434,37.063401,gazetteer_intpt,
2020,79417,"Santa Maria, CA",06,143609,143609,70.087992,70.087992,-120.440575,34.913974,gazetteer_intpt,
2020,79498,"Santa Rosa, CA",06,297329,297329,205.625198,205.625198,-122.728683,38.452021,gazetteer_intpt,
2020,80362,"Seaside--Monterey--Pacific Grove, CA",06,123495,123495,106.659553,106.659553,-121.863629,36.601889,gazetteer_intpt,
2020,82144,"Simi Valley, CA",06,127364,127364,81.914688,81.914688,-118.745885,34.270131,gazetteer_intpt,
2020,85087,"Stockton, CA",06,414847,414847,239.47582,239.47582,-121.28869,37.953268,gazetteer_intpt,
2020,87004,"Temecula--Murrieta--Menifee, CA",06,528991,528991,389.726572,389.726572,-117.138802,33.540841,gazetteer_intpt,
2020,87490,"Thousand Oaks, CA",06,213986,213986,207.708756,207.708756,-118.8554,34.195202,gazetteer_intpt,
2020,88280,"Tracy--Mountain House, CA",06,120912,120912,70.071736,70.071736,-121.454982,37.736143,gazetteer_intpt,
2020,88840,"Tulare, CA",06,70628,70628,45.879904,45.879904,-119.337017,36.204616,gazetteer_intpt,
2020,89083,"Turlock, CA",06,79203,79203,43.754342,43.754342,-120.846718,37.508819,gazetteer_intpt,
2020,89866,"Vacaville, CA",06,101027,101027,55.91679,55.91679,-121.965249,38.364238,gazetteer_intpt,
2020,90028,"Vallejo, CA",06,175132,175132,102.667537,102.667537,-122.217775,38.111087,gazetteer_intpt,
2020,90541,"Victorville--Hesperia--Apple Valley, CA",06,355816,355816,341.294239,341.294239,-117.301834,34.477485,gazetteer_intpt,
2020,90946,"Visalia, CA",06,160578,160578,97.6535,97.6535,-119.315313,36.328953,gazetteer_intpt,
2020,92890,"Watsonville, CA",06,68668,68668,38.071821,38.071821,-121.777332,36.927978,gazetteer_intpt,
2020,96994,"Woodland, CA",06,61133,61133,33.06297,33.06297,-121.761529,38.674234,gazetteer_intpt,
2020,97939,"Yuba City, CA",06,125706,125706,77.697453,77.697453,-121.604141,39.123148,gazetteer_intpt,
2020,98020,"Yuma, AZ--CA",06,1260,135717,3.012083,137.158796,-114.640724,32.736801,polygon_x_state_reppoint,
2020,09298,"Boulder, CO",08,120828,120828,65.911869,65.911869,-105.243811,40.023878,gazetteer_intpt,
2020,14563,"Castle Rock, CO",08,85350,85350,92.478222,92.478222,-104.865046,39.39969,gazetteer_intpt,
2020,18856,"Colorado Springs, CO",08,632494,632494,518.938356,518.938356,-104.770643,38.872952,gazetteer_intpt,
2020,23527,"Denver--Aurora, CO",08,2686147,2686147,1669.352291,1669.352291,-104.959388,39.732149,gazetteer_intpt,
2020,30628,"Fort Collins, CO",08,326332,326332,305.559749,305.559749,-105.111884,40.563092,gazetteer_intpt,
2020,34273,"Grand Junction, CO",08,135973,135973,195.824841,195.824841,-108.567452,39.089062,gazetteer_intpt,
2020,34786,"Greeley, CO",08,137222,137222,96.603258,96.603258,-104.730887,40.407553,gazetteer_intpt,
2020,46126,"Lafayette--Erie--Louisville, CO",08,96485,96485,90.623189,90.623189,-105.087215,40.007925,gazetteer_intpt,
2020,51175,"Longmont, CO",08,100776,100776,62.59811,62.59811,-105.107689,40.16821,gazetteer_intpt,
2020,72613,"Pueblo, CO",08,120642,120642,141.680092,141.680092,-104.596443,38.265919,gazetteer_intpt,
2020,10162,"Bridgeport--Stamford, CT--NY",09,860974,916408,981.429258,1028.982132,-73.172948,41.273818,polygon_x_state_reppoint,
2020,22096,"Danbury, CT--NY",09,165488,171680,294.13752,306.884173,-73.412955,41.482659,polygon_x_state_reppoint,
2020,37243,"Hartford, CT",09,977158,977158,1388.045129,1388.045129,-72.70287,41.770271,gazetteer_intpt,
2020,62407,"New Haven, CT",09,561456,561456,771.848509,771.848509,-72.878698,41.320655,gazetteer_intpt,
2020,64135,"Norwich--New London, CT",09,167432,167432,302.30066,302.30066,-72.098088,41.411386,gazetteer_intpt,
2020,83926,"Springfield, MA--CT",09,943,442145,2.420111,522.574324,-72.752721,42.021237,polygon_x_state_reppoint,
2020,92485,"Waterbury, CT",09,199317,199317,239.413612,239.413612,-73.042036,41.545429,gazetteer_intpt,
2020,97291,"Worcester, MA--CT",09,1255,482085,3.907071,674.150071,-71.944601,42.020029,polygon_x_state_reppoint,
2020,24580,"Dover, DE",10,123101,123101,187.2669,187.2669,-75.548114,39.146316,gazetteer_intpt,
2020,69076,"Philadelphia, PA--NJ--DE--MD",10,494087,5696125,492.582276,4916.288579,-75.661361,39.690184,polygon_x_state_reppoint,
2020,78364,"Salisbury, MD--DE",10,2321,78075,4.222817,125.341432,-75.550044,38.465552,polygon_x_state_reppoint,
2020,92242,"Washington--Arlington, DC--VA--MD",11,689545,5174759,158.316124,3352.762591,-76.987565,38.893264,polygon_x_state_reppoint,
2020,07472,"Beverly Hills--Homosassa Springs--Pine Ridge, FL",12,96729,96729,307.760295,307.760295,-82.443873,28.892968,gazetteer_intpt,
2020,08974,"Bonita Springs--Estero, FL",12,425675,425675,629.261315,629.261315,-81.746589,26.23611,gazetteer_intpt,
2020,09536,"Bradenton--Sarasota--Venice, FL",12,779075,779075,1047.08487,1047.08487,-82.457015,27.28683,gazetteer_intpt,
2020,13510,"Cape Coral, FL",12,599242,599242,859.359686,859.359686,-81.853564,26.607991,gazetteer_intpt,
2020,22612,"Daytona Beach--Palm Coast--Port Orange, FL",12,402126,402126,550.006605,550.006605,-81.086166,29.27457,gazetteer_intpt,
2020,23311,"Deltona, FL",12,210712,210712,282.265175,282.265175,-81.259659,28.989805,gazetteer_intpt,
2020,29608,"Fernandina Beach--Yulee, FL",12,50805,50805,130.93503,130.93503,-81.503427,30.603798,gazetteer_intpt,
2020,31150,"Four Corners, FL",12,92396,92396,218.809161,218.809161,-81.677666,28.234664,gazetteer_intpt,
2020,32167,"Gainesville, FL",12,213748,213748,227.134311,227.134311,-82.387728,29.656213,gazetteer_intpt,
2020,42346,"Jacksonville, FL",12,1247374,1247374,1484.772025,1484.772025,-81.633677,30.251861,gazetteer_intpt,
2020,45451,"Kissimmee--St. Cloud, FL",12,418404,418404,418.493199,418.493199,-81.370801,28.30727,gazetteer_intpt,
2020,46828,"Lakeland, FL",12,277915,277915,377.964243,377.964243,-81.967106,28.040815,gazetteer_intpt,
2020,48799,"Leesburg--Eustis--Tavares, FL",12,151523,151523,222.984477,222.984477,-81.894709,28.793147,gazetteer_intpt,
2020,56602,"Miami--Fort Lauderdale, FL",12,6077522,6077522,3222.398623,3222.398623,-80.230395,26.196181,gazetteer_intpt,
2020,61372,"Navarre--Miramar Beach--Destin, FL",12,226213,226213,309.811016,309.811016,-86.657337,30.433463,gazetteer_intpt,
2020,64567,"Ocala, FL",12,182647,182647,323.814545,323.814545,-82.136378,29.160658,gazetteer_intpt,
2020,65863,"Orlando, FL",12,1853896,1853896,1669.543451,1669.543451,-81.420991,28.576814,gazetteer_intpt,
2020,67105,"Palm Bay--Melbourne, FL",12,510675,510675,648.909132,648.909132,-80.673966,28.187878,gazetteer_intpt,
2020,67305,"Panama City--Panama City Beach, FL",12,162060,162060,309.423147,309.423147,-85.893505,30.228195,gazetteer_intpt,
2020,68482,"Pensacola, FL--AL",12,378359,390172,638.164185,679.971435,-87.260474,30.457744,polygon_x_state_reppoint,
2020,70480,"Poinciana, FL",12,53267,53267,59.869472,59.869472,-81.456688,28.113549,gazetteer_intpt,
2020,71060,"Port Charlotte--North Port, FL",12,199998,199998,348.853451,348.853451,-82.119823,27.000795,gazetteer_intpt,
2020,71479,"Port St. Lucie, FL",12,437745,437745,580.755409,580.755409,-80.294092,27.2619,gazetteer_intpt,
2020,77230,"St. Augustine, FL",12,91786,91786,149.639844,149.639844,-81.328263,29.883433,gazetteer_intpt,
2020,80416,"Sebring--Avon Park, FL",12,63297,63297,115.274385,115.274385,-81.48274,27.535435,gazetteer_intpt,
2020,84024,"Spring Hill, FL",12,169050,169050,329.568649,329.568649,-82.543133,28.471137,gazetteer_intpt,
2020,86464,"Tallahassee, FL",12,252934,252934,324.937638,324.937638,-84.27224,30.476367,gazetteer_intpt,
2020,86599,"Tampa--St. Petersburg, FL",12,2783045,2783045,2509.539028,2509.539028,-82.518359,28.010427,gazetteer_intpt,
2020,87285,"The Villages--Lady Lake, FL",12,161736,161736,255.167012,255.167012,-81.996972,28.946365,gazetteer_intpt,
2020,87787,"Titusville, FL",12,62459,62459,103.48413,103.48413,-80.835897,28.595829,gazetteer_intpt,
2020,90406,"Vero Beach--Sebastian, FL",12,174292,174292,274.80245,274.80245,-80.426951,27.671084,gazetteer_intpt,
2020,96697,"Winter Haven, FL",12,253251,253251,369.641486,369.641486,-81.792147,27.959397,gazetteer_intpt,
2020,98182,"Zephyrhills, FL",12,55133,55133,88.329081,88.329081,-82.191154,28.247927,gazetteer_intpt,
2020,00901,"Albany, GA",13,85960,85960,172.252814,172.252814,-84.172328,31.586505,gazetteer_intpt,
2020,03763,"Athens-Clarke County, GA",13,143213,143213,237.882105,237.882105,-83.396107,33.944601,gazetteer_intpt,
2020,03817,"Atlanta, GA",13,5100112,5100112,6612.37689,6612.37689,-84.337701,33.834858,gazetteer_intpt,
2020,04222,"Augusta-Richmond County, GA--SC",13,322081,431480,474.502413,707.822587,-82.04427,33.451323,polygon_x_state_reppoint,
2020,11026,"Brunswick--St. Simons, GA",13,68750,68750,152.826893,152.826893,-81.494876,31.202499,gazetteer_intpt,
2020,14185,"Cartersville, GA",13,52351,52351,115.053727,115.053727,-84.817404,34.202636,gazetteer_intpt,
2020,15832,"Chattanooga, TN--GA",13,78160,398569,185.326196,755.506593,-85.140061,34.922954,polygon_x_state_reppoint,
2020,19099,"Columbus, GA--AL",13,205027,267746,252.455649,369.997871,-84.932174,32.484068,polygon_x_state_reppoint,
2020,22069,"Dalton, GA",13,67830,67830,148.895536,148.895536,-84.975143,34.779018,gazetteer_intpt,
2020,32194,"Gainesville, GA",13,164365,164365,386.251091,386.251091,-83.86262,34.233735,gazetteer_intpt,
2020,39133,"Hinesville, GA",13,53107,53107,96.427435,96.427435,-81.622761,31.82911,gazetteer_intpt,
2020,52822,"Macon-Bibb County, GA",13,140111,140111,257.116553,257.116553,-83.676551,32.844701,gazetteer_intpt,
2020,76204,"Rome, GA",13,60403,60403,116.271186,116.271186,-85.190307,34.26508,gazetteer_intpt,
2020,79768,"Savannah, GA",13,309466,309466,533.142236,533.142236,-81.16825,32.050799,gazetteer_intpt,
2020,89974,"Valdosta, GA",13,76769,76769,106.937295,106.937295,-83.287724,30.865954,gazetteer_intpt,
2020,91783,"Warner Robins, GA",13,141132,141132,228.733512,228.733512,-83.658043,32.589889,gazetteer_intpt,
2020,96130,"Winder, GA",13,50189,50189,134.031585,134.031585,-83.769039,34.001245,gazetteer_intpt,
2020,39889,"Honolulu, HI",15,853252,853252,375.480534,375.480534,-157.934894,21.358753,gazetteer_intpt,
2020,43615,"Kahului--Wailuku, HI",15,57905,57905,35.007714,35.007714,-156.489731,20.886471,gazetteer_intpt,
2020,43669,"Kailua (Honolulu County)--Kaneohe, HI",15,118092,118092,75.845561,75.845561,-157.773911,21.405305,gazetteer_intpt,
2020,08785,"Boise City, ID",16,433180,433180,360.604917,360.604917,-116.301508,43.617616,gazetteer_intpt,
2020,18451,"Coeur d'Alene, ID",16,121831,121831,121.096977,121.096977,-116.794297,47.764472,gazetteer_intpt,
2020,40996,"Idaho Falls, ID",16,105132,105132,106.858629,106.858629,-112.005613,43.494388,gazetteer_intpt,
2020,49312,"Lewiston, ID--WA",16,34131,54798,41.507193,72.334135,-117.010808,46.398131,polygon_x_state_reppoint,
2020,60976,"Nampa, ID",16,177561,177561,170.587916,170.587916,-116.596959,43.603365,gazetteer_intpt,
2020,70426,"Pocatello, ID",16,72211,72211,71.130648,71.130648,-112.44467,42.883271,gazetteer_intpt,
2020,89245,"Twin Falls, ID",16,58808,58808,57.151291,57.151291,-114.454094,42.562891,gazetteer_intpt,
2020,01765,"Alton, IL",17,79260,79260,154.514205,154.514205,-90.121266,38.898528,gazetteer_intpt,
2020,06760,"Beloit, WI--IL",17,18981,63073,33.275638,82.713169,-89.032753,42.458409,polygon_x_state_reppoint,
2020,08407,"Bloomington--Normal, IL",17,134100,134100,130.436714,130.436714,-88.978991,40.493771,gazetteer_intpt,
2020,13537,"Cape Girardeau, MO--IL",17,160,55546,0.168286,80.851552,-89.496228,37.29605,polygon_x_state_reppoint,
2020,15211,"Champaign, IL",17,147452,147452,120.497761,120.497761,-88.247566,40.106338,gazetteer_intpt,
2020,16264,"Chicago, IL--IN",17,8140136,8671746,5332.2655,6055.094918,-87.925772,41.942496,polygon_x_state_reppoint,
2020,22366,"Davenport, IA--IL",17,133734,285211,179.202856,349.283232,-90.436045,41.518899,polygon_x_state_reppoint,
2020,22717,"Decatur, IL",17,86287,86287,142.726115,142.726115,-88.934605,39.844714,gazetteer_intpt,
2020,22960,"DeKalb, IL",17,64736,64736,66.387396,66.387396,-88.723629,41.948874,gazetteer_intpt,
2020,24823,"Dubuque, IA--IL",17,2558,70332,6.006093,88.492622,-90.611105,42.478541,polygon_x_state_reppoint,
2020,43885,"Kankakee, IL",17,66530,66530,81.999622,81.999622,-87.86763,41.134566,gazetteer_intpt,
2020,66781,"Paducah, KY--IL",17,751,50833,1.510283,107.25344,-88.625848,37.131155,polygon_x_state_reppoint,
2020,68509,"Peoria, IL",17,259781,259781,377.582973,377.582973,-89.584645,40.695744,gazetteer_intpt,
2020,75718,"Rockford, IL",17,276443,276443,346.575428,346.575428,-89.017318,42.291696,gazetteer_intpt,
2020,76474,"Round Lake Beach--McHenry--Grayslake, IL--WI",17,248461,261835,307.519097,330.515051,-88.076311,42.399135,polygon_x_state_reppoint,
2020,77770,"St. Louis, MO--IL",17,355672,2156323,628.883066,2357.846658,-90.130159,38.623772,polygon_x_state_reppoint,
2020,83899,"Springfield, IL",17,159265,159265,211.702388,211.702388,-89.648966,39.787688,gazetteer_intpt,
2020,02386,"Anderson, IN",18,79517,79517,135.120308,135.120308,-85.676223,40.086247,gazetteer_intpt,
2020,08380,"Bloomington, IN",18,110103,110103,111.461459,111.461459,-86.552907,39.166091,gazetteer_intpt,
2020,16264,"Chicago, IL--IN",18,531610,8671746,722.829418,6055.094918,-87.353971,41.543845,polygon_x_state_reppoint,
2020,19126,"Columbus, IN",18,60982,60982,72.160366,72.160366,-85.922884,39.239026,gazetteer_intpt,
2020,26794,"Elkhart, IN--MI",18,147468,148199,242.775462,245.890129,-85.920549,41.624093,polygon_x_state_reppoint,
2020,28333,"Evansville, IN",18,206855,206855,292.028104,292.028104,-87.526177,38.007208,gazetteer_intpt,
2020,31087,"Fort Wayne, IN",18,335934,335934,423.710136,423.710136,-85.147434,41.097619,gazetteer_intpt,
2020,41212,"Indianapolis, IN",18,1699881,1699881,1871.39173,1871.39173,-86.144068,39.815038,gazetteer_intpt,
2020,45694,"Kokomo, IN",18,62576,62576,84.173198,84.173198,-86.138253,40.467108,gazetteer_intpt,
2020,46018,"Lafayette, IN",18,157100,157100,178.037526,178.037526,-86.880127,40.417745,gazetteer_intpt,
2020,51755,"Louisville/Jefferson County, KY--IN",18,141645,974397,200.133346,1038.222036,-85.737517,38.343204,polygon_x_state_reppoint,
2020,56656,"Michigan City--La Porte, IN--MI",18,67282,71367,104.419558,127.322729,-86.889587,41.702844,polygon_x_state_reppoint,
2020,60625,"Muncie, IN",18,84382,84382,124.842172,124.842172,-85.407244,40.198112,gazetteer_intpt,
2020,83116,"South Bend, IN--MI",18,250166,278921,328.675901,383.126435,-86.209212,41.674335,polygon_x_state_reppoint,
2020,87139,"Terre Haute, IN",18,79862,79862,121.301131,121.301131,-87.376375,39.462048,gazetteer_intpt,
2020,90095,"Valparaiso--Shorewood Forest, IN",18,51867,51867,87.117095,87.117095,-87.061615,41.477516,gazetteer_intpt,
2020,02062,"Ames, IA",19,66342,66342,57.904564,57.904564,-93.629124,42.02461,gazetteer_intpt,
2020,14752,"Cedar Rapids, IA",19,192844,192844,222.816547,222.816547,-91.666429,41.989546,gazetteer_intpt,
2020,22366,"Davenport, IA--IL",19,151477,285211,170.080376,349.283232,-90.526345,41.581061,polygon_x_state_reppoint,
2020,23743,"Des Moines, IA",19,542486,542486,582.080584,582.080584,-93.665233,41.620998,gazetteer_intpt,
2020,24823,"Dubuque, IA--IL",19,67774,70332,82.486529,88.492622,-90.706672,42.507103,polygon_x_state_reppoint,
2020,41590,"Iowa City, IA",19,126810,126810,131.65935,131.65935,-91.570692,41.682832,gazetteer_intpt,
2020,65269,"Omaha, NE--IA",19,68447,819508,91.096082,701.398536,-95.850253,41.239465,polygon_x_state_reppoint,
2020,82225,"Sioux City, IA--NE--SD",19,88855,113066,106.843765,142.539898,-96.351873,42.466347,polygon_x_state_reppoint,
2020,92593,"Waterloo, IA",19,114139,114139,165.00618,165.00618,-92.378435,42.495329,gazetteer_intpt,
2020,43912,"Kansas City, MO--KS",20,742694,1674218,796.353821,1849.506374,-94.693984,38.989095,polygon_x_state_reppoint,
2020,48232,"Lawrence, KS",20,94998,94998,77.505179,77.505179,-95.265468,38.959551,gazetteer_intpt,
2020,53848,"Manhattan, KS",20,60454,60454,66.921857,66.921857,-96.604163,39.184723,gazetteer_intpt,
2020,77743,"St. Joseph, MO--KS",20,2127,77187,7.963411,114.859424,-94.879012,39.751533,polygon_x_state_reppoint,
2020,88084,"Topeka, KS",20,148956,148956,218.179861,218.179861,-95.693507,39.036179,gazetteer_intpt,
2020,95077,"Wichita, KS",20,500231,500231,587.514018,587.514018,-97.325663,37.68346,gazetteer_intpt,
2020,09379,"Bowling Green, KY",21,97814,97814,135.135616,135.135616,-86.440824,36.963135,gazetteer_intpt,
2020,16885,"Cincinnati, OH--KY",21,355231,1686744,466.577788,1948.383614,-84.603569,38.990879,polygon_x_state_reppoint,
2020,17317,"Clarksville, TN--KY",21,19902,200947,34.657774,292.896076,-87.48169,36.664772,polygon_x_state_reppoint,
2020,26750,"Elizabethtown--Radcliff, KY",21,76441,76441,144.587421,144.587421,-85.949265,37.873754,gazetteer_intpt,
2020,40753,"Huntington, WV--KY--OH",21,54965,200157,110.544565,333.783727,-82.657681,38.469639,polygon_x_state_reppoint,
2020,49582,"Lexington-Fayette, KY",21,315631,315631,217.54313,217.54313,-84.496408,38.026279,gazetteer_intpt,
2020,51755,"Louisville/Jefferson County, KY--IN",21,832752,974397,838.08869,1038.222036,-85.683082,38.193115,polygon_x_state_reppoint,
2020,66484,"Owensboro, KY",21,76433,76433,94.271466,94.271466,-87.110782,37.756016,gazetteer_intpt,
2020,66781,"Paducah, KY--IL",21,50082,50833,105.743157,107.25344,-88.653733,37.042855,polygon_x_state_reppoint,
2020,01279,"Alexandria, LA",22,78305,78305,167.60015,167.60015,-92.447707,31.3237,gazetteer_intpt,
2020,05680,"Baton Rouge, LA",22,631326,631326,1026.517587,1026.517587,-91.032862,30.410839,gazetteer_intpt,
2020,36514,"Hammond, LA",22,72526,72526,197.927665,197.927665,-90.476454,30.484827,gazetteer_intpt,
2020,40375,"Houma, LA",22,145482,145482,245.761136,245.761136,-90.749497,29.676994,gazetteer_intpt,
2020,46045,"Lafayette, LA",22,227316,227316,417.506929,417.506929,-92.033057,30.19045,gazetteer_intpt,
2020,46531,"Lake Charles, LA",22,162501,162501,330.850319,330.850319,-93.251535,30.213207,gazetteer_intpt,
2020,53794,"Mandeville--Covington, LA",22,113763,113763,218.412386,218.412386,-90.107066,30.433677,gazetteer_intpt,
2020,58330,"Monroe, LA",22,119964,119964,235.612605,235.612605,-92.116599,32.521516,gazetteer_intpt,
2020,62677,"New Orleans, LA",22,963212,963212,700.004654,700.004654,-90.163994,29.960366,gazetteer_intpt,
2020,81739,"Shreveport, LA",22,288052,288052,468.381155,468.381155,-93.761805,32.483918,gazetteer_intpt,
2020,82468,"Slidell, LA",22,91587,91587,136.057723,136.057723,-89.772787,30.288613,gazetteer_intpt,
2020,04951,"Bangor, ME",23,61539,61539,132.39004,132.39004,-68.806636,44.798865,gazetteer_intpt,
2020,24607,"Dover--Rochester, NH--ME",23,3278,72391,6.693955,135.487667,-70.861411,43.269395,polygon_x_state_reppoint,
2020,49339,"Lewiston, ME",23,60743,60743,81.370404,81.370404,-70.19548,44.078705,gazetteer_intpt,
2020,71263,"Portland, ME",23,205356,205356,320.839656,320.839656,-70.331129,43.624901,gazetteer_intpt,
2020,71506,"Portsmouth, NH--ME",23,35592,95090,137.792608,296.1564,-70.540764,43.380944,polygon_x_state_reppoint,
2020,04843,"Baltimore, MD",24,2212038,2212038,1696.273764,1696.273764,-76.642499,39.23648,gazetteer_intpt,
2020,06290,"Bel Air--Aberdeen, MD",24,214647,214647,277.642,277.642,-76.286721,39.510202,gazetteer_intpt,
2020,31519,"Frederick, MD",24,176456,176456,207.95609,207.95609,-77.363357,39.406328,gazetteer_intpt,
2020,36190,"Hagerstown, MD--WV--PA--VA",24,103778,197557,127.709337,312.789828,-77.724729,39.649445,polygon_x_state_reppoint,
2020,49594,"Lexington Park--California--Chesapeake Ranch Estates, MD",24,62352,62352,120.832052,120.832052,-76.488086,38.304242,gazetteer_intpt,
2020,69076,"Philadelphia, PA--NJ--DE--MD",24,40793,5696125,81.117291,4916.288579,-75.952473,39.605745,polygon_x_state_reppoint,
2020,78364,"Salisbury, MD--DE",24,75754,78075,121.118615,125.341432,-75.564219,38.379926,polygon_x_state_reppoint,
2020,91261,"Waldorf, MD",24,118601,118601,153.719966,153.719966,-76.960747,38.627254,gazetteer_intpt,
2020,92242,"Washington--Arlington, DC--VA--MD",24,1958361,5174759,1406.91639,3352.762591,-76.877517,38.990337,polygon_x_state_reppoint,
2020,02103,"Amherst Town--Northampton--Easthampton Town, MA",25,90570,90570,141.549252,141.549252,-72.653406,42.275255,gazetteer_intpt,
2020,05167,"Barnstable Town, MA",25,303269,303269,883.909133,883.909133,-70.61661,41.627072,gazetteer_intpt,
2020,09271,"Boston, MA--NH",25,4307284,4382009,4061.367266,4288.728505,-71.210848,42.362401,polygon_x_state_reppoint,
2020,49096,"Leominster--Fitchburg, MA",25,111790,111790,137.093774,137.093774,-71.82478,42.555827,gazetteer_intpt,
2020,61165,"Nashua, NH--MA",25,425,242984,0.979445,506.500926,-71.558532,42.699038,polygon_x_state_reppoint,
2020,61786,"New Bedford, MA",25,155491,155491,153.604036,153.604036,-70.937674,41.66492,gazetteer_intpt,
2020,69778,"Pittsfield, MA",25,50720,50720,78.879613,78.879613,-73.235379,42.462385,gazetteer_intpt,
2020,72505,"Providence, RI--MA",25,314095,1285806,492.559759,1409.591947,-71.330084,41.874302,polygon_x_state_reppoint,
2020,83926,"Springfield, MA--CT",25,441202,442145,520.154213,522.574324,-72.540909,42.151483,polygon_x_state_reppoint,
2020,97291,"Worcester, MA--CT",25,480830,482085,670.243,674.150071,-71.731445,42.199024,polygon_x_state_reppoint,
2020,02602,"Ann Arbor, MI",26,317689,317689,371.546429,371.546429,-83.649391,42.237327,gazetteer_intpt,
2020,05707,"Battle Creek, MI",26,75513,75513,122.588672,122.588672,-85.20252,42.313131,gazetteer_intpt,
2020,05869,"Bay City, MI",26,68472,68472,103.422422,103.422422,-83.890414,43.608667,gazetteer_intpt,
2020,07138,"Benton Harbor--Lincoln--St. Joseph, MI",26,61888,61888,136.046516,136.046516,-86.480381,42.052276,gazetteer_intpt,
2020,23824,"Detroit, MI",26,3776890,3776890,3327.686104,3327.686104,-83.22742,42.486581,gazetteer_intpt,
2020,26794,"Elkhart, IN--MI",26,731,148199,3.114667,245.890129,-85.947402,41.76565,polygon_x_state_reppoint,
2020,29872,"Flint, MI",26,298964,298964,532.132381,532.132381,-83.68054,43.012172,gazetteer_intpt,
2020,34300,"Grand Rapids, MI",26,605666,605666,710.585662,710.585662,-85.659628,42.942436,gazetteer_intpt,
2020,39430,"Holland, MI",26,107034,107034,167.841136,167.841136,-86.101547,42.800365,gazetteer_intpt,
2020,42157,"Jackson, MI",26,84307,84307,134.757083,134.757083,-84.403293,42.240704,gazetteer_intpt,
2020,43723,"Kalamazoo, MI",26,204562,204562,283.500821,283.500821,-85.5924,42.247399,gazetteer_intpt,
2020,47719,"Lansing, MI",26,318300,318300,403.591551,403.591551,-84.540265,42.721191,gazetteer_intpt,
2020,56656,"Michigan City--La Porte, IN--MI",26,4085,71367,22.903171,127.322729,-86.7173,41.814352,polygon_x_state_reppoint,
2020,56980,"Midland, MI",26,52340,52340,98.795707,98.795707,-84.232535,43.628847,gazetteer_intpt,
2020,58357,"Monroe, MI",26,57260,57260,91.543157,91.543157,-83.38457,41.931053,gazetteer_intpt,
2020,60841,"Muskegon--Norton Shores, MI",26,166414,166414,290.242927,290.242927,-86.208213,43.158419,gazetteer_intpt,
2020,71155,"Port Huron, MI",26,82226,82226,136.004819,136.004819,-82.483905,42.872398,gazetteer_intpt,
2020,77149,"Saginaw, MI",26,116058,116058,170.238304,170.238304,-83.969163,43.435943,gazetteer_intpt,
2020,83116,"South Bend, IN--MI",26,28755,278921,54.450534,383.126435,-86.239143,41.811845,polygon_x_state_reppoint,
2020,83332,"South Lyon--Hamburg--Genoa, MI",26,145963,145963,309.518775,309.518775,-83.803736,42.519859,gazetteer_intpt,
2020,87868,"Toledo, OH--MI",26,28358,497952,52.796822,623.448818,-83.622629,41.76813,polygon_x_state_reppoint,
2020,88300,"Traverse City--Garfield, MI",26,56890,56890,135.757514,135.757514,-85.611424,44.740926,gazetteer_intpt,
2020,24850,"Duluth, MN--WI",27,92220,119411,128.694468,173.182698,-92.127343,46.775267,polygon_x_state_reppoint,
2020,29089,"Fargo, ND--MN",27,48471,216214,46.541587,201.323267,-96.747762,46.867858,polygon_x_state_reppoint,
2020,34219,"Grand Forks, ND--MN",27,9059,68160,12.506937,68.592818,-97.006135,47.926082,polygon_x_state_reppoint,
2020,45910,"La Crosse, WI--MN",27,5461,98872,8.371288,109.395269,-91.297646,43.828403,polygon_x_state_reppoint,
2020,53983,"Mankato, MN",27,60206,60206,66.384476,66.384476,-93.997161,44.172275,gazetteer_intpt,
2020,57628,"Minneapolis--St. Paul, MN",27,2914866,2914866,2628.301524,2628.301524,-93.283077,44.974458,gazetteer_intpt,
2020,75637,"Rochester, MN",27,121587,121587,133.621364,133.621364,-92.475536,44.015956,gazetteer_intpt,
2020,77338,"St. Cloud, MN",27,117638,117638,139.781775,139.781775,-94.196197,45.56789,gazetteer_intpt,
2020,35920,"Gulfport--Biloxi, MS",28,236344,236344,436.768275,436.768275,-89.042203,30.405084,gazetteer_intpt,
2020,37594,"Hattiesburg, MS",28,80821,80821,164.772737,164.772737,-89.345604,31.318002,gazetteer_intpt,
2020,42211,"Jackson, MS",28,347693,347693,614.234278,614.234278,-90.156706,32.327687,gazetteer_intpt,
2020,56116,"Memphis, TN--MS--AR",28,144728,1056190,260.191354,1272.37601,-89.981825,34.900351,polygon_x_state_reppoint,
2020,67812,"Pascagoula--Gautier, MS",28,51454,51454,99.989675,99.989675,-88.568926,30.413702,gazetteer_intpt,
2020,13537,"Cape Girardeau, MO--IL",29,55386,55546,80.683266,80.851552,-89.551816,37.321898,polygon_x_state_reppoint,
2020,18937,"Columbia, MO",29,141831,141831,174.042803,174.042803,-92.329522,38.943303,gazetteer_intpt,
2020,29494,"Fayetteville--Springdale--Rogers, AR--MO",29,25,373687,1.220836,513.516214,-94.278195,36.509245,polygon_x_state_reppoint,
2020,42967,"Jefferson City, MO",29,50775,50775,89.244391,89.244391,-92.224808,38.569086,gazetteer_intpt,
2020,43399,"Joplin, MO",29,86679,86679,156.777192,156.777192,-94.499217,37.101212,gazetteer_intpt,
2020,43912,"Kansas City, MO--KS",29,931524,1674218,1053.152553,1849.506374,-94.476734,39.06243,polygon_x_state_reppoint,
2020,48826,"Lee's Summit, MO",29,91960,91960,97.369441,97.369441,-94.384348,38.89798,gazetteer_intpt,
2020,77743,"St. Joseph, MO--KS",29,75060,77187,106.896013,114.859424,-94.814874,39.766744,polygon_x_state_reppoint,
2020,77770,"St. Louis, MO--IL",29,1800651,2156323,1728.963592,2357.846658,-90.386734,38.527676,polygon_x_state_reppoint,
2020,83953,"Springfield, MO",29,282651,282651,347.92458,347.92458,-93.280012,37.15865,gazetteer_intpt,
2020,07705,"Billings, MT",30,128787,128787,141.671924,141.671924,-108.53712,45.787459,gazetteer_intpt,
2020,09514,"Bozeman, MT",30,59080,59080,55.406356,55.406356,-111.055647,45.677082,gazetteer_intpt,
2020,34759,"Great Falls, MT",30,67097,67097,78.488614,78.488614,-111.282523,47.502447,gazetteer_intpt,
2020,38161,"Helena, MT",30,52380,52380,82.051726,82.051726,-112.046836,46.606898,gazetteer_intpt,
2020,57736,"Missoula, MT",30,88109,88109,114.715728,114.715728,-114.03166,46.879863,gazetteer_intpt,
2020,34246,"Grand Island, NE",31,55099,55099,76.667722,76.667722,-98.356972,40.924841,gazetteer_intpt,
2020,49933,"Lincoln, NE",31,291217,291217,243.909888,243.909888,-96.678944,40.808955,gazetteer_intpt,
2020,65269,"Omaha, NE--IA",31,751061,819508,610.302454,701.398536,-96.078567,41.219697,polygon_x_state_reppoint,
2020,82225,"Sioux City, IA--NE--SD",31,17135,113066,21.171739,142.539898,-96.432798,42.447593,polygon_x_state_reppoint,
2020,11431,"Bullhead City, AZ--NV",32,219,54396,3.846259,91.669615,-114.575775,35.147368,polygon_x_state_reppoint,
2020,14158,"Carson City, NV",32,61629,61629,67.81888,67.81888,-119.754,39.15537,gazetteer_intpt,
2020,47995,"Las Vegas--Henderson--Paradise, NV",32,2196623,2196623,1127.407757,1127.407757,-115.159181,36.134165,gazetteer_intpt,
2020,74179,"Reno, NV--CA",32,446489,446529,428.293686,428.465811,-119.813023,39.508511,polygon_x_state_reppoint,
2020,09271,"Boston, MA--NH",33,74725,4382009,227.361239,4288.728505,-71.141655,42.836394,polygon_x_state_reppoint,
2020,24607,"Dover--Rochester, NH--ME",33,69113,72391,128.793712,135.487667,-70.893536,43.255156,polygon_x_state_reppoint,
2020,53740,"Manchester, NH",33,163289,163289,208.835588,208.835588,-71.474376,42.992156,gazetteer_intpt,
2020,61165,"Nashua, NH--MA",33,242559,242984,505.521481,506.500926,-71.367233,42.821963,polygon_x_state_reppoint,
2020,71506,"Portsmouth, NH--ME",33,59498,95090,158.363792,296.1564,-70.811466,43.008974,polygon_x_state_reppoint,
2020,01495,"Allentown--Bethlehem, PA--NJ",34,31133,621703,28.578085,677.400838,-75.16598,40.689837,polygon_x_state_reppoint,
2020,03904,"Atlantic City--Ocean City--Villas, NJ",34,294921,294921,421.843599,421.843599,-74.66394,39.239372,gazetteer_intpt,
2020,63217,"New York--Jersey City--Newark, NY--NJ",34,6516605,19426449,4554.575328,8412.591091,-74.400895,40.472532,polygon_x_state_reppoint,
2020,69076,"Philadelphia, PA--NJ--DE--MD",34,1164637,5696125,1218.453514,4916.288579,-75.028054,39.882669,polygon_x_state_reppoint,
2020,88462,"Trenton, NJ",34,370422,370422,344.807881,344.807881,-74.676427,40.245588,gazetteer_intpt,
2020,90730,"Vineland, NJ",34,87226,87226,147.605174,147.605174,-75.023653,39.467265,gazetteer_intpt,
2020,01171,"Albuquerque, NM",35,769837,769837,681.352326,681.352326,-106.623857,35.131793,gazetteer_intpt,
2020,27253,"El Paso, TX--NM",35,30852,854584,28.877582,662.734881,-106.571068,31.805203,polygon_x_state_reppoint,
2020,29278,"Farmington, NM",35,51763,51763,84.492772,84.492772,-108.162366,36.747223,gazetteer_intpt,
2020,47935,"Las Cruces, NM",35,139338,139338,166.979315,166.979315,-106.764238,32.336423,gazetteer_intpt,
2020,51499,"Los Lunas, NM",35,53365,53365,102.095359,102.095359,-106.71537,34.76728,gazetteer_intpt,
2020,79363,"Santa Fe, NM",35,94241,94241,121.214399,121.214399,-105.998441,35.650032,gazetteer_intpt,
2020,00970,"Albany--Schenectady, NY",36,593142,593142,702.671342,702.671342,-73.799324,42.742965,gazetteer_intpt,
2020,07732,"Binghamton, NY",36,155942,155942,180.597279,180.597279,-75.964231,42.10852,gazetteer_intpt,
2020,10162,"Bridgeport--Stamford, CT--NY",36,55434,916408,47.552874,1028.982132,-73.695177,41.025889,polygon_x_state_reppoint,
2020,11350,"Buffalo, NY",36,948864,948864,881.897337,881.897337,-78.81206,42.931099,gazetteer_intpt,
2020,22096,"Danbury, CT--NY",36,6192,171680,12.746653,306.884173,-73.543568,41.471379,polygon_x_state_reppoint,
2020,27118,"Elmira, NY",36,62468,62468,82.09764,82.09764,-76.82518,42.086405,gazetteer_intpt,
2020,33598,"Glens Falls, NY",36,71191,71191,133.689107,133.689107,-73.660113,43.342244,gazetteer_intpt,
2020,41914,"Ithaca, NY",36,59102,59102,63.604468,63.604468,-76.492416,42.458874,gazetteer_intpt,
2020,45262,"Kingston, NY",36,50254,50254,80.544615,80.544615,-73.994901,41.983714,gazetteer_intpt,
2020,45443,"Kiryas Joel, NY",36,71582,71582,74.472197,74.472197,-74.170496,41.334925,gazetteer_intpt,
2020,56899,"Middletown, NY",36,61516,61516,67.238774,67.238774,-74.387442,41.440598,gazetteer_intpt,
2020,63217,"New York--Jersey City--Newark, NY--NJ",36,12909844,19426449,3858.015763,8412.591091,-73.835476,41.020718,polygon_x_state_reppoint,
2020,71803,"Poughkeepsie--Newburgh, NY",36,314766,314766,543.694476,543.694476,-73.927065,41.596693,gazetteer_intpt,
2020,75313,"Riverhead--Southold, NY",36,51120,51120,136.742191,136.742191,-72.540048,41.000841,gazetteer_intpt,
2020,75664,"Rochester, NY",36,704327,704327,755.834267,755.834267,-77.577117,43.144967,gazetteer_intpt,
2020,79633,"Saratoga Springs, NY",36,75684,75684,143.950664,143.950664,-73.76617,43.08963,gazetteer_intpt,
2020,86302,"Syracuse, NY",36,413660,413660,467.581579,467.581579,-76.15442,43.094708,gazetteer_intpt,
2020,89785,"Utica, NY",36,119059,119059,134.794796,134.794796,-75.265934,43.089848,gazetteer_intpt,
2020,92674,"Watertown, NY",36,51832,51832,82.847638,82.847638,-75.796073,44.028459,gazetteer_intpt,
2020,03358,"Asheville, NC",37,285776,285776,643.832055,643.832055,-82.522474,35.509787,gazetteer_intpt,
2020,11728,"Burlington, NC",37,145311,145311,238.325399,238.325399,-79.418004,36.076328,gazetteer_intpt,
2020,15670,"Charlotte, NC--SC",37,1359439,1379873,1663.514821,1703.212422,-80.842967,35.282262,polygon_x_state_reppoint,
2020,17426,"Clayton, NC",37,51898,51898,93.91753,93.91753,-78.372738,35.630165,gazetteer_intpt,
2020,19558,"Concord, NC",37,278612,278612,518.146261,518.146261,-80.596786,35.470793,gazetteer_intpt,
2020,25228,"Durham, NC",37,396118,396118,474.8879,474.8879,-78.937688,35.966985,gazetteer_intpt,
2020,29440,"Fayetteville, NC",37,325008,325008,507.440035,507.440035,-78.97684,35.052628,gazetteer_intpt,
2020,32653,"Gastonia, NC",37,176897,176897,322.657931,322.657931,-81.130167,35.258509,gazetteer_intpt,
2020,33814,"Goldsboro, NC",37,54456,54456,137.683817,137.683817,-77.983021,35.379867,gazetteer_intpt,
2020,35164,"Greensboro, NC",37,338928,338928,438.503913,438.503913,-79.833937,36.080222,gazetteer_intpt,
2020,35380,"Greenville, NC",37,120150,120150,171.917996,171.917996,-77.36578,35.577899,gazetteer_intpt,
2020,38647,"Hickory, NC",37,201511,201511,573.260796,573.260796,-81.421074,35.754921,gazetteer_intpt,
2020,38809,"High Point, NC",37,167830,167830,261.054371,261.054371,-80.014817,35.941676,gazetteer_intpt,
2020,42400,"Jacksonville, NC",37,111224,111224,195.945428,195.945428,-77.41241,34.752668,gazetteer_intpt,
2020,60895,"Myrtle Beach--North Myrtle Beach, SC--NC",37,23593,298954,79.553648,567.047411,-78.542387,33.902146,polygon_x_state_reppoint,
2020,69517,"Pinehurst--Southern Pines, NC",37,50319,50319,123.168161,123.168161,-79.432447,35.182711,gazetteer_intpt,
2020,73261,"Raleigh, NC",37,1106646,1106646,1436.973664,1436.973664,-78.679426,35.778831,gazetteer_intpt,
2020,75988,"Rocky Mount, NC",37,63297,63297,116.432128,116.432128,-77.83026,35.960053,gazetteer_intpt,
2020,95833,"Wilmington, NC",37,255329,255329,368.418797,368.418797,-77.903452,34.21656,gazetteer_intpt,
2020,96670,"Winston-Salem, NC",37,420924,420924,804.94362,804.94362,-80.254992,36.065774,gazetteer_intpt,
2020,07921,"Bismarck, ND",38,98198,98198,108.402649,108.402649,-100.801005,46.819848,gazetteer_intpt,
2020,29089,"Fargo, ND--MN",38,167743,216214,154.78168,201.323267,-96.851286,46.848372,polygon_x_state_reppoint,
2020,34219,"Grand Forks, ND--MN",38,59101,68160,56.085881,68.592818,-97.069407,47.905714,polygon_x_state_reppoint,
2020,57655,"Minot, ND",38,50925,50925,69.075358,69.075358,-101.278541,48.233606,gazetteer_intpt,
2020,00766,"Akron, OH",39,541879,541879,778.645785,778.645785,-81.495355,41.073342,gazetteer_intpt,
2020,13375,"Canton, OH",39,295319,295319,466.699663,466.699663,-81.42373,40.844054,gazetteer_intpt,
2020,16885,"Cincinnati, OH--KY",39,1331513,1686744,1481.805826,1948.383614,-84.516698,39.221404,polygon_x_state_reppoint,
2020,17668,"Cleveland, OH",39,1712178,1712178,1848.754208,1848.754208,-81.601542,41.445919,gazetteer_intpt,
2020,19234,"Columbus, OH",39,1567254,1567254,1336.848856,1336.848856,-82.970803,40.020469,gazetteer_intpt,
2020,22528,"Dayton, OH",39,674046,674046,828.517063,828.517063,-84.176024,39.732177,gazetteer_intpt,
2020,40753,"Huntington, WV--KY--OH",39,32003,200157,51.693271,333.783727,-82.443915,38.441967,polygon_x_state_reppoint,
2020,49852,"Lima, OH",39,68630,68630,126.026967,126.026967,-84.128399,40.734696,gazetteer_intpt,
2020,51364,"Lorain--Elyria, OH",39,199067,199067,234.690093,234.690093,-82.146654,41.41584,gazetteer_intpt,
2020,54091,"Mansfield, OH",39,73545,73545,123.501224,123.501224,-82.527334,40.759245,gazetteer_intpt,
2020,56926,"Middletown, OH",39,93608,93608,138.863196,138.863196,-84.364064,39.482219,gazetteer_intpt,
2020,61705,"Newark, OH",39,81223,81223,114.192298,114.192298,-82.449886,40.021637,gazetteer_intpt,
2020,67672,"Parkersburg, WV--OH",39,7069,62500,13.442182,103.330327,-81.606153,39.278229,polygon_x_state_reppoint,
2020,78774,"Sandusky--Port Clinton, OH",39,61743,61743,139.336526,139.336526,-82.836851,41.550922,gazetteer_intpt,
2020,83980,"Springfield, OH",39,82369,82369,116.751735,116.751735,-83.803638,39.939349,gazetteer_intpt,
2020,84859,"Steubenville--Weirton, OH--WV--PA",39,36066,64981,62.16766,120.028973,-80.638867,40.349896,polygon_x_state_reppoint,
2020,87868,"Toledo, OH--MI",39,469594,497952,570.651996,623.448818,-83.585934,41.603521,polygon_x_state_reppoint,
2020,94726,"Wheeling, WV--OH",39,25037,57695,35.022745,95.33864,-80.888631,40.073089,polygon_x_state_reppoint,
2020,97831,"Youngstown, OH",39,320901,320901,507.544101,507.544101,-80.705804,41.1364,gazetteer_intpt,
2020,27631,"Enid, OK",40,50194,50194,76.371567,76.371567,-97.893218,36.39856,gazetteer_intpt,
2020,30925,"Fort Smith, AR--OK",40,1811,125811,4.191436,191.590332,-94.441156,35.355481,polygon_x_state_reppoint,
2020,48394,"Lawton, OK",40,87464,87464,121.3005,121.3005,-98.425135,34.619667,gazetteer_intpt,
2020,63433,"Norman, OK",40,120191,120191,119.039642,119.039642,-97.441856,35.212674,gazetteer_intpt,
2020,65080,"Oklahoma City, OK",40,982276,982276,1092.275518,1092.275518,-97.535571,35.496869,gazetteer_intpt,
2020,88948,"Tulsa, OK",40,722810,722810,876.251014,876.251014,-95.893198,36.095436,gazetteer_intpt,
2020,00955,"Albany, OR",41,62074,62074,59.695502,59.695502,-123.093403,44.635118,gazetteer_intpt,
2020,06868,"Bend, OR",41,106988,106988,109.834087,109.834087,-121.31822,44.050969,gazetteer_intpt,
2020,20422,"Corvallis, OR",41,66791,66791,45.203631,45.203631,-123.292341,44.567815,gazetteer_intpt,
2020,28117,"Eugene, OR",41,270179,270179,190.326261,190.326261,-123.085685,44.069521,gazetteer_intpt,
2020,34516,"Grants Pass, OR",41,55724,55724,78.779843,78.779843,-123.311208,42.438921,gazetteer_intpt,
2020,51283,"Longview, WA--OR",41,2377,69841,5.949635,91.145801,-122.968793,46.076868,polygon_x_state_reppoint,
2020,55981,"Medford, OR",41,171640,171640,163.221156,163.221156,-122.84409,42.331637,gazetteer_intpt,
2020,71317,"Portland, OR--WA",41,1679601,2104238,1024.865848,1344.980476,-122.687301,45.454473,polygon_x_state_reppoint,
2020,78229,"Salem, OR",41,268331,268331,188.247416,188.247416,-123.003454,44.933155,gazetteer_intpt,
2020,91405,"Walla Walla, WA--OR",41,104,50013,0.579852,61.804396,-118.384779,45.992103,polygon_x_state_reppoint,
2020,01495,"Allentown--Bethlehem, PA--NJ",42,590570,621703,648.822753,677.400838,-75.404956,40.633999,polygon_x_state_reppoint,
2020,01792,"Altoona, PA",42,74426,74426,95.860663,95.860663,-78.398538,40.477649,gazetteer_intpt,
2020,15184,"Chambersburg, PA",42,50094,50094,89.808865,89.808865,-77.631496,39.942614,gazetteer_intpt,
2020,27766,"Erie, PA",42,187820,187820,189.948084,189.948084,-80.112692,42.088867,gazetteer_intpt,
2020,36190,"Hagerstown, MD--WV--PA--VA",42,10622,197557,23.152427,312.789828,-77.759282,39.76357,polygon_x_state_reppoint,
2020,36784,"Hanover, PA",42,56712,56712,66.588828,66.588828,-76.989774,39.80299,gazetteer_intpt,
2020,37081,"Harrisburg, PA",42,490859,490859,648.14371,648.14371,-76.877022,40.246448,gazetteer_intpt,
2020,37945,"Hazleton, PA",42,50860,50860,49.258949,49.258949,-75.999034,40.965395,gazetteer_intpt,
2020,43291,"Johnstown, PA",42,61521,61521,89.862309,89.862309,-78.896655,40.299139,gazetteer_intpt,
2020,47530,"Lancaster--Manheim, PA",42,394530,394530,470.163952,470.163952,-76.312135,40.09589,gazetteer_intpt,
2020,48664,"Lebanon, PA",42,75485,75485,84.715873,84.715873,-76.400594,40.343807,gazetteer_intpt,
2020,69076,"Philadelphia, PA--NJ--DE--MD",42,3996608,5696125,3124.135498,4916.288579,-75.129387,40.107785,polygon_x_state_reppoint,
2020,69697,"Pittsburgh, PA",42,1745039,1745039,2348.194653,2348.194653,-79.960164,40.45932,gazetteer_intpt,
2020,73693,"Reading, PA",42,276278,276278,248.950275,248.950275,-75.951377,40.364436,gazetteer_intpt,
2020,80227,"Scranton, PA",42,366713,366713,419.995196,419.995196,-75.803513,41.305942,gazetteer_intpt,
2020,84493,"State College, PA",42,83674,83674,67.129603,67.129603,-77.863592,40.799211,gazetteer_intpt,
2020,84859,"Steubenville--Weirton, OH--WV--PA",42,362,64981,1.873813,120.028973,-80.481136,40.409052,polygon_x_state_reppoint,
2020,95455,"Williamsport, PA",42,55344,55344,71.807159,71.807159,-76.992144,41.249887,gazetteer_intpt,
2020,97750,"York, PA",42,238549,238549,292.871617,292.871617,-76.718786,39.97051,gazetteer_intpt,
2020,72505,"Providence, RI--MA",44,971711,1285806,917.032188,1409.591947,-71.456532,41.776543,polygon_x_state_reppoint,
2020,02420,"Anderson--Clemson, SC",45,118369,118369,248.484739,248.484739,-82.696322,34.553063,gazetteer_intpt,
2020,04222,"Augusta-Richmond County, GA--SC",45,109399,431480,233.320174,707.822587,-81.719934,33.529223,polygon_x_state_reppoint,
2020,06031,"Beaufort--Port Royal, SC",45,52515,52515,113.338543,113.338543,-80.714653,32.430552,gazetteer_intpt,
2020,08601,"Bluffton East--Hilton Head Island, SC",45,71824,71824,163.794642,163.794642,-80.867672,32.253775,gazetteer_intpt,
2020,15508,"Charleston, SC",45,684773,684773,878.170419,878.170419,-80.023707,32.915567,gazetteer_intpt,
2020,15670,"Charlotte, NC--SC",45,20434,1379873,39.697601,1703.212422,-81.097238,35.09201,polygon_x_state_reppoint,
2020,18964,"Columbia, SC",45,590407,590407,951.809584,951.809584,-81.08818,34.027752,gazetteer_intpt,
2020,30061,"Florence, SC",45,89436,89436,176.218906,176.218906,-79.809012,34.204283,gazetteer_intpt,
2020,35461,"Greenville, SC",45,387271,387271,679.01299,679.01299,-82.397044,34.863762,gazetteer_intpt,
2020,55603,"Mauldin--Simpsonville, SC",45,159506,159506,262.115104,262.115104,-82.255938,34.766652,gazetteer_intpt,
2020,60895,"Myrtle Beach--North Myrtle Beach, SC--NC",45,275361,298954,487.493763,567.047411,-78.924695,33.716773,polygon_x_state_reppoint,
2020,75745,"Rock Hill, SC",45,218443,218443,375.936502,375.936502,-80.971771,34.982847,gazetteer_intpt,
2020,83548,"Spartanburg, SC",45,196943,196943,468.778791,468.778791,-81.999181,34.953756,gazetteer_intpt,
2020,85708,"Sumter, SC",45,68825,68825,149.322066,149.322066,-80.394411,33.92753,gazetteer_intpt,
2020,73396,"Rapid City, SD",46,85679,85679,130.350277,130.350277,-103.221984,44.073345,gazetteer_intpt,
2020,82225,"Sioux City, IA--NE--SD",46,7076,113066,14.524394,142.539898,-96.500557,42.518834,polygon_x_state_reppoint,
2020,82252,"Sioux Falls, SD",46,194283,194283,175.85906,175.85906,-96.735626,43.534407,gazetteer_intpt,
2020,10351,"Bristol, TN--VA",47,36969,70638,94.7012,177.897747,-82.27171,36.498812,polygon_x_state_reppoint,
2020,15832,"Chattanooga, TN--GA",47,320409,398569,570.180397,755.506593,-85.238691,35.142622,polygon_x_state_reppoint,
2020,17317,"Clarksville, TN--KY",47,181045,200947,258.238302,292.896076,-87.396202,36.561135,polygon_x_state_reppoint,
2020,17722,"Cleveland, TN",47,73918,73918,142.381752,142.381752,-84.860494,35.172224,gazetteer_intpt,
2020,42265,"Jackson, TN",47,72809,72809,123.65494,123.65494,-88.822844,35.661914,gazetteer_intpt,
2020,43210,"Johnson City, TN",47,128519,128519,274.613617,274.613617,-82.345984,36.336794,gazetteer_intpt,
2020,45235,"Kingsport, TN--VA",47,98046,98411,241.985176,243.592494,-82.502685,36.480605,polygon_x_state_reppoint,
2020,45640,"Knoxville, TN",47,597257,597257,1118.633968,1118.633968,-84.034959,35.938207,gazetteer_intpt,
2020,56116,"Memphis, TN--MS--AR",47,872149,1056190,953.420183,1272.37601,-89.913816,35.135193,polygon_x_state_reppoint,
2020,59410,"Morristown, TN",47,66539,66539,165.513816,165.513816,-83.330276,36.207781,gazetteer_intpt,
2020,60733,"Murfreesboro, TN",47,177313,177313,223.081412,223.081412,-86.406582,35.8437,gazetteer_intpt,
2020,61273,"Nashville-Davidson, TN",47,1158642,1158642,1515.023996,1515.023996,-86.691169,36.125909,gazetteer_intpt,
2020,84088,"Spring Hill, TN",47,60309,60309,60.382092,60.382092,-86.916833,35.746621,gazetteer_intpt,
2020,00280,"Abilene, TX",48,118138,118138,160.509868,160.509868,-99.74988,32.42579,gazetteer_intpt,
2020,01927,"Amarillo, TX",48,205860,205860,217.541054,217.541054,-101.846942,35.192028,gazetteer_intpt,
2020,04384,"Austin, TX",48,1809888,1809888,1604.809936,1604.809936,-97.765795,30.380036,gazetteer_intpt,
2020,06058,"Beaumont, TX",48,146649,146649,248.896009,248.896009,-94.129316,30.110762,gazetteer_intpt,
2020,10972,"Brownsville, TX",48,216444,216444,160.844426,160.844426,-97.476682,25.955911,gazetteer_intpt,
2020,18748,"College Station--Bryan, TX",48,206137,206137,211.410239,211.410239,-96.334205,30.623812,gazetteer_intpt,
2020,20287,"Corpus Christi, TX",48,339066,339066,334.817107,334.817107,-97.417229,27.749359,gazetteer_intpt,
2020,22042,"Dallas--Fort Worth--Arlington, TX",48,5732354,5732354,4524.44101,4524.44101,-96.972981,32.810975,gazetteer_intpt,
2020,23500,"Denton--Lewisville, TX",48,429461,429461,389.741508,389.741508,-97.121054,33.194971,gazetteer_intpt,
2020,25498,"Eagle Pass, TX",48,54083,54083,54.765192,54.765192,-100.474047,28.700079,gazetteer_intpt,
2020,27253,"El Paso, TX--NM",48,823732,854584,633.857299,662.734881,-106.368636,31.773989,polygon_x_state_reppoint,
2020,32491,"Galveston--Texas City, TX",48,191863,191863,282.260597,282.260597,-94.997589,29.364635,gazetteer_intpt,
2020,36892,"Harlingen, TX",48,118838,118838,140.267207,140.267207,-97.716275,26.184437,gazetteer_intpt,
2020,40429,"Houston, TX",48,5853575,5853575,4539.436477,4539.436477,-95.400395,29.773021,gazetteer_intpt,
2020,44992,"Killeen, TX",48,257222,257222,260.093903,260.093903,-97.758838,31.095176,gazetteer_intpt,
2020,46801,"Lake Jackson, TX",48,56054,56054,88.959801,88.959801,-95.402322,29.011333,gazetteer_intpt,
2020,47854,"Laredo, TX",48,251462,251462,166.290032,166.290032,-99.47695,27.538442,gazetteer_intpt,
2020,51256,"Longview, TX",48,107099,107099,233.762595,233.762595,-94.759257,32.506079,gazetteer_intpt,
2020,51877,"Lubbock, TX",48,272280,272280,275.248143,275.248143,-101.895339,33.557478,gazetteer_intpt,
2020,52390,"McAllen, TX",48,779553,779553,844.899606,844.899606,-98.183287,26.237719,gazetteer_intpt,
2020,52695,"McKinney--Frisco, TX",48,504803,504803,392.749186,392.749186,-96.785991,33.190397,gazetteer_intpt,
2020,57007,"Midland, TX",48,141997,141997,176.864141,176.864141,-102.106821,31.997137,gazetteer_intpt,
2020,61948,"New Braunfels, TX",48,100736,100736,130.603555,130.603555,-98.112474,29.692064,gazetteer_intpt,
2020,64864,"Odessa, TX",48,154818,154818,222.727634,222.727634,-102.384825,31.87216,gazetteer_intpt,
2020,70993,"Port Arthur, TX",48,116819,116819,172.141854,172.141854,-93.970245,29.93641,gazetteer_intpt,
2020,78553,"San Angelo, TX",48,99982,99982,127.600935,127.600935,-100.457615,31.43715,gazetteer_intpt,
2020,78580,"San Antonio, TX",48,1992689,1992689,1588.80253,1588.80253,-98.51856,29.508417,gazetteer_intpt,
2020,79201,"San Marcos, TX",48,70801,70801,63.296277,63.296277,-97.937406,29.868361,gazetteer_intpt,
2020,81631,"Sherman--Denison, TX",48,66691,66691,99.69821,99.69821,-96.626722,33.628596,gazetteer_intpt,
2020,87058,"Temple, TX",48,114632,114632,151.216886,151.216886,-97.423326,31.130708,gazetteer_intpt,
2020,87193,"Texarkana, TX--AR",48,53144,78744,116.566135,172.594807,-94.086946,33.437953,polygon_x_state_reppoint,
2020,87300,"The Woodlands--Conroe, TX",48,402454,402454,567.57124,567.57124,-95.488368,30.219837,gazetteer_intpt,
2020,89326,"Tyler, TX",48,131028,131028,211.16577,211.16577,-95.313125,32.316487,gazetteer_intpt,
2020,90514,"Victoria, TX",48,65986,65986,87.023661,87.023661,-96.974607,28.834013,gazetteer_intpt,
2020,91027,"Waco, TX",48,192844,192844,232.78601,232.78601,-97.164013,31.541562,gazetteer_intpt,
2020,95104,"Wichita Falls, TX",48,97039,97039,131.530216,131.530216,-98.518761,33.904421,gazetteer_intpt,
2020,50959,"Logan, UT",49,113927,113927,123.606252,123.606252,-111.833766,41.728738,gazetteer_intpt,
2020,64945,"Ogden--Layton, UT",49,608857,608857,550.62526,550.62526,-111.974898,41.123076,gazetteer_intpt,
2020,72559,"Provo--Orem, UT",49,588609,588609,417.26853,417.26853,-111.749316,40.30078,gazetteer_intpt,
2020,77446,"St. George, UT",49,134109,134109,158.058286,158.058286,-113.563197,37.10472,gazetteer_intpt,
2020,78499,"Salt Lake City, UT",49,1178533,1178533,778.073097,778.073097,-111.931835,40.645768,gazetteer_intpt,
2020,11755,"Burlington, VT",50,118032,118032,160.616181,160.616181,-73.152262,44.470147,gazetteer_intpt,
2020,08002,"Blacksburg--Christiansburg, VA",51,72400,72400,88.004948,88.004948,-80.41322,37.185325,gazetteer_intpt,
2020,10351,"Bristol, TN--VA",51,33669,70638,83.196547,177.897747,-81.850887,36.763841,polygon_x_state_reppoint,
2020,15724,"Charlottesville, VA",51,104191,104191,95.500538,95.500538,-78.473218,38.046619,gazetteer_intpt,
2020,31600,"Fredericksburg, VA",51,167679,167679,232.112733,232.112733,-77.497396,38.284434,gazetteer_intpt,
2020,36190,"Hagerstown, MD--WV--PA--VA",51,134,197557,2.009195,312.789828,-78.091669,39.271225,polygon_x_state_reppoint,
2020,37162,"Harrisonburg, VA",51,73377,73377,80.557325,80.557325,-78.886787,38.419421,gazetteer_intpt,
2020,45235,"Kingsport, TN--VA",51,365,98411,1.607318,243.592494,-82.552276,36.598867,polygon_x_state_reppoint,
2020,52201,"Lynchburg, VA",51,125596,125596,237.236876,237.236876,-79.20133,37.389999,gazetteer_intpt,
2020,74746,"Richmond, VA",51,1059150,1059150,1326.968174,1326.968174,-77.48408,37.485386,gazetteer_intpt,
2020,75421,"Roanoke, VA",51,217312,217312,325.042587,325.042587,-79.963399,37.29532,gazetteer_intpt,
2020,84630,"Staunton--Waynesboro, VA",51,59065,59065,101.386449,101.386449,-78.911356,38.078418,gazetteer_intpt,
2020,90892,"Virginia Beach--Norfolk, VA",51,1451578,1451578,1247.532344,1247.532344,-76.29108,36.914308,gazetteer_intpt,
2020,92242,"Washington--Arlington, DC--VA--MD",51,2526853,5174759,1787.530077,3352.762591,-77.190801,38.813664,polygon_x_state_reppoint,
2020,95411,"Williamsburg, VA",51,89585,89585,180.953914,180.953914,-76.746107,37.283661,gazetteer_intpt,
2020,96103,"Winchester, VA",51,83377,83377,109.352896,109.352896,-78.1443,39.147283,gazetteer_intpt,
2020,06652,"Bellingham, WA",53,128979,128979,129.840795,129.840795,-122.480881,48.773007,gazetteer_intpt,
2020,09946,"Bremerton, WA",53,224449,224449,380.494577,380.494577,-122.62618,47.61591,gazetteer_intpt,
2020,44479,"Kennewick--Richland--Pasco, WA",53,255401,255401,290.635009,290.635009,-119.196669,46.232234,gazetteer_intpt,
2020,49312,"Lewiston, ID--WA",53,20667,54798,30.826942,72.334135,-117.07277,46.387259,polygon_x_state_reppoint,
2020,51283,"Longview, WA--OR",53,67464,69841,85.196166,91.145801,-122.890771,46.30426,polygon_x_state_reppoint,
2020,55333,"Marysville, WA",53,160440,160440,175.597979,175.597979,-122.134593,48.050099,gazetteer_intpt,
2020,60490,"Mount Vernon, WA",53,66825,66825,79.418079,79.418079,-122.318653,48.461058,gazetteer_intpt,
2020,65242,"Olympia--Lacey, WA",53,208157,208157,275.070119,275.070119,-122.855387,47.028466,gazetteer_intpt,
2020,71317,"Portland, OR--WA",53,424637,2104238,320.114628,1344.980476,-122.597877,45.670825,polygon_x_state_reppoint,
2020,80389,"Seattle--Tacoma, WA",53,3544011,3544011,2544.707994,2544.707994,-122.274517,47.462654,gazetteer_intpt,
2020,83764,"Spokane, WA",53,447279,447279,444.630903,444.630903,-117.351985,47.678312,gazetteer_intpt,
2020,91405,"Walla Walla, WA--OR",53,49909,50013,61.224544,61.804396,-118.342362,46.068363,polygon_x_state_reppoint,
2020,93862,"Wenatchee, WA",53,78142,78142,84.442129,84.442129,-120.308384,47.427367,gazetteer_intpt,
2020,97507,"Yakima, WA",53,133145,133145,144.445992,144.445992,-120.543158,46.605842,gazetteer_intpt,
2020,06139,"Beckley, WV",54,57468,57468,138.915493,138.915493,-81.229955,37.789184,gazetteer_intpt,
2020,15481,"Charleston, WV",54,140958,140958,240.667742,240.667742,-81.665738,38.355031,gazetteer_intpt,
2020,36190,"Hagerstown, MD--WV--PA--VA",54,83023,197557,159.918869,312.789828,-78.03014,39.347899,polygon_x_state_reppoint,
2020,40753,"Huntington, WV--KY--OH",54,113189,200157,171.545891,333.783727,-82.385941,38.417363,polygon_x_state_reppoint,
2020,59275,"Morgantown, WV",54,77620,77620,105.409636,105.409636,-79.926412,39.641226,gazetteer_intpt,
2020,67672,"Parkersburg, WV--OH",54,55431,62500,89.888145,103.330327,-81.589598,39.256718,polygon_x_state_reppoint,
2020,84859,"Steubenville--Weirton, OH--WV--PA",54,28553,64981,55.9875,120.028973,-80.555196,40.412291,polygon_x_state_reppoint,
2020,94726,"Wheeling, WV--OH",54,32658,57695,60.315895,95.33864,-80.685273,40.036809,polygon_x_state_reppoint,
2020,02764,"Appleton, WI",55,230967,230967,279.136276,279.136276,-88.409398,44.250467,gazetteer_intpt,
2020,06760,"Beloit, WI--IL",55,44092,63073,49.437531,82.713169,-89.004186,42.534155,polygon_x_state_reppoint,
2020,24850,"Duluth, MN--WI",55,27191,119411,44.48823,173.182698,-92.055845,46.696698,polygon_x_state_reppoint,
2020,26038,"Eau Claire, WI",55,105475,105475,161.862928,161.862928,-91.459913,44.8496,gazetteer_intpt,
2020,30223,"Fond du Lac, WI",55,54731,54731,63.947869,63.947869,-88.445312,43.779876,gazetteer_intpt,
2020,34813,"Green Bay, WI",55,224156,224156,294.373919,294.373919,-88.039886,44.50246,gazetteer_intpt,
2020,42562,"Janesville, WI",55,72285,72285,94.93054,94.93054,-89.005536,42.692249,gazetteer_intpt,
2020,44506,"Kenosha, WI",55,125865,125865,145.481262,145.481262,-87.873503,42.571139,gazetteer_intpt,
2020,45910,"La Crosse, WI--MN",55,93411,98872,101.023981,109.395269,-91.216796,43.872938,polygon_x_state_reppoint,
2020,53200,"Madison, WI",55,450305,450305,387.731534,387.731534,-89.492208,43.041969,gazetteer_intpt,
2020,57466,"Milwaukee, WI",55,1306795,1306795,1200.931774,1200.931774,-88.085101,43.051223,gazetteer_intpt,
2020,66160,"Oshkosh, WI",55,76190,76190,85.061092,85.061092,-88.570195,44.026084,gazetteer_intpt,
2020,73153,"Racine, WI",55,134877,134877,135.346466,135.346466,-87.83284,42.738183,gazetteer_intpt,
2020,76474,"Round Lake Beach--McHenry--Grayslake, IL--WI",55,13374,261835,22.995954,330.515051,-88.095997,42.552452,polygon_x_state_reppoint,
2020,81118,"Sheboygan, WI",55,74369,74369,91.45059,91.45059,-87.759136,43.752369,gazetteer_intpt,
2020,93025,"Wausau, WI",55,77429,77429,126.229977,126.229977,-89.633505,44.901308,gazetteer_intpt,
2020,14482,"Casper, WY",56,67751,67751,72.204393,72.204393,-106.336707,42.839148,gazetteer_intpt,
2020,16237,"Cheyenne, WY",56,79250,79250,87.734808,87.734808,-104.800984,41.139752,gazetteer_intpt,
2020,22811,"Dededo--Apotgan--Tamuning, GU",66,128164,128164,142.86611,142.86611,144.82927,13.504776,gazetteer_intpt,
2020,00631,"Aguadilla--Isabela--San Sebastián, PR",72,232573,232573,485.158099,485.158099,-67.091325,18.391426,gazetteer_intpt,
2020,03034,"Arecibo, PR",72,123724,123724,195.525702,195.525702,-66.810062,18.454313,gazetteer_intpt,
2020,05040,"Barceloneta--Florida--Bajadero, PR",72,65070,65070,108.004676,108.004676,-66.606724,18.41848,gazetteer_intpt,
2020,28981,"Fajardo, PR",72,68587,68587,88.989581,88.989581,-65.656006,18.33623,gazetteer_intpt,
2020,35866,"Guayama, PR",72,52290,52290,56.374286,56.374286,-66.051477,17.991631,gazetteer_intpt,
2020,43453,"Juana Díaz, PR",72,65023,65023,80.730047,80.730047,-66.508307,18.082728,gazetteer_intpt,
2020,55738,"Mayagüez, PR",72,91583,91583,129.874694,129.874694,-67.113824,18.192264,gazetteer_intpt,
2020,70642,"Ponce, PR",72,118345,118345,82.153947,82.153947,-66.626424,18.018742,gazetteer_intpt,
2020,78985,"San Germán--Cabo Rojo--Sabana Grande, PR",72,97241,97241,182.823924,182.823924,-67.056143,18.078439,gazetteer_intpt,
2020,79093,"San Juan, PR",72,1844410,1844410,1977.727163,1977.727163,-66.103198,18.284277,gazetteer_intpt,
2020,97561,"Yauco, PR",72,63885,63885,90.408094,90.408094,-66.814807,18.042527,gazetteer_intpt,
