Alabama                                           
                                                  
UACE      NAME                                                             STATE  PART        POP            HU           AREALAND  AREALANDSQMI          AREAWATER AREAWATERSQMI        POPDEN  LSADC  
01036     Albertville, AL                                                  01               36815         14980           92837874         35.84            5174684          2.00        1027.1     76  
01252     Alexander City, AL                                               01                9400          4326           25158641          9.71              65446          0.03         967.7     76  
02359     Andalusia, AL                                                    01                6655          3187           14927092          5.76              32462          0.01        1154.7     76  
02629     Anniston--Oxford, AL                                             01               79796         36090          224731051         86.77            1386620          0.54         919.6     75  
02791     Arab, AL                                                         01                8012          3635           21680388          8.37             301955          0.12         957.1     76  
03655     Athens, AL                                                       01               24956         11020           69999938         27.03             501308          0.19         923.4     76  
03925     Atmore, AL                                                       01                6565          3121           12254367          4.73              41416          0.02        1387.5     76  
04033     Auburn, AL                                                       01               74741         34604          129261694         49.91             909436          0.35        1497.6     75  
05923     Bay Minette, AL                                                  01                7486          2854           14873400          5.74             139486          0.05        1303.6     76  
07786     Birmingham, AL                                                   01              749495        337693         1372424115        529.90           10441184          4.03        1414.4     75  
10000     Brent, AL                                                        01                5525          1500           12493359          4.82              41883          0.02        1145.4     76  
10081     Brewton, AL                                                      01                6866          3258           15289363          5.90              66129          0.03        1163.1     76  
15083     Centre, AL                                                       01                3707          1944           26419773         10.20            6177642          2.39         363.4     76  
15103     Century, FL--AL                                                  01     P           551           287            1578761          0.61                  0          0.00         903.9     76  
17047     Clanton, AL                                                      01                5785          2539           17302027          6.68              47202          0.02         866.0     76  
19060     Columbiana, AL                                                   01                2642           812            6983453          2.70              26580          0.01         979.9     76  
19099     Columbus, GA--AL                                                 01     P         61264         26814          133651349         51.60             740829          0.29        1187.2     75  
21637     Cullman, AL                                                      01               18356          8466           57622060         22.25             840753          0.32         825.1     76  
22285     Daphne--Fairhope, AL                                             01               57383         26465          143085068         55.25             602069          0.23        1038.7     75  
22690     Decatur, AL                                                      01               70436         30468          150964905         58.29            3866832          1.49        1208.4     75  
23365     Demopolis, AL                                                    01                6452          2929           13114047          5.06             112164          0.04        1274.3     76  
24472     Dothan, AL                                                       01               68781         30681          143746685         55.50             308682          0.12        1239.3     75  
27685     Enterprise, AL                                                   01               36427         15863           92844067         35.85             151495          0.06        1016.2     76  
28090     Eufaula, AL--GA                                                  01     P          8844          3993           17447656          6.74             256260          0.10        1312.8     76  
28431     Evergreen, AL                                                    01                2520          1213            5598797          2.16               9861          0.00        1165.7     76  
29359     Fayette, AL                                                      01                3408          1591            7297500          2.82                  0          0.00        1209.5     76  
29953     Florence, AL                                                     01               77074         37040          160947434         62.14            2038053          0.79        1240.3     75  
30171     Foley, AL                                                        01               26469         19264           78409009         30.27            3348606          1.29         874.3     76  
30844     Fort Payne, AL                                                   01                7018          2827           11203941          4.33              13274          0.01        1622.3     76  
32113     Gadsden, AL                                                      01               64172         29951          186576743         72.04            7245625          2.80         890.8     75  
32815     Geneva, AL                                                       01                2654          1246            6023433          2.33              50261          0.02        1141.2     76  
34192     Grand Bay, AL                                                    01                4127          1599           13624434          5.26               9945          0.00         784.5     76  
35272     Greenville, AL                                                   01                6026          2768           10503875          4.06                  0          0.00        1485.9     76  
36244     Haleyville, AL                                                   01                3922          1950           10715780          4.14              13410          0.01         947.9     76  
36396     Hamilton, AL                                                     01                3207          1511           10797993          4.17              37327          0.01         769.2     76  
36676     Hanceville, AL                                                   01                2948          1417            6002210          2.32              11305          0.00        1272.1     76  
37864     Hazel Green, AL                                                  01                3207          1196            9801991          3.78               5883          0.00         847.4     76  
37959     Headland, AL                                                     01                3240          1415            6016985          2.32                  0          0.00        1394.6     76  
40780     Huntsville, AL                                                   01              286692        125102          543269972        209.76            2674874          1.03        1366.8     75  
42022     Jackson, AL                                                      01                2920          1388            7397582          2.86                  0          0.00        1022.3     76  
42616     Jasper, AL                                                       01               14156          6318           51205289         19.77             143343          0.06         716.0     76  
47142     Lake View, AL                                                    01                3404          1235            8380566          3.24             656561          0.25        1052.0     76  
57925     Mobile, AL                                                       01              326183        142178          576933846        222.76            9972885          3.85        1464.3     75  
58411     Monroeville, AL                                                  01                4834          2296           13315557          5.14              18229          0.01         940.3     76  
58600     Montgomery, AL                                                   01              263907        112998          397762819        153.58            3526025          1.36        1718.4     75  
59545     Moulton, AL                                                      01                2919          1385            8389823          3.24              14384          0.01         901.1     76  
59605     Moundville, AL                                                   01                2578          1031            8051103          3.11              16847          0.01         829.3     76  
65485     Oneonta, AL                                                      01                5374          2225            9851721          3.80               9089          0.00        1412.8     76  
65620     Opp, AL                                                          01                4806          2352           11027035          4.26              63721          0.02        1128.8     76  
66690     Ozark, AL                                                        01               12066          5599           33877730         13.08             178911          0.07         922.5     76  
68374     Pell City, AL                                                    01               11096          5208           38921551         15.03            5775664          2.23         738.4     76  
68482     Pensacola, FL--AL                                                01     P          6266          9066           20534452          7.93             993775          0.38         790.3     75  
69265     Piedmont, AL                                                     01                3666          1850            7845166          3.03              16907          0.01        1210.3     76  
72244     Priceville, AL                                                   01                3006          1176            9660712          3.73              57598          0.02         805.9     76  
75394     Roanoke, AL                                                      01                4275          2054           10969273          4.24              45067          0.02        1009.4     76  
75502     Robertsdale, AL                                                  01                7601          3143           18099439          6.99             188730          0.07        1087.7     76  
76906     Russellville, AL                                                 01                9866          3963           19692009          7.60             123599          0.05        1297.6     76  
80092     Scottsboro, AL                                                   01               10069          4789           28787318         11.11             527139          0.20         905.9     76  
80524     Selma, AL                                                        01               23821         10746           43710861         16.88             310809          0.12        1411.5     76  
83377     South Pittsburg, TN--AL                                          01     P          2164          1036            5019080          1.94                  0          0.00        1116.7     76  
84132     Springville, AL                                                  01                2775          1160            6585761          2.54              30256          0.01        1091.3     76  
85600     Sumiton, AL                                                      01                4043          1812           17450612          6.74               8433          0.00         600.1     76  
86194     Sylacauga, AL                                                    01               17991          8380           49311674         19.04             223517          0.09         944.9     76  
86437     Talladega, AL                                                    01               13493          5473           31849053         12.30              85695          0.03        1097.3     76  
86491     Tallassee, AL                                                    01                4040          1914            8360732          3.23              48566          0.02        1251.5     76  
87409     Thomasville, AL                                                  01                3285          1549           10874950          4.20                  0          0.00         782.4     76  
88543     Troy, AL                                                         01               15897          6869           31725876         12.25              75278          0.03        1297.8     76  
89110     Tuscaloosa, AL                                                   01              139114         61509          231842934         89.52            4272196          1.65        1554.1     75  
89164     Tuskegee, AL                                                     01                9536          4411           25190749          9.73             440447          0.17         980.4     76  
89623     Union Springs, AL                                                01                5307          1571           12675709          4.89             104472          0.04        1084.4     76  
90082     Valley--Lanett, AL--GA                                           01     P         17399          9018           54814457         21.16                  0          0.00         822.1     76  
94618     Wetumpka, AL                                                     01                6659          2549           13853310          5.35              87360          0.03        1245.0     76  
97119     Woodstock, AL                                                    01                3664          1354           14915722          5.76              37095          0.01         636.2     76  
                                                  
                                                  
                                                  
Alaska                                            
                                                  
UACE      NAME                                                             STATE  PART        POP            HU           AREALAND  AREALANDSQMI          AREAWATER AREAWATERSQMI        POPDEN  LSADC  
02305     Anchorage, AK                                                    02              251243         97417          220101413         84.98            2656777          1.03        2956.4     75  
02332     Anchorage Northeast, AK                                          02               28568         10116           42269432         16.32             363450          0.14        1750.5     76  
05275     Barrow, AK                                                       02                3835          1370            2059159          0.80             484429          0.19        4823.6     76  
07381     Bethel, AK                                                       02                4434          1743            6273366          2.42             149315          0.06        1830.6     76  
26345     Eielson AFB, AK                                                  02                2944          1019           16135594          6.23             607765          0.23         472.6     76  
28549     Fairbanks, AK                                                    02               64513         25869          142765014         55.12            4392468          1.70        1170.4     75  
43561     Juneau, AK                                                       02               24537         10333           36324085         14.02            2628409          1.01        1749.5     76  
44344     Kenai, AK                                                        02                4921          2058           13623774          5.26                  0          0.00         935.5     76  
44668     Ketchikan, AK                                                    02               10352          4682           15181639          5.86              66748          0.03        1766.1     76  
45667     Kodiak, AK                                                       02                9335          3358            8932388          3.45             289251          0.11        2706.7     76  
45748     Kotzebue, AK                                                     02                3200          1109            2430647          0.94                  0          0.00        3409.8     76  
47132     Lakes--Knik-Fairview--Wasilla, AK                                02               44236         16490          135587789         52.35            5278603          2.04         845.0     76  
63379     Nome, AK                                                         02                3222          1364            2692380          1.04                  0          0.00        3099.5     76  
82306     Sitka, AK                                                        02                7027          3214           10499134          4.05              95452          0.04        1733.5     76  
82819     Soldotna, AK                                                     02                6526          2847           18828106          7.27             635980          0.25         897.7     76  
                                                  
                                                  
                                                  
Arizona                                           
                                                  
UACE      NAME                                                             STATE  PART        POP            HU           AREALAND  AREALANDSQMI          AREAWATER AREAWATERSQMI        POPDEN  LSADC  
00712     Ajo, AZ                                                          04                3076          2006            6906091          2.67                  0          0.00        1153.6     76  
03088     Arizona City, AZ                                                 04               10531          5068           12090606          4.67             186302          0.07        2255.9     76  
04549     Avondale--Goodyear, AZ                                           04              197041         73521          227705132         87.92             346232          0.13        2241.2     75  
04573     Avra Valley, AZ                                                  04                3869          1565           10127102          3.91                  0          0.00         989.5     76  
06949     Benson, AZ                                                       04                4036          2328            6485715          2.50               4142          0.00        1611.7     76  
07813     Bisbee, AZ                                                       04                5541          3253            8079010          3.12                744          0.00        1776.3     76  
08623     Blythe, CA--AZ                                                   04     P           931           652            1794402          0.69               2032          0.00        1343.8     76  
11134     Buckeye, AZ                                                      04               19424          7172           27103367         10.46                  0          0.00        1856.2     76  
11431     Bullhead City, AZ--NV                                            04     P         48476         27142           73673068         28.45              26608          0.01        1704.2     76  
13170     Camp Verde, AZ                                                   04                5305          2434           16164977          6.24                  0          0.00         850.0     76  
14401     Casa Grande, AZ                                                  04               51331         23555           57668369         22.27                  0          0.00        2305.4     75  
16534     Chinle, AZ                                                       04                3407          1090            8765093          3.38              35915          0.01        1006.7     76  
16561     Chino Valley, AZ                                                 04               10783          4810           32180847         12.43                  0          0.00         867.8     76  
17803     Clifton, AZ                                                      04                4508          2226            8714839          3.36              85633          0.03        1339.7     76  
18802     Colorado City, AZ--UT                                            04     P          5836           769           11706585          4.52              20502          0.01        1291.2     76  
19882     Coolidge, AZ                                                     04               10919          4386           10913970          4.21               3497          0.00        2591.2     76  
20247     Corona de Tucson, AZ                                             04                5469          2087           11096708          4.28                  0          0.00        1276.5     76  
20595     Cottonwood--Verde Village, AZ                                    04               26650         12874           37644560         14.53                  0          0.00        1833.5     76  
24499     Douglas, AZ                                                      04               17673          6450           14698123          5.67                  0          0.00        3114.2     76  
25363     Eagar, AZ                                                        04                6095          2617           16109273          6.22              11197          0.00         979.9     76  
27199     Eloy, AZ                                                         04                6963          2528            7957273          3.07               7374          0.00        2266.4     76  
27991     Estrella, AZ                                                     04               11108          4197           18874597          7.29                  0          0.00        1524.2     76  
29818     Flagstaff, AZ                                                    04               71957         28672           90199563         34.83              14636          0.01        2066.2     75  
29980     Florence, AZ                                                     04               16586          3330            7490754          2.89               1075          0.00        5734.7     76  
30655     Fort Defiance, AZ--NM                                            04     P          3181          1114            6266084          2.42                  0          0.00        1314.8     76  
33679     Globe, AZ                                                        04               13515          6441           19902926          7.68                634          0.00        1758.7     76  
39322     Holbrook, AZ                                                     04                3800          1530            6220352          2.40                  0          0.00        1582.2     76  
44128     Kayenta, AZ                                                      04                4688          1399            6663397          2.57              56226          0.02        1822.2     76  
45127     Kingman, AZ                                                      04               42107         19489           61518333         23.75                  0          0.00        1772.7     76  
46747     Lake Havasu City, AZ                                             04               53427         32835           76512992         29.54              58541          0.02        1808.5     75  
46895     Lake Montezuma, AZ                                               04                3429          1727            7332996          2.83              29259          0.01        1211.1     76  
46980     Lake of the Woods--Pinetop-Lakeside, AZ                          04                8805          7552           26399903         10.19             543032          0.21         863.8     76  
54295     Marana West, AZ                                                  04                5456          1953            7695340          2.97                  0          0.00        1836.3     76  
54477     Maricopa, AZ                                                     04               42337         16736           35437617         13.68             119473          0.05        3094.2     76  
56413     Mesquite, NV--AZ                                                 04     P           413           241            1422312          0.55                  0          0.00         752.1     76  
61435     Needles, CA--AZ                                                  04     P          3957          2139           16848542          6.51              96381          0.04         608.3     76  
63325     Nogales, AZ                                                      04               32044         10588           64567033         24.93              45234          0.02        1285.4     76  
66808     Page, AZ                                                         04                6665          2534            8407902          3.25                  0          0.00        2053.1     76  
67645     Parker, AZ--CA                                                   04     P          4675          2016            6512328          2.51              27156          0.01        1859.3     76  
68158     Payson, AZ                                                       04               14210          7924           20309552          7.84              15160          0.01        1812.1     76  
69184     Phoenix--Mesa, AZ                                                04             3629114       1575123         2969602180       1146.57           11690971          4.51        3165.2     75  
69238     Picture Rocks, AZ                                                04                4345          1819           10809759          4.17                  0          0.00        1041.0     76  
72112     Prescott Valley--Prescott, AZ                                    04               84744         43098          132047936         50.98                  0          0.00        1662.2     75  
72937     Quartzsite, AZ                                                   04                3342          3114            7269998          2.81                  0          0.00        1190.6     76  
75089     Rio Rico Northeast, AZ                                           04                2628           976            4578818          1.77                  0          0.00        1486.5     76  
77095     Safford, AZ                                                      04               19151          7574           34012605         13.13              11416          0.00        1458.3     76  
77161     Sahuarita--Green Valley, AZ                                      04               40691         24104           59182414         22.85              39434          0.02        1780.8     76  
77635     St. Johns, AZ                                                    04                2550          1118            5576718          2.15               5401          0.00        1184.3     76  
78607     San Carlos, AZ                                                   04                3993           968           10829278          4.18               1106          0.00         955.0     76  
79120     San Luis, AZ                                                     04               24091          6085            9236913          3.57              54601          0.02        6755.0     76  
79174     San Manuel, AZ                                                   04                3185          1353            2514822          0.97                  0          0.00        3280.2     76  
80470     Sedona, AZ                                                       04                6761          4202           12097557          4.67              54764          0.02        1447.5     76  
81712     Show Low, AZ                                                     04               10409          7120           23141612          8.94                  0          0.00        1165.0     76  
81901     Sierra Vista, AZ                                                 04               52745         22533           78423935         30.28              50937          0.02        1741.9     75  
82684     Snowflake, AZ                                                    04                6279          2239           12803275          4.94                  0          0.00        1270.2     76  
82981     Somerton, AZ                                                     04               16988          4808           19755587          7.63               3867          0.00        2227.2     76  
85843     Superior, AZ                                                     04                2844          1469            3272905          1.26                  0          0.00        2250.6     76  
88705     Tuba City, AZ                                                    04                8858          2540           14218239          5.49                  0          0.00        1613.6     76  
88732     Tucson, AZ                                                       04              843168        375658          915465491        353.46            2164854          0.84        2385.4     75  
89910     Vail, AZ                                                         04                9164          3303           18310394          7.07                  0          0.00        1296.2     76  
90640     Village of Oak Creek (Big Park), AZ                              04                5309          3509            7586005          2.93                  0          0.00        1812.6     76  
90959     Vistancia, AZ                                                    04                6615          3194            6482173          2.50                543          0.00        2643.1     76  
94888     Whiteriver, AZ                                                   04                6188          1613           13663976          5.28             175028          0.07        1172.9     76  
95158     Wickenburg, AZ                                                   04                3624          2006            6383733          2.46                  0          0.00        1470.3     76  
95347     Willcox, AZ                                                      04                3671          1626            4395290          1.70                  0          0.00        2163.2     76  
95364     Williams, AZ                                                     04                2639          1211            4610927          1.78                  0          0.00        1482.3     76  
96223     Window Rock, AZ--NM                                              04     P          3318          1138            7740635          2.99                  0          0.00        1110.2     76  
96616     Winslow, AZ                                                      04                9765          3411           24049890          9.29              44717          0.02        1051.6     76  
98020     Yuma, AZ--CA                                                     04     P        134256         67642          148991238         57.53             379100          0.15        2333.8     75  
                                                  
                                                  
                                                  
Arkansas                                          
                                                  
UACE      NAME                                                             STATE  PART        POP            HU           AREALAND  AREALANDSQMI          AREAWATER AREAWATERSQMI        POPDEN  LSADC  
03115     Arkadelphia, AR                                                  05               10491          4057           15009214          5.80                  0          0.00        1810.3     76  
03304     Ashdown, AR                                                      05                4146          1895            9263737          3.58                  0          0.00        1159.2     76  
04708     Bald Knob, AR                                                    05                2517          1151            5870345          2.27                  0          0.00        1110.5     76  
05545     Batesville, AR                                                   05               11513          4955           23838165          9.20             212676          0.08        1250.9     76  
06247     Beebe, AR                                                        05                6714          2872           11383991          4.40                  0          0.00        1527.5     76  
07300     Berryville, AR                                                   05                4800          1984           10343169          3.99                  0          0.00        1201.9     76  
08650     Blytheville, AR                                                  05               18219          8386           23593055          9.11              74152          0.03        2000.0     76  
09082     Booneville, AR                                                   05                3335          1554            4983017          1.92                  0          0.00        1733.4     76  
10324     Brinkley, AR                                                     05                2528          1251            5296889          2.05              20613          0.01        1236.1     76  
12916     Camden, AR                                                       05               11401          5653           30721126         11.86              22456          0.01         961.2     76  
16048     Cherokee Village, AR                                             05                3443          2177           17442455          6.73            1447841          0.56         511.2     76  
17290     Clarksville, AR                                                  05                7313          3048           17439018          6.73             137606          0.05        1086.1     76  
19801     Conway, AR                                                       05               65277         27398          102818442         39.70            2507413          0.97        1644.3     75  
20179     Corning, AR                                                      05                3180          1511            5426404          2.10              67408          0.03        1517.8     76  
21340     Crossett, AR                                                     05                7835          3700           20653913          7.97             455585          0.18         982.5     76  
23608     De Queen, AR                                                     05                6209          2115           10867307          4.20              35635          0.01        1479.8     76  
23689     Dermott, AR                                                      05                2816          1140            5064934          1.96                  0          0.00        1440.0     76  
23959     DeWitt, AR                                                       05                3185          1494            5676712          2.19                  0          0.00        1453.1     76  
24877     Dumas, AR                                                        05                5023          2254            7912215          3.05                  0          0.00        1644.2     76  
26470     El Dorado, AR                                                    05               18944          8830           39270145         15.16                  0          0.00        1249.4     76  
27604     England, AR                                                      05                2762          1246            3945811          1.52                  0          0.00        1812.9     76  
29494     Fayetteville--Springdale--Rogers, AR--MO                         05     P        295081        125256          485579359        187.48            6389469          2.47        1573.9     75  
30250     Fordyce, AR                                                      05                3844          1768           10805277          4.17                  0          0.00         921.4     76  
30466     Forrest City, AR                                                 05               13690          4210           15084014          5.82              29094          0.01        2350.6     76  
30925     Fort Smith, AR--OK                                               05     P        120714         52039          177989375         68.72            2547666          0.98        1756.6     75  
34826     Greenbrier, AR                                                   05                4069          1565           13244940          5.11              23194          0.01         795.7     76  
35029     Green Forest, AR                                                 05                2656          1060            4639443          1.79                  0          0.00        1482.7     76  
35542     Greenwood, AR                                                    05                8619          3440           16397438          6.33             379664          0.15        1361.4     76  
36352     Hamburg, AR                                                      05                2724          1156            7201499          2.78                  0          0.00         979.7     76  
37108     Harrison, AR                                                     05               13950          6487           29005242         11.20              47712          0.02        1245.6     76  
38080     Heber Springs, AR                                                05                6357          3034           12265956          4.74                  0          0.00        1342.3     76  
38172     Helena-West Helena, AR                                           05               11321          5163           15923893          6.15                  0          0.00        1841.3     76  
40024     Hope, AR                                                         05                9991          4231           19214529          7.42             121903          0.05        1346.7     76  
40213     Hot Springs, AR                                                  05               55121         29811          116350853         44.92           10611125          4.10        1227.0     75  
40267     Hot Springs Village, AR                                          05                9144          5887           36994484         14.28            3993533          1.54         640.2     76  
43345     Jonesboro, AR                                                    05               65419         27590          121592147         46.95             719819          0.28        1393.5     75  
47179     Lake Village, AR                                                 05                2586          1208            5067326          1.96                  0          0.00        1321.7     76  
50392     Little Rock, AR                                                  05              431388        193618          669022281        258.31            9667471          3.73        1670.0     75  
51310     Lonoke, AR                                                       05                4058          1681            4540084          1.75                  0          0.00        2315.0     76  
52579     McGehee, AR                                                      05                3898          1855            6931664          2.68                  0          0.00        1456.5     76  
53362     Magnolia, AR                                                     05               10438          4804           19442784          7.51              20235          0.01        1390.5     76  
53551     Malvern, AR                                                      05               11186          4647           24612588          9.50              14127          0.01        1177.1     76  
53875     Manila, AR                                                       05                3124          1356            4414749          1.70                  0          0.00        1832.7     76  
54415     Marianna, AR                                                     05                3804          1873            5530474          2.14                  0          0.00        1781.5     76  
56116     Memphis, TN--MS--AR                                              05     P         40270         16550           59349028         22.91              83481          0.03        1757.4     75  
56143     Mena, AR                                                         05                5499          2753           12292480          4.75              88927          0.03        1158.6     76  
58708     Monticello, AR                                                   05                9505          4109           25182208          9.72              69760          0.03         977.6     76  
59302     Morrilton, AR                                                    05                6272          2883           14718143          5.68              89196          0.03        1103.7     76  
59680     Mountain Home, AR                                                05               14180          7259           28546325         11.02              40689          0.02        1286.5     76  
61192     Nashville, AR                                                    05                4488          1945            8741513          3.38               9356          0.00        1329.7     76  
62758     Newport, AR                                                      05                6288          3072           11739620          4.53              50944          0.02        1387.3     76  
66106     Osceola, AR                                                      05                8280          3566           10434625          4.03                  0          0.00        2055.2     76  
66700     Ozark, AR                                                        05                3153          1418            6650325          2.57              47616          0.02        1227.9     76  
67402     Paragould, AR                                                    05               24620         10516           51405819         19.85             103846          0.04        1240.4     76  
67456     Paris, AR                                                        05                3143          1482            6958266          2.69              23586          0.01        1169.9     76  
69346     Piggott, AR                                                      05                3437          1755            5200259          2.01                  0          0.00        1711.8     76  
69454     Pine Bluff, AR                                                   05               53495         22629           96299959         37.18             415012          0.16        1438.7     75  
70399     Pocahontas, AR                                                   05                5854          2705            7855665          3.03                  0          0.00        1930.0     76  
71911     Prairie Grove, AR                                                05                3213          1420            3901714          1.51               4401          0.00        2132.8     76  
72073     Prescott, AR                                                     05                2773          1317            4819999          1.86              25057          0.01        1490.0     76  
76933     Russellville, AR                                                 05               32733         12959           62674406         24.20             548543          0.21        1352.7     76  
80308     Searcy, AR                                                       05               25979         10632           60711338         23.44             540101          0.21        1108.3     76  
81523     Sheridan, AR                                                     05                4458          1951            8951107          3.46                  0          0.00        1289.9     76  
81982     Siloam Springs, AR--OK                                           05     P         18650          7162           34215712         13.21             220896          0.09        1411.7     76  
85357     Stuttgart, AR                                                    05                9233          4277           13305338          5.14                  0          0.00        1797.3     76  
87193     Texarkana--Texarkana, TX--AR                                     05     P         26072         11682           52195545         20.15             174466          0.07        1293.7     75  
87247     Thayer, MO--AR                                                   05     P           867           528            1995728          0.77                  0          0.00        1125.2     76  
88651     Trumann, AR                                                      05                7095          3110           10100132          3.90                  0          0.00        1819.4     76  
91297     Waldron, AR                                                      05                3330          1540            6639435          2.56              35843          0.01        1299.0     76  
91459     Walnut Ridge, AR                                                 05                6346          2844            9594440          3.70                  0          0.00        1713.1     76  
91810     Warren, AR                                                       05                5801          2768           15973659          6.17              61960          0.02         940.6     76  
97426     Wynne, AR                                                        05                7722          3342           12074937          4.66                  0          0.00        1656.3     76  
                                                  
                                                  
                                                  
California                                        
                                                  
UACE      NAME                                                             STATE  PART        POP            HU           AREALAND  AREALANDSQMI          AREAWATER AREAWATERSQMI        POPDEN  LSADC  
01819     Alturas, CA                                                      06                2910          1416            4934771          1.91              16517          0.01        1527.3     76  
02494     Angels, CA                                                       06                3751          1853            6902231          2.66              23589          0.01        1407.5     76  
02683     Antioch, CA                                                      06              277634         93809          210723258         81.36             888824          0.34        3412.4     75  
02825     Arbuckle, CA                                                     06                2652           812            1871304          0.72                  0          0.00        3670.5     76  
02926     Arcata-McKinleyville, CA                                         06               32364         14233           42634460         16.46             312699          0.12        1966.1     76  
03196     Arroyo Grande--Grover Beach, CA                                  06               52000         25398           59618233         23.02             235105          0.09        2259.0     75  
03250     Arvin, CA                                                        06               19573          4542           11204962          4.33                  0          0.00        4524.2     76  
04130     Auburn--North Auburn, CA                                         06               33157         14516           69234465         26.73             261128          0.10        1240.4     76  
04438     Avalon, CA                                                       06                3652          2244            3434612          1.33                  0          0.00        2753.9     76  
04465     Avenal, CA                                                       06               15486          2402            7912978          3.06                  0          0.00        5068.7     76  
04681     Bakersfield, CA                                                  06              523994        178519          358555119        138.44            2246386          0.87        3785.0     75  
05302     Barstow, CA                                                      06               28973         11905           31977610         12.35                  0          0.00        2346.6     76  
07508     Big Bear City, CA                                                06               15873         20707           41825537         16.15             552533          0.21         982.9     76  
07840     Bishop, CA                                                       06                9935          4619           11034204          4.26              52109          0.02        2332.0     76  
08623     Blythe, CA--AZ                                                   06     P         12036          4599           14206063          5.48               1391          0.00        2194.4     76  
08893     Bonadelle Ranchos-Madera Ranchos, CA                             06                8024          2732           23023957          8.89                  0          0.00         902.6     76  
09730     Brawley, CA                                                      06               25032          8249           20535858          7.93                  0          0.00        3157.0     76  
11836     Burney, CA                                                       06                3171          1455            5245348          2.03              43741          0.02        1565.7     76  
12565     California City, CA                                              06               10908          4899           19454995          7.51             163522          0.06        1452.2     76  
12592     Calipatria, CA                                                   06                3538          1116            2661781          1.03                  0          0.00        3442.6     76  
12646     Calistoga, CA                                                    06                5155          2319            6721951          2.60              47146          0.02        1986.2     76  
12754     Camarillo, CA                                                    06               71772         28232           56968456         22.00              39631          0.02        3263.0     75  
12781     Cambria, CA                                                      06                5865          3971            9220820          3.56                  0          0.00        1647.4     76  
13850     Carmel Valley Village, CA                                        06                3122          1507            7519695          2.90             115864          0.04        1075.3     76  
16318     Chico, CA                                                        06               98176         42052           89120274         34.41             137474          0.05        2853.2     75  
16696     Chowchilla, CA                                                   06               11843          4248           11818184          4.56                  0          0.00        2595.4     76  
17479     Clearlake, CA                                                    06               15944          8553           18854601          7.28              10193          0.00        2190.2     76  
17514     Clearlake Riviera, CA                                            06                2806          1601            7974633          3.08               4029          0.00         911.3     76  
18181     Cloverdale, CA                                                   06                9166          3652            8725843          3.37                  0          0.00        2720.6     76  
18289     Coalinga, CA                                                     06               12702          4398           15303218          5.91              79727          0.03        2149.7     76  
18712     Colfax, CA                                                       06                3144          1438            6283224          2.43                  0          0.00        1296.0     76  
19342     Colusa, CA                                                       06                6791          2622            5866401          2.27                  0          0.00        2998.2     76  
19504     Concord, CA                                                      06              615968        244581          527710827        203.75            1042032          0.40        3023.2     75  
20044     Corcoran, CA                                                     06               25516          4168           16969303          6.55                  0          0.00        3894.5     76  
20206     Corning, CA                                                      06                8553          3150           10011883          3.87                  0          0.00        2212.6     76  
20584     Cottonwood, CA                                                   06                4419          1731            8772172          3.39                  0          0.00        1304.7     76  
20908     Crescent City, CA                                                06               18976          6690           30762111         11.88             158239          0.06        1597.7     76  
22420     Davis, CA                                                        06               72794         27614           36561739         14.12              82074          0.03        5156.6     75  
22987     Delano, CA                                                       06               54372         11008           25684847          9.92                  0          0.00        5482.7     75  
23716     Desert Hot Springs, CA                                           06               39445         18247           42723729         16.50             248358          0.10        2391.2     76  
24256     Discovery Bay, CA                                                06               14044          5652           12203013          4.71            1273394          0.49        2980.7     76  
24283     Dixon, CA                                                        06               18445          6209           16113159          6.22               6654          0.00        2964.8     76  
24445     Dos Palos, CA                                                    06                6713          2228            5505584          2.13                  0          0.00        3158.0     76  
25579     Earlimart, CA                                                    06               13211          3277           13034358          5.03                  0          0.00        2625.1     76  
25813     East Quincy, CA                                                  06                2674          1287            5782941          2.23                  0          0.00        1197.6     76  
26416     El Centro--Calexico, CA                                          06              107672         33162           77688228         30.00              45516          0.02        3589.6     75  
27261     El Paso de Robles (Paso Robles)--Atascadero, CA                  06               65088         25479           81440798         31.44             754256          0.29        2069.9     75  
27820     Escalon, CA                                                      06                7157          2619            5098787          1.97                  0          0.00        3635.5     76  
27885     Esparto, CA                                                      06                3277          1063            4226344          1.63                  0          0.00        2008.2     76  
28198     Eureka, CA                                                       06               45034         19912           47907805         18.50            4073307          1.57        2434.6     76  
28657     Fairfield, CA                                                    06              133683         46751          102208547         39.46             339058          0.13        3387.6     75  
29710     Fillmore, CA                                                     06               15081          4429            6965789          2.69               1776          0.00        5607.3     76  
29764     Firebaugh, CA                                                    06                7281          2012            3791356          1.46                  0          0.00        4973.9     76  
30385     Forestville, CA                                                  06                5144          2546           11224866          4.33              71206          0.03        1186.9     76  
30574     Fort Bragg, CA                                                   06               10348          4725           20221075          7.81             498316          0.19        1325.4     76  
30736     Fort Irwin, CA                                                   06                8845          2487            7978142          3.08                  0          0.00        2871.4     76  
30979     Fortuna, CA                                                      06               13084          5485           22510806          8.69                124          0.00        1505.4     76  
31492     Frazier Park, CA                                                 06                3657          1806            6542179          2.53               4999          0.00        1447.8     76  
31843     Fresno, CA                                                       06              654628        229285          443623746        171.28             565416          0.22        3821.9     75  
32451     Galt, CA                                                         06               24912          8095           20606846          7.96                  0          0.00        3131.1     76  
33328     Gilroy--Morgan Hill, CA                                          06               98413         31353          117688246         45.44               3754          0.00        2165.8     75  
33841     Gonzales, CA                                                     06                8174          1985            4068346          1.57               8237          0.00        5203.7     76  
34597     Grass Valley, CA                                                 06               34308         16599           72529005         28.00              62759          0.02        1225.1     76  
34921     Greenfield, CA                                                   06               16451          3783            7105100          2.74                202          0.00        5996.8     76  
35677     Gridley, CA                                                      06                8393          3043           11668719          4.51                  0          0.00        1862.9     76  
35839     Guadalupe, CA                                                    06                7080          1887            2741586          1.06              11821          0.00        6688.5     76  
35893     Guerneville, CA                                                  06                4805          3597           11817615          4.56             529671          0.20        1053.1     76  
36055     Gustine, CA                                                      06                5521          2083            3011695          1.16                  0          0.00        4747.9     76  
36271     Half Moon Bay, CA                                                06               20713          7987           19238300          7.43              11394          0.00        2788.5     76  
36703     Hanford, CA                                                      06               87941         30114           71854752         27.74                  0          0.00        3169.8     75  
38215     Hemet, CA                                                        06              163379         65638          127156829         49.10            1848027          0.71        3327.8     75  
38713     Hidden Valley Lake, CA                                           06                4647          2171            9326259          3.60             362975          0.14        1290.5     76  
39025     Hilmar-Irwin, CA                                                 06                4852          1714            5125810          1.98                  0          0.00        2451.6     76  
39511     Hollister, CA                                                    06               42002         12938           29640123         11.44                  0          0.00        3670.2     76  
39619     Holtville, CA                                                    06                6876          2254            5706692          2.20              11902          0.00        3120.7     76  
40834     Huron, CA                                                        06                6754          1601            3797595          1.47                  0          0.00        4606.3     76  
41100     Incline Village, NV--CA                                          06     P          5069          4006           11761406          4.54                  0          0.00        1116.2     76  
41347     Indio--Cathedral City, CA                                        06              345580        184888          372417690        143.79            4083469          1.58        2403.3     75  
41509     Ione, CA                                                         06                7820          1575            6644276          2.57                  0          0.00        3048.3     76  
42049     Jackson, CA                                                      06                7255          3717           13321958          5.14                  0          0.00        1410.5     76  
44290     Kelseyville, CA                                                  06                3277          1284            5820712          2.25              13105          0.01        1458.1     76  
44587     Kerman, CA                                                       06               13487          3895            6522480          2.52                  0          0.00        5355.5     76  
45073     King City, CA                                                    06               14529          3746           13377269          5.16              37505          0.01        2813.0     76  
46465     Lake Arrowhead--Crestline, CA                                    06               22175         18381           43790882         16.91            3532297          1.36        1311.5     76  
46774     Lake Isabella, CA                                                06                3271          1910            6866727          2.65              37911          0.01        1233.8     76  
46855     Lake Los Angeles, CA                                             06               11808          3489           16787415          6.48             125676          0.05        1821.8     76  
46963     Lake of the Pines, CA                                            06                7926          3462           19889032          7.68            1257973          0.49        1032.1     76  
47071     Lakeport, CA                                                     06               16583          9672           26961167         10.41             408375          0.16        1593.0     76  
47109     Lake Rancho Viejo, CA                                            06                2500           961            1896460          0.73               3427          0.00        3414.2     76  
47233     Lake Wildwood, CA                                                06                7096          3512           16133475          6.23            1172453          0.45        1139.2     76  
47611     Lancaster--Palmdale, CA                                          06              341219        109200          299145981        115.50             436563          0.17        2954.3     75  
49042     Lemoore Station, CA                                              06                7438          1627            5475937          2.11                  0          0.00        3518.0     76  
50041     Lindsay, CA                                                      06               14610          3945           19838166          7.66                  0          0.00        1907.4     76  
50473     Live Oak (Sutter County), CA                                     06                8547          2553            4924254          1.90                  0          0.00        4495.4     76  
50527     Livermore, CA                                                    06               81624         30569           63377833         24.47               6919          0.00        3335.6     75  
50851     Lodi, CA                                                         06               68738         26201           41207495         15.91             452628          0.17        4320.3     75  
51040     Lompoc, CA                                                       06               51509         17944           27702409         10.70              72762          0.03        4815.7     75  
51445     Los Angeles--Long Beach--Anaheim, CA                             06            12150996       4217448         4496266014       1736.02           61141327         23.61        6999.3     75  
51472     Los Banos, CA                                                    06               35917         11366           20949052          8.09                  0          0.00        4440.5     76  
51513     Los Molinos, CA                                                  06                3800          1682            8307121          3.21              13407          0.01        1184.8     76  
52552     McFarland, CA                                                    06               12826          2714            9922667          3.83                  0          0.00        3347.8     76  
52984     Madera, CA                                                       06               78413         21437           57994263         22.39                  0          0.00        3501.9     75  
53605     Mammoth Lakes, CA                                                06                7693          8420            8604971          3.32               2480          0.00        2315.5     76  
54145     Manteca, CA                                                      06               83578         29056           56548708         21.83             898128          0.35        3828.0     75  
55927     Mecca, CA                                                        06               11253          2501           10108820          3.90                  0          0.00        2883.1     76  
56170     Mendota, CA                                                      06               11211          2594            5278325          2.04               8333          0.00        5501.1     76  
56251     Merced, CA                                                       06              136969         45951          123108189         47.53              22024          0.01        2881.6     75  
57709     Mission Viejo--Lake Forest--San Clemente, CA                     06              583681        229845          389861615        150.53            2392379          0.92        3877.6     75  
58006     Modesto, CA                                                      06              358172        124923          237964402         91.88             914405          0.35        3898.3     75  
58020     Mojave, CA                                                       06                3236          1385            5126393          1.98                  0          0.00        1634.9     76  
59437     Morro Bay--Los Osos, CA                                          06               26772         15046           30941884         11.95              55850          0.02        2240.9     76  
59745     Mountain House, CA                                               06                9616          3214            3715374          1.43                  0          0.00        6703.3     76  
60223     Mount Shasta--Weed, CA                                           06                7746          3981           18938178          7.31              14756          0.01        1059.3     76  
60799     Murrieta--Temecula--Menifee, CA                                  06              441546        151268          418862938        161.72            2198788          0.85        2730.2     75  
61057     Napa, CA                                                         06               83913         32387           66872371         25.82             677391          0.26        3250.0     75  
61435     Needles, CA--AZ                                                  06     P          4563          2477            9127314          3.52             235001          0.09        1294.8     76  
62569     Newman, CA                                                       06               10223          3356            4919381          1.90                  0          0.00        5382.3     76  
63282     Nipomo, CA                                                       06               15882          5740           18465470          7.13                  0          0.00        2227.6     76  
63851     North Shore, CA                                                  06                3012           669            4201961          1.62                  0          0.00        1856.5     76  
64432     Oakhurst, CA                                                     06                2913          1401            9729798          3.76                  0          0.00         775.4     76  
65755     Orange Cove, CA                                                  06                9774          2425            3912081          1.51                  0          0.00        6470.9     76  
65836     Orland, CA                                                       06                9282          3378           15148487          5.85                  0          0.00        1587.0     76  
65917     Orosi, CA                                                        06               15150          3555            8773129          3.39                  0          0.00        4472.6     76  
65944     Oroville, CA                                                     06               37122         14828           63660562         24.58             119176          0.05        1510.3     76  
66673     Oxnard, CA                                                       06              367260        119243          218554654         84.38            4341512          1.68        4352.2     75  
67375     Paradise, CA                                                     06               34725         17001           54250662         20.95              40512          0.02        1657.8     76  
67645     Parker, AZ--CA                                                   06     P            93           114             552817          0.21              37399          0.01         435.7     76  
67753     Parlier, CA                                                      06               14490          3499            4096155          1.58                  0          0.00        9162.0     76  
67861     Patterson, CA                                                    06               20781          6418           14666188          5.66                  0          0.00        3669.8     76  
68887     Petaluma, CA                                                     06               64078         25355           55180733         21.31             221181          0.09        3007.6     75  
69034     Phelan, CA                                                       06                6629          2431           37868777         14.62                  0          0.00         453.4     76  
69832     Placerville--Diamond Springs, CA                                 06               29700         13452           67583091         26.09             159130          0.06        1138.2     76  
70021     Planada, CA                                                      06                4523          1193            2816176          1.09                  0          0.00        4159.7     76  
70280     Plumas Lake, CA                                                  06                5252          1717            4496889          1.74                  0          0.00        3024.9     76  
70815     Poplar-Cotton Center, CA                                         06                3158           762            4867623          1.88                  0          0.00        1680.3     76  
71074     Porterville, CA                                                  06               70272         21173           53132104         20.51             288944          0.11        3425.5     75  
71398     Portola, CA                                                      06                2523          1292            3745589          1.45               4955          0.00        1744.6     76  
73288     Ramona, CA                                                       06               25913          9052           48678283         18.79                  0          0.00        1378.7     76  
73315     Rancho Calaveras--Valley Springs, CA                             06                7457          3062           19925620          7.69               8976          0.00         969.3     76  
73342     Rancho Murieta, CA                                               06                5376          2389           10761346          4.15                  0          0.00        1293.9     76  
73720     Red Bluff, CA                                                    06               18434          7768           23704150          9.15             730993          0.28        2014.2     76  
73774     Redding, CA                                                      06              117731         50181          184041834         71.06            3602920          1.39        1656.8     75  
74044     Reedley--Dinuba, CA                                              06               46247         12932           29673421         11.46             102295          0.04        4036.6     76  
74179     Reno, NV--CA                                                     06     P             9             7              18398          0.01                  0          0.00        1267.0     75  
74449     Richgrove, CA                                                    06                2867           607             741348          0.29                  0          0.00       10016.2     76  
74827     Ridgecrest, CA                                                   06               31155         13461           46917129         18.11               1077          0.00        1719.9     76  
75043     Rio Dell, CA                                                     06                4079          1638            4760388          1.84              95990          0.04        2219.3     76  
75097     Rio Vista, CA                                                    06                7097          3752            8202973          3.17                  0          0.00        2240.8     76  
75270     Riverdale, CA                                                    06                2823           814            2306823          0.89                  0          0.00        3169.5     76  
75340     Riverside--San Bernardino, CA                                    06             1932666        590206         1411456231        544.97            8563001          3.31        3546.4     75  
76285     Rosamond, CA                                                     06               16000          6089           16396037          6.33              35900          0.01        2527.4     76  
76717     Running Springs, CA                                              06                4811          3639            6863772          2.65               9227          0.00        1815.4     76  
77068     Sacramento, CA                                                   06             1723634        676840         1219827292        470.98           12813910          4.95        3659.7     75  
77500     St. Helena, CA                                                   06                6727          3224           16128129          6.23             106880          0.04        1080.3     76  
78310     Salinas, CA                                                      06              184809         53687          126771595         48.95             405991          0.16        3775.7     75  
78661     San Diego, CA                                                    06             2956746       1112289         1896936256        732.41           73910863         28.54        4037.0     75  
78904     San Francisco--Oakland, CA                                       06             3281212       1338437         1356171095        523.62           24162411          9.33        6266.4     75  
78931     Sanger, CA                                                       06               26604          7692           14621482          5.65                  0          0.00        4712.5     76  
79012     San Joaquin, CA                                                  06                3983           931            2466574          0.95                  0          0.00        4182.3     76  
79039     San Jose, CA                                                     06             1664496        593475          740693828        285.98            1122773          0.43        5820.3     75  
79147     San Luis Obispo, CA                                              06               59219         21269           52871483         20.41              31079          0.01        2900.9     75  
79282     Santa Barbara, CA                                                06              195861         76684          144647994         55.85             891426          0.34        3507.0     75  
79309     Santa Clarita, CA                                                06              258653         86471          198729334         76.73             185800          0.07        3371.0     75  
79336     Santa Cruz, CA                                                   06              163703         71480          151130218         58.35             426250          0.16        2805.5     75  
79417     Santa Maria, CA                                                  06              130447         39821           75438971         29.13             204075          0.08        4478.5     75  
79444     Santa Paula, CA                                                  06               29742          8880           11438281          4.42               8195          0.00        6734.5     76  
79498     Santa Rosa, CA                                                   06              308231        122312          253792769         97.99             596857          0.23        3145.5     75  
80362     Seaside--Monterey, CA                                            06              114237         51292          100217840         38.69             605116          0.23        2952.3     75  
80551     Selma, CA                                                        06               41810         13220           32503296         12.55                  0          0.00        3331.6     76  
80929     Shafter, CA                                                      06               18098          4796            9948451          3.84                  0          0.00        4711.6     76  
82076     Silver Lakes, CA                                                 06                5394          2662            5768400          2.23            1031477          0.40        2421.9     76  
82144     Simi Valley, CA                                                  06              125206         42896           81407696         31.43            1899735          0.73        3983.4     75  
82846     Soledad, CA                                                      06               25943          3921           10717881          4.14              23207          0.01        6269.2     76  
82873     Solvang--Buellton--Santa Ynez, CA                                06               14862          6250           19757419          7.63               2599          0.00        1948.3     76  
83008     Sonoma, CA                                                       06               32678         14664           32193289         12.43                  0          0.00        2629.0     76  
83073     Sonora--Jamestown--Phoenix Lake, CA                              06               28255         15348           80816252         31.20             559492          0.22         905.5     76  
83305     South Lake Tahoe, CA--NV                                         06     P         27109         19010           38777864         14.97             541695          0.21        1810.6     76  
85087     Stockton, CA                                                     06              370583        125027          239632615         92.52            4315919          1.67        4005.3     75  
85870     Susanville, CA                                                   06               10285          4447           13783798          5.32             102704          0.04        1932.6     76  
86329     Taft, CA                                                         06               14985          5494           14416739          5.57                  0          0.00        2692.1     76  
86869     Tehachapi--Golden Hills, CA                                      06               16540          6802           23574280          9.10              50301          0.02        1817.2     76  
87112     Terra Bella, CA                                                  06                3119           765            3984310          1.54                  0          0.00        2027.5     76  
87490     Thousand Oaks, CA                                                06              214811         78270          221766341         85.62             934283          0.36        2508.8     75  
87669     Tipton, CA                                                       06                2543           645            1738139          0.67                  0          0.00        3789.3     76  
88273     Tracy, CA                                                        06               87569         27534           57643799         22.26             132934          0.05        3934.6     75  
88624     Truckee, CA                                                      06               12139          6488           27457401         10.60              74104          0.03        1145.0     76  
89083     Turlock, CA                                                      06               99904         33244           66795061         25.79                  0          0.00        3873.8     75  
89191     Twentynine Palms, CA                                             06               12895          5857           17238751          6.66                  0          0.00        1937.4     76  
89218     Twentynine Palms Base, CA                                        06                8384          1665            9471633          3.66                  0          0.00        2292.6     76  
89380     Ukiah, CA                                                        06               29709         11391           41329242         15.96             233042          0.09        1861.8     76  
89866     Vacaville, CA                                                    06               93141         33141           70989514         27.41             120658          0.05        3398.2     75  
90028     Vallejo, CA                                                      06              165074         62788          108808038         42.01            2767821          1.07        3929.3     75  
90182     Vandenberg AFB, CA                                               06                3047           945            4649544          1.80                  0          0.00        1697.3     76  
90541     Victorville--Hesperia, CA                                        06              328454        108654          432083781        166.83            2783559          1.07        1968.8     75  
90946     Visalia, CA                                                      06              219454         73650          164291961         63.43              39512          0.02        3459.6     75  
92161     Wasco, CA                                                        06               25489          5442           15784520          6.09                  0          0.00        4182.3     76  
92539     Waterford, CA                                                    06                9104          2875            6269104          2.42              59336          0.02        3761.2     76  
92890     Watsonville, CA                                                  06               73534         19897           59155386         22.84             939553          0.36        3219.5     75  
94685     Wheatland, CA                                                    06                3434          1324            1956508          0.76                  0          0.00        4545.9     76  
95374     Williams, CA                                                     06                5181          1507            5071900          1.96                  0          0.00        2645.7     76  
95671     Willits, CA                                                      06                8053          3403           13560092          5.24             114847          0.04        1538.1     76  
95725     Willows, CA                                                      06                7346          2884            6733954          2.60               4854          0.00        2825.4     76  
96724     Winters, CA                                                      06                7082          2414            5832368          2.25                205          0.00        3144.9     76  
96967     Woodlake, CA                                                     06                7465          2120            4436883          1.71            1178472          0.46        4357.6     76  
96994     Woodland, CA                                                     06               55513         19817           31593905         12.20                  0          0.00        4550.8     75  
97372     Wrightwood, CA                                                   06                4096          2454            3529848          1.36                  0          0.00        3005.4     76  
97885     Yountville, CA                                                   06                2933          1253            4146283          1.60                  0          0.00        1832.1     76  
97912     Yreka, CA                                                        06                7598          3568           12839746          4.96              15696          0.01        1532.6     76  
97939     Yuba City, CA                                                    06              116719         42057          100123895         38.66             977885          0.38        3019.3     75  
97966     Yucca Valley, CA                                                 06               23805         10839           44975164         17.37                  0          0.00        1370.9     76  
98020     Yuma, AZ--CA                                                     06     P          1011           582            3339757          1.29             199967          0.08         784.0     75  
                                                  
                                                  
                                                  
Colorado                                          
                                                  
UACE      NAME                                                             STATE  PART        POP            HU           AREALAND  AREALANDSQMI          AREAWATER AREAWATERSQMI        POPDEN  LSADC  
00676     Air Force Academy, CO                                            08                5512           326            6458442          2.49                  0          0.00        2210.4     76  
00847     Alamosa, CO                                                      08                9751          4057           18886598          7.29                  0          0.00        1337.2     76  
03520     Aspen, CO                                                        08                7710          6459           11852099          4.58                  0          0.00        1684.8     76  
05410     Basalt--El Jebel, CO                                             08                8531          3464           10470559          4.04              26158          0.01        2110.2     76  
05734     Battlement Mesa, CO                                              08                5071          2666            7577591          2.93                907          0.00        1733.2     76  
05904     Bayfield, CO                                                     08                2578          1069            4726290          1.82                  0          0.00        1412.7     76  
09298     Boulder, CO                                                      08              114591         51299           84139802         32.49             706602          0.27        3527.3     75  
09811     Breckenridge, CO                                                 08                7179          8216           16775101          6.48                  0          0.00        1108.4     76  
11080     Brush, CO                                                        08                5816          2450            6313105          2.44                  0          0.00        2386.0     76  
11242     Buena Vista, CO                                                  08                4483          1699            9971730          3.85              88623          0.03        1164.4     76  
11647     Burlington, CO                                                   08                4243          1480            3838628          1.48                  0          0.00        2862.8     76  
13267     Cañon City, CO                                                   08               27139         10533           50254231         19.40              31525          0.01        1398.7     76  
13564     Carbondale, CO                                                   08                7159          2665            5479835          2.12                  0          0.00        3383.6     76  
14705     Cedaredge, CO                                                    08                3550          1734            8370484          3.23                  0          0.00        1098.4     76  
18856     Colorado Springs, CO                                             08              559409        229712          486493260        187.84             985540          0.38        2978.2     75  
20368     Cortez, CO                                                       08                8380          3781            9510796          3.67              70393          0.03        2282.0     76  
20827     Craig, CO                                                        08               10021          4272           14724778          5.69                  0          0.00        1762.6     76  
23230     Delta, CO                                                        08                7849          3384           14715468          5.68             106432          0.04        1381.5     76  
23527     Denver--Aurora, CO                                               08             2374203        997980         1729988718        667.95           35104962         13.55        3554.4     75  
25147     Durango, CO                                                      08               17982          8369           24173578          9.33              84916          0.03        1926.6     76  
25390     Eagle, CO                                                        08                6073          2253            6360405          2.46              43642          0.02        2473.0     76  
25930     Eaton, CO                                                        08                4392          1717            3895626          1.50                  0          0.00        2920.0     76  
26275     Edwards, CO                                                      08               17326          8473           22013516          8.50             404194          0.16        2038.5     76  
27928     Estes Park, CO                                                   08                7082          4885           19404083          7.49              49052          0.02         945.3     76  
28441     Evergreen, CO                                                    08               13556          5946           35196528         13.59             233879          0.09         997.5     76  
29775     Firestone--Frederick, CO                                         08               21474          7509           26430601         10.20             189947          0.07        2104.3     76  
30007     Florence, CO                                                     08                7314          1907           10075182          3.89                  0          0.00        1880.2     76  
30628     Fort Collins, CO                                                 08              264465        110523          284024540        109.66           14723568          5.68        2411.6     75  
30755     Fort Lupton, CO                                                  08                9055          3099           13799317          5.33                  0          0.00        1699.5     76  
30817     Fort Morgan, CO                                                  08               13178          5001           12790946          4.94                  0          0.00        2668.4     76  
31478     Fraser, CO                                                       08                2583          3796            5791308          2.24                  0          0.00        1155.2     76  
33652     Glenwood Springs, CO                                             08               11581          4810           12746319          4.92              65478          0.03        2353.2     76  
34273     Grand Junction, CO                                               08              128124         54388          204086143         78.80            2214614          0.86        1626.0     75  
34786     Greeley, CO                                                      08              117825         45555          106792744         41.23             433064          0.17        2857.5     75  
36001     Gunnison, CO                                                     08                6343          2974            8349300          3.22                  0          0.00        1967.6     76  
36136     Gypsum, CO                                                       08                5963          2017            9066273          3.50             115081          0.04        1703.5     76  
43253     Johnstown, CO                                                    08               13693          4776           15487332          5.98             154849          0.06        2289.9     76  
46126     Lafayette--Louisville--Erie, CO                                  08               79407         31797          102387944         39.53            1617062          0.62        2008.7     75  
46450     La Junta, CO                                                     08                8191          3950            9872224          3.81              90158          0.03        2148.9     76  
47287     Lamar, CO                                                        08                7796          3647           12614090          4.87              65095          0.03        1600.7     76  
47908     Las Animas, CO                                                   08                4032          1207            3651419          1.41                  0          0.00        2859.9     76  
48448     Leadville, CO                                                    08                5039          2749            8633888          3.33                  0          0.00        1511.6     76  
50730     Lochbuie, CO                                                     08                4120          1531            3182981          1.23                  0          0.00        3352.4     76  
51175     Longmont, CO                                                     08               90897         36783           67928900         26.23            1875015          0.72        3465.7     75  
58546     Monte Vista, CO                                                  08                4489          1974            5444967          2.10              46479          0.02        2135.3     76  
58951     Montrose, CO                                                     08               22706         10001           46969883         18.14                  0          0.00        1252.0     76  
62110     New Castle, CO                                                   08                5449          2055            6075992          2.35             166831          0.06        2322.7     76  
66889     Pagosa Springs, CO                                               08                4909          3371           13770881          5.32             866486          0.33         923.3     76  
72613     Pueblo, CO                                                       08              136550         59538          192206845         74.21            2205393          0.85        1840.0     75  
74935     Rifle, CO                                                        08               10479          4022           10180489          3.93                596          0.00        2665.9     76  
75961     Rocky Ford, CO                                                   08                4161          1954            4576410          1.77                  0          0.00        2354.9     76  
76528     Roxborough Park, CO                                              08                8503          3015            6577673          2.54                  0          0.00        3348.1     76  
78256     Salida, CO                                                       08                6663          3583           12681187          4.90                  0          0.00        1360.8     76  
80704     Severance, CO                                                    08                2670           973            4031186          1.56                  0          0.00        1715.4     76  
82023     Silt, CO                                                         08                2966          1091            3023146          1.17                  0          0.00        2541.0     76  
82090     Silverthorne--Frisco, CO                                         08               15351         13847           23237710          8.97              72880          0.03        1711.0     76  
84682     Steamboat Springs, CO                                            08               12888          9228           21133485          8.16                  0          0.00        1579.5     76  
84790     Sterling, CO                                                     08               16088          5963           16799004          6.49                  0          0.00        2480.4     76  
88516     Trinidad, CO                                                     08                9181          4407           15214358          5.87                  0          0.00        1562.9     76  
89920     Vail, CO                                                         08                5823          6624            8211021          3.17              10836          0.00        1836.7     76  
91486     Walsenburg, CO                                                   08                2943          1677            4264160          1.65                  0          0.00        1787.5     76  
93673     Wellington, CO                                                   08                6224          2244            7061827          2.73               5660          0.00        2282.7     76  
97048     Woodland Park, CO                                                08               10528          5019           22004291          8.50              18578          0.01        1239.2     76  
98047     Yuma, CO                                                         08                3524          1492            3970008          1.53              18289          0.01        2299.0     76  
                                                  
                                                  
                                                  
Connecticut                                       
                                                  
UACE      NAME                                                             STATE  PART        POP            HU           AREALAND  AREALANDSQMI          AREAWATER AREAWATERSQMI        POPDEN  LSADC  
10162     Bridgeport--Stamford, CT--NY                                     09     P        877630        351934         1173077961        452.93           30099373         11.62        1937.7     75  
18559     Colchester, CT                                                   09               10098          4229           37817674         14.60             731762          0.28         691.6     76  
22096     Danbury, CT--NY                                                  09     P        161323         63526          324393088        125.25            9004672          3.48        1288.0     75  
37243     Hartford, CT                                                     09              924859        388538         1337069590        516.25           23469901          9.06        1791.5     75  
43115     Jewett City, CT                                                  09               10119          4425           20911401          8.07             750677          0.29        1253.3     76  
47044     Lake Pocotopaug--East Hampton, CT                                09                9450          4145           26413573         10.20            2197159          0.85         926.6     76  
50213     Litchfield, CT                                                   09                2590          1315            8312896          3.21              62477          0.02         806.9     76  
58972     Moodus, CT                                                       09                2701          1286           10174135          3.93             473606          0.18         687.6     76  
62407     New Haven, CT                                                    09              562839        239054          792818068        306.11           15838838          6.12        1838.7     75  
63217     New York--Newark, NY--NJ--CT                                     09     P           114            50             149116          0.06                  0          0.00        1980.1     75  
64135     Norwich--New London, CT--RI                                      09     P        188041         85450          352743073        136.19           36301822         14.02        1380.7     75  
83926     Springfield, MA--CT                                              09     P         89711         34741          202891048         78.34            5274842          2.04        1145.2     75  
84169     Stafford Springs, CT                                             09                5581          2528           14875790          5.74             132265          0.05         971.7     76  
88192     Torrington, CT                                                   09               42754         19764           65165535         25.16             989198          0.38        1699.2     76  
92485     Waterbury, CT                                                    09              194535         81550          233763613         90.26            3911275          1.51        2155.4     75  
95590     Willimantic, CT                                                  09               29669         11488           46265167         17.86            2757564          1.06        1660.9     76  
97291     Worcester, MA--CT                                                09     P         32928         14518           83658481         32.30            2505818          0.97        1019.4     75  
                                                  
                                                  
                                                  
Delaware                                          
                                                  
UACE      NAME                                                             STATE  PART        POP            HU           AREALAND  AREALANDSQMI          AREAWATER AREAWATERSQMI        POPDEN  LSADC  
10198     Bridgeville, DE                                                  10                3343          1389            8155132          3.15                  0          0.00        1061.7     76  
24580     Dover, DE                                                        10              110769         43144          191734980         74.03            2277525          0.88        1496.3     75  
32950     Georgetown, DE                                                   10                9034          2337           12504640          4.83                  0          0.00        1871.1     76  
36973     Harrington, DE                                                   10                4448          1911            7561652          2.92                  0          0.00        1523.5     76  
49231     Lewes, DE                                                        10               24129         24177           55601643         21.47            1005989          0.39        1124.0     76  
51202     Long Neck, DE                                                    10               14150         12253           43906998         16.95            3615629          1.40         834.7     76  
56845     Middletown, DE                                                   10               29415         10121           45745649         17.66             149087          0.06        1665.4     76  
57196     Milford, DE                                                      10               18009          7620           46043778         17.78            1002261          0.39        1013.0     76  
57358     Millsboro, DE                                                    10                9395          4167           27871706         10.76               2253          0.00         873.0     76  
57395     Milton, DE                                                       10                2556          1296            3109625          1.20             167254          0.06        2128.9     76  
64660     Ocean Pines, MD--DE                                              10     P          4146          5435            9437327          3.64              93433          0.04        1137.8     76  
64702     Ocean View, DE                                                   10               12342         17216           53274775         20.57            1789834          0.69         600.0     76  
69076     Philadelphia, PA--NJ--DE--MD                                     10     P        481625        197839          494659246        190.99           27311350         10.54        2521.7     75  
78364     Salisbury, MD--DE                                                10     P         24588         10206           54185153         20.92            1545540          0.60        1175.3     75  
                                                  
                                                  
                                                  
District of Columbia                              
                                                  
UACE      NAME                                                             STATE  PART        POP            HU           AREALAND  AREALANDSQMI          AREAWATER AREAWATERSQMI        POPDEN  LSADC  
92242     Washington, DC--VA--MD                                           11     P        601723        296719          158114680         61.05           18884970          7.29        9856.5     75  
                                                  
                                                  
                                                  
Florida                                           
                                                  
UACE      NAME                                                             STATE  PART        POP            HU           AREALAND  AREALANDSQMI          AREAWATER AREAWATERSQMI        POPDEN  LSADC  
00793     Alachua, FL                                                      12                4114          1816            9761708          3.77              31222          0.01        1091.5     76  
02710     Apalachicola, FL                                                 12                3691          2095            7236978          2.79           15809641          6.10        1320.9     76  
02912     Arcadia--Southeast Arcadia, FL                                   12               17490          7356           26231607         10.13              15770          0.01        1726.9     76  
06517     Belle Glade, FL                                                  12               24870          7729           21487586          8.30              27832          0.01        2997.7     76  
07597     Big Pine Key, FL                                                 12                7540          5958           19738116          7.62            3771218          1.46         989.4     76  
08461     Blountstown, FL                                                  12                4751          1349           10210537          3.94              25169          0.01        1205.1     76  
08947     Bonifay, FL                                                      12                4230          1268            9245651          3.57              27637          0.01        1185.0     76  
08974     Bonita Springs, FL                                               12              310298        209911          484223262        186.96           37054774         14.31        1659.7     75  
11872     Burnt Store Marina, FL                                           12                3061          2791            8151975          3.15             784638          0.30         972.5     76  
11890     Bushnell, FL                                                     12                3500          2263            7038547          2.72               3987          0.00        1287.9     76  
13510     Cape Coral, FL                                                   12              530290        307598          855498753        330.31          106856311         41.26        1605.4     75  
15103     Century, FL--AL                                                  12     P          2770           488            5838848          2.25             110910          0.04        1228.7     76  
15805     Chattahoochee, FL                                                12                5508          1034            6644491          2.57              57364          0.02        2147.0     76  
16588     Chipley, FL                                                      12                3846          1752            9706690          3.75                  0          0.00        1026.2     76  
17776     Clewiston, FL                                                    12               12833          4633           12052458          4.65             261977          0.10        2757.7     76  
20890     Crawfordville, FL                                                12                8342          3354           24766569          9.56                  0          0.00         872.4     76  
20935     Crescent City, FL                                                12                2812          1689           12672120          4.89              75516          0.03         574.7     76  
21043     Crestview, FL                                                    12               32432         13454           61039441         23.57            1309676          0.51        1376.1     76  
21220     Crooked Lake Park, FL                                            12                4335          1961            9592431          3.70             636962          0.25        1170.5     76  
21313     Cross City, FL                                                   12                3773          1148            8999598          3.47                  0          0.00        1085.8     76  
21529     Crystal River, FL                                                12                4388          2783           12506860          4.83              98726          0.04         908.7     76  
22933     De Funiak Springs, FL                                            12                5812          2923           17629303          6.81             691086          0.27         853.9     76  
23311     Deltona, FL                                                      12              182169         79045          249828736         96.46            9704973          3.75        1888.6     75  
29548     Fellsmere, FL                                                    12                5294          1443            4847014          1.87                  0          0.00        2828.8     76  
29602     Fernandina Beach, FL                                             12               25239         15126           62469810         24.12              81686          0.03        1046.4     76  
30790     Fort Meade, FL                                                   12                6234          2670           14536422          5.61             487231          0.19        1110.7     76  
31060     Fort Walton Beach--Navarre--Wright, FL                           12              191917        109009          312113191        120.51           26370028         10.18        1592.6     75  
31150     Four Corners, FL                                                 12               35549         25928           87378645         33.74            6271421          2.42        1053.7     76  
31978     Frostproof, FL                                                   12                7626          3330           19872815          7.67            4988273          1.93         993.9     76  
32167     Gainesville, FL                                                  12              187781         85930          225430522         87.04            3841294          1.48        2157.4     75  
33798     Golden Gate Estates, FL                                          12                3953          1393           18879721          7.29             164102          0.06         542.3     76  
34072     Graceville, FL                                                   12                4037           900            7108409          2.74                  0          0.00        1470.9     76  
37621     Havana, FL                                                       12                2771          1240            5617998          2.17                  0          0.00        1277.5     76  
38823     High Springs, FL                                                 12                3022          1374            6159946          2.38                  0          0.00        1270.6     76  
39758     Homosassa Springs--Beverly Hills--Citrus Springs, FL             12               80962         43828          234293607         90.46            6810451          2.63         895.0     75  
41077     Immokalee, FL                                                    12               23160          6542           22896208          8.84             293165          0.11        2619.8     76  
41320     Indiantown, FL                                                   12                6503          1843            7005102          2.70             108603          0.04        2404.3     76  
41374     Interlachen, FL                                                  12                5805          2896           27952097         10.79            2992919          1.16         537.9     76  
42346     Jacksonville, FL                                                 12             1065219        467634         1373615003        530.36          199369291         76.98        2008.5     75  
42643     Jasper, FL                                                       12                5404          1220            5682563          2.19                  0          0.00        2463.0     76  
43595     Jupiter Farms, FL                                                12               10962          4030           27858848         10.76              38159          0.01        1019.1     76  
44789     Key Largo, FL                                                    12               18121         15476           35600253         13.75            8587954          3.32        1318.3     76  
44830     Keystone Heights, FL                                             12                6544          3043           19906475          7.69            2390637          0.92         851.4     76  
44857     Key West, FL                                                     12               32095         17580           21092554          8.14            3023323          1.17        3941.0     76  
45451     Kissimmee, FL                                                    12              314071        132020          409912328        158.27            9643926          3.72        1984.4     75  
45829     LaBelle--Port LaBelle, FL                                        12               12054          4485           27527588         10.63             337034          0.13        1134.1     76  
45937     Lady Lake--The Villages, FL                                      12              112991         69820          184069162         71.07            3325821          1.28        1589.9     75  
46489     Lake Bryant, FL                                                  12                3552          2113            7061488          2.73             567452          0.22        1302.8     76  
46504     Lake Butler, FL                                                  12                5057           993           12741105          4.92              30923          0.01        1028.0     76  
46558     Lake City, FL                                                    12               25623         10073           64928009         25.07             974353          0.38        1022.1     76  
46828     Lakeland, FL                                                     12              262596        114725          378185289        146.02           17848936          6.89        1798.4     75  
46990     Lake Panasoffkee, FL                                             12                3365          2099            6281746          2.43              28892          0.01        1387.4     76  
47010     Lake Placid, FL                                                  12               16351          9264           48791363         18.84            6678823          2.58         868.0     76  
48799     Leesburg--Eustis--Tavares, FL                                    12              131337         70397          244552738         94.42           25908634         10.00        1391.0     75  
50500     Live Oak, FL                                                     12                6994          2942           14506204          5.60               3873          0.00        1248.7     76  
52417     Macclenny, FL                                                    12               10984          3973           25028209          9.66                  0          0.00        1136.7     76  
53038     Madison, FL                                                      12                3843          1751            5182851          2.00              87915          0.03        1920.4     76  
54307     Marathon, FL                                                     12                8965          7504           21274823          8.21             961880          0.37        1091.4     76  
54442     Marianna, FL                                                     12                6086          3004           13951039          5.39              19055          0.01        1129.9     76  
54739     Marion Oaks, FL                                                  12               14160          6407           37119923         14.33              16201          0.01         988.0     76  
56602     Miami, FL                                                        12             5502379       2443188         3207994271       1238.61          191964476         74.12        4442.4     75  
59005     Moore Haven, FL                                                  12                3205          1201            5530990          2.14             232377          0.09        1500.8     76  
61300     Nassau Village-Ratliff, FL                                       12                5243          2135           18248115          7.05                  0          0.00         744.1     76  
63838     North Port--Port Charlotte, FL                                   12              169541         97194          308063292        118.94           26929715         10.40        1425.4     75  
64567     Ocala, FL                                                        12              156909         75984          290302900        112.09             514605          0.20        1399.9     75  
64577     Ocala Estates, FL                                                12                2939          1148            6030486          2.33                  0          0.00        1262.2     76  
65026     Okeechobee--Taylor Creek, FL                                     12               25378         11854           64224471         24.80            1681116          0.65        1023.4     76  
65767     Orangetree, FL                                                   12                7624          2737           25064389          9.68            1526614          0.59         787.8     76  
65863     Orlando, FL                                                      12             1510516        648166         1548012602        597.69          142321970         54.95        2527.3     75  
66916     Pahokee, FL                                                      12                7179          2659           10044758          3.88                  0          0.00        1851.1     76  
67051     Palatka, FL                                                      12               23982         10794           58682742         22.66             461582          0.18        1058.5     76  
67105     Palm Bay--Melbourne, FL                                          12              452791        222477          600821070        231.98          130390065         50.34        1951.9     75  
67134     Palm Coast--Daytona Beach--Port Orange, FL                       12              349064        196509          464496045        179.34           29284415         11.31        1946.3     75  
67294     Panama City, FL                                                  12              143280         87385          238044652         91.91           19526345          7.54        1558.9     75  
67305     Panama City Northeast, FL                                        12                5817          2051           17768751          6.86              99859          0.04         847.9     76  
68482     Pensacola, FL--AL                                                12     P        333801        148196          581960811        224.70           15064636          5.82        1485.6     75  
68590     Perry, FL                                                        12                6933          3087           17732557          6.85                  0          0.00        1012.6     76  
70480     Poinciana, FL                                                    12               41922         16363           44267213         17.09             401053          0.15        2452.8     76  
70490     Poinciana Southwest, FL                                          12                5501          2321            6955855          2.69               9997          0.00        2048.3     76  
71452     Port St. Joe, FL                                                 12                3635          1852            7487988          2.89               2706          0.00        1257.3     76  
71479     Port St. Lucie, FL                                               12              376047        190725          538965142        208.10           53083590         20.50        1807.1     75  
73018     Quincy, FL                                                       12                9292          3645           20548429          7.93                  0          0.00        1171.2     76  
73245     Rainbow Lakes Estates, FL                                        12                5155          2965           16324346          6.30                  0          0.00         817.9     76  
74881     Ridge Manor, FL                                                  12                2971          1419            7822353          3.02             149092          0.06         983.7     76  
77230     St. Augustine, FL                                                12               69173         38793          111522906         43.06            9260823          3.58        1606.5     75  
79537     Santa Rosa Beach, FL                                             12                4512          3724           20147394          7.78             364338          0.14         580.0     76  
79606     Sarasota--Bradenton, FL                                          12              643260        380647          846114192        326.69          105908583         40.89        1969.0     75  
80400     Sebastian--Vero Beach South--Florida Ridge, FL                   12              149422         87601          250327416         96.65           25871586          9.99        1546.0     75  
80416     Sebring--Avon Park, FL                                           12               61625         33936          119581009         46.17           10043851          3.88        1334.7     75  
84024     Spring Hill, FL                                                  12              148220         71564          297790447        114.98           10513173          4.06        1289.1     75  
84439     Starke, FL                                                       12                5676          2523           11707973          4.52                  0          0.00        1255.6     76  
85390     Sugarmill Woods, FL                                              12                8816          5257           27145314         10.48                  0          0.00         841.2     76  
86464     Tallahassee, FL                                                  12              240223        108924          327624728        126.50           10836543          4.18        1899.0     75  
86599     Tampa--St. Petersburg, FL                                        12             2441770       1187285         2478587543        956.99          211394181         81.62        2551.5     75  
87787     Titusville, FL                                                   12               54386         27653           77878653         30.07             296280          0.11        1808.7     75  
88371     Trenton, FL                                                      12                2724           727            5024191          1.94                  0          0.00        1404.2     76  
92917     Wauchula, FL                                                     12               14621          4989           26577036         10.26               3777          0.00        1424.8     76  
93525     Wedgefield, FL                                                   12                4505          1753            6447878          2.49              86965          0.03        1809.6     76  
95634     Williston, FL                                                    12                3244          1339            7814899          3.02               2068          0.00        1075.1     76  
96697     Winter Haven, FL                                                 12              201289         94666          348003481        134.36           80355472         31.03        1498.1     75  
97200     Woodville, FL                                                    12                5427          1010           19725425          7.62               1345          0.00         712.6     76  
97331     World Golf Village, FL                                           12                6622          2533           16703565          6.45             270378          0.10        1026.8     76  
97993     Yulee, FL                                                        12                7534          2958           25599683          9.88                  0          0.00         762.2     76  
98182     Zephyrhills, FL                                                  12               66609         37667          112650971         43.49            1590813          0.61        1531.4     75  
                                                  
                                                  
                                                  
Georgia                                           
                                                  
UACE      NAME                                                             STATE  PART        POP            HU           AREALAND  AREALANDSQMI          AREAWATER AREAWATERSQMI        POPDEN  LSADC  
00469     Adel, GA                                                         13                6986          2990           15634050          6.04             204861          0.08        1157.3     76  
00901     Albany, GA                                                       13               95779         40430          183486824         70.84            2789526          1.08        1352.0     75  
01603     Alma, GA                                                         13                3408          1427            7309455          2.82             363325          0.14        1207.6     76  
02008     Americus, GA                                                     13               19106          7655           31443706         12.14             138659          0.05        1573.7     76  
03277     Ashburn, GA                                                      13                4489          1940            8185910          3.16             104500          0.04        1420.3     76  
03763     Athens-Clarke County, GA                                         13              128754         55512          254841198         98.39            2581091          1.00        1308.5     75  
03817     Atlanta, GA                                                      13             4515419       1861932         6851428985       2645.35           93515029         36.11        1706.9     75  
04222     Augusta-Richmond County, GA--SC                                  13     P        283283        118387          439503187        169.69            4222208          1.63        1669.4     75  
04627     Bainbridge, GA                                                   13               12118          5320           26708255         10.31             650991          0.25        1175.1     76  
05113     Barnesville, GA                                                  13                7167          2769           14054287          5.43             102435          0.04        1320.8     76  
05788     Baxley, GA                                                       13                5208          2397           14690092          5.67              20481          0.01         918.2     76  
08029     Blackshear, GA                                                   13                3873          1742            8712980          3.36              36538          0.01        1151.3     76  
08191     Blakely, GA                                                      13                3748          1513            7959061          3.07                  0          0.00        1219.7     76  
09892     Bremen, GA                                                       13                6516          2762           17650368          6.81              20518          0.01         956.1     76  
11026     Brunswick, GA                                                    13               51024         22277          112357237         43.38            2074205          0.80        1176.2     75  
11175     Buckhead (Bryan County), GA                                      13                5168          1783           20071345          7.75             170258          0.07         666.9     76  
12241     Cairo, GA                                                        13                9414          3896           16790008          6.48             157085          0.06        1452.2     76  
12457     Calhoun, GA                                                      13               31493         12644           85652237         33.07             479453          0.19         952.3     76  
13132     Camilla, GA                                                      13                6939          2081           13853523          5.35                  0          0.00        1297.3     76  
14023     Carrollton, GA                                                   13               42872         17154          116812828         45.10            2594342          1.00         950.6     76  
14185     Cartersville, GA                                                 13               52477         20826          131056548         50.60             294694          0.11        1037.1     75  
14806     Cedartown, GA                                                    13               12502          4965           22408017          8.65              75977          0.03        1445.0     76  
15832     Chattanooga, TN--GA                                              13     P         78364         33676          191947418         74.11             279015          0.11        1057.4     75  
17371     Claxton, GA                                                      13                4259          1758            8191779          3.16              89847          0.03        1346.6     76  
17420     Clayton, GA                                                      13                3372          1624           10102295          3.90               7557          0.00         864.5     76  
17625     Cleveland, GA                                                    13                4399          2027           12496400          4.82              36054          0.01         911.7     76  
18370     Cochran, GA                                                      13                6324          2397           11947968          4.61             185988          0.07        1370.9     76  
19099     Columbus, GA--AL                                                 13     P        192338         82394          247198240         95.44            2448635          0.95        2015.2     75  
19450     Commerce, GA                                                     13                6624          2830           16469768          6.36              44355          0.02        1041.7     76  
20071     Cordele, GA                                                      13               12416          5494           19477045          7.52              52410          0.02        1651.0     76  
20152     Cornelia--Baldwin, GA                                            13               18578          6782           50552620         19.52             198960          0.08         951.8     76  
21826     Cuthbert, GA                                                     13                3811          1870            6077439          2.35              13393          0.01        1624.1     76  
21934     Dahlonega, GA                                                    13                4812          1581           10686391          4.13              22520          0.01        1166.3     76  
22069     Dalton, GA                                                       13               85239         32927          209331616         80.82             197994          0.08        1054.6     75  
22312     Darien, GA                                                       13                3682          1845            8007084          3.09             127436          0.05        1191.0     76  
22447     Dawson, GA                                                       13                4466          1871            5673294          2.19                  0          0.00        2038.8     76  
24418     Donalsonville, GA                                                13                2745          1222            7603903          2.94             120109          0.05         935.0     76  
24526     Douglas, GA                                                      13               14154          6006           31068791         12.00             542642          0.21        1179.9     76  
24715     Dublin, GA                                                       13               20999          9212           58123883         22.44             543835          0.21         935.7     76  
25714     Eastman, GA                                                      13                6053          2689           14614106          5.64             135191          0.05        1072.7     76  
26011     Eatonton, GA                                                     13                3889          1753            8601083          3.32                  0          0.00        1171.1     76  
26362     Elberton, GA                                                     13                5925          2925           13551362          5.23              42632          0.02        1132.4     76  
27037     Ellijay, GA                                                      13                3496          1613           13119064          5.07                  0          0.00         690.2     76  
28090     Eufaula, AL--GA                                                  13     P           676           476            1842676          0.71            1225175          0.47         950.2     76  
29791     Fitzgerald, GA                                                   13               11638          5167           22772899          8.79             539769          0.21        1323.6     76  
30196     Folkston, GA                                                     13                5961          1769           12456502          4.81             166069          0.06        1239.4     76  
30493     Forsyth, GA                                                      13                4834          1882           10625076          4.10              41821          0.02        1178.3     76  
31033     Fort Valley, GA                                                  13               10605          3869           12537852          4.84              32622          0.01        2190.7     76  
32194     Gainesville, GA                                                  13              130846         49063          327037233        126.27            7858401          3.03        1036.2     75  
33544     Glennville, GA                                                   13                3161          1534            7704457          2.97              37534          0.01        1062.6     76  
34554     Grantville, GA                                                   13                2571           984            7179713          2.77              45587          0.02         927.5     76  
34613     Gray, GA                                                         13                4566          1701            9893923          3.82             118495          0.05        1195.3     76  
35137     Greensboro, GA                                                   13                2759          1167            5810335          2.24             110898          0.04        1229.8     76  
36878     Harlem, GA                                                       13                2705          1135            8988721          3.47               9555          0.00         779.4     76  
37432     Hartwell, GA                                                     13                5884          2748           15040424          5.81             190858          0.07        1013.2     76  
37729     Hawkinsville, GA                                                 13                3999          1906            8334258          3.22             110994          0.04        1242.7     76  
37891     Hazlehurst, GA                                                   13                4594          2004           10432644          4.03             159142          0.06        1140.5     76  
39133     Hinesville, GA                                                   13               51456         20957           80658367         31.14             860857          0.33        1652.3     75  
39700     Homerville, GA                                                   13                2690          1203            5356705          2.07                  0          0.00        1300.6     76  
42076     Jackson, GA                                                      13                5218          2222           12136568          4.69              51181          0.02        1113.5     76  
42670     Jasper, GA                                                       13                5909          2545           22818897          8.81             144994          0.06         670.7     76  
42849     Jefferson, GA                                                    13               10443          3923           35980860         13.89             530896          0.20         751.7     76  
43102     Jesup, GA                                                        13               12660          4702           26986474         10.42             110719          0.04        1215.0     76  
45991     LaFayette, GA                                                    13                7364          3364           15558982          6.01                  0          0.00        1225.8     76  
46234     LaGrange, GA                                                     13               34879         14648           76263724         29.45             720508          0.28        1184.5     76  
46836     Lakeland, GA                                                     13                2910          1202            2745929          1.06                  0          0.00        2744.7     76  
47000     Lake Park, GA                                                    13                3367          1686           10150330          3.92            2628345          1.01         859.1     76  
48785     Leesburg, GA                                                     13                3631          1109            9507364          3.67             143775          0.06         989.2     76  
51688     Louisville, GA                                                   13                3273          1273            6188870          2.39             114580          0.04        1369.7     76  
52001     Lula, GA                                                         13                2591          1046            7379697          2.85              22702          0.01         909.3     76  
52822     Macon, GA                                                        13              137570         62512          253854243         98.01            2410758          0.93        1403.6     75  
52930     McRae, GA                                                        13                8747          2905           13587693          5.25             116153          0.04        1667.3     76  
53065     Madison, GA                                                      13                4401          1893           10877785          4.20              93956          0.04        1047.9     76  
53659     Manchester, GA                                                   13                4096          1919           10263967          3.96              36367          0.01        1033.6     76  
56494     Metter, GA                                                       13                3633          1576            7793116          3.01              42159          0.02        1207.4     76  
57223     Milledgeville, GA                                                13               29808         13116           88135190         34.03            1943526          0.75         876.0     76  
57250     Millen, GA                                                       13                2827          1398            6652830          2.57               9351          0.00        1100.6     76  
58303     Monroe, GA                                                       13               15854          6575           37227365         14.37             516777          0.20        1103.0     76  
58573     Montezuma, GA                                                    13                6900          2405           15315240          5.91             127731          0.05        1166.9     76  
58721     Monticello, GA                                                   13                2535          1102            5061531          1.95              20236          0.01        1297.2     76  
59572     Moultrie, GA                                                     13               18677          7843           47093766         18.18            1351456          0.52        1027.2     76  
61219     Nashville, GA                                                    13                4601          2114            8493607          3.28             114650          0.04        1403.0     76  
61478     Nelson, GA                                                       13                4091          1624           11629756          4.49              18842          0.01         911.1     76  
64729     Ocilla, GA                                                       13                3366          1207            5491161          2.12              27343          0.01        1587.6     76  
68320     Pelham, GA                                                       13                3750          1499            5753767          2.22                  0          0.00        1688.0     76  
73126     Quitman, GA                                                      13                3769          1838            7762822          3.00              53213          0.02        1257.5     76  
74142     Reidsville, GA                                                   13                4945          1214            8717110          3.37              26099          0.01        1469.2     76  
74989     Rincon, GA                                                       13               12111          4776           21298779          8.22              14197          0.01        1472.7     76  
75826     Rockmart, GA                                                     13                7646          3326           18384779          7.10             172450          0.07        1077.1     76  
76204     Rome, GA                                                         13               60851         25666          123454432         47.67            1847261          0.71        1276.6     75  
76582     Royston, GA                                                      13                3002          1304            7210816          2.78              42257          0.02        1078.3     76  
77932     St. Marys--Kingsland, GA                                         13               34630         13963           81097696         31.31            2180271          0.84        1106.0     76  
78026     St. Simons, GA                                                   13               12226          9396           23225001          8.97             310841          0.12        1363.4     76  
78634     Sandersville, GA                                                 13                7288          3358           18121407          7.00              40373          0.02        1041.6     76  
79768     Savannah, GA                                                     13              260677        114289          428626255        165.49           14710552          5.68        1575.1     75  
82724     Social Circle, GA                                                13                3328          1380            9245865          3.57              53201          0.02         932.3     76  
83089     Soperton, GA                                                     13                2832          1137            6427684          2.48              91755          0.04        1141.1     76  
83440     Sparta, GA                                                       13                3622          1083            9971321          3.85              44373          0.02         940.8     76  
83872     Springfield, GA                                                  13                3649          1171            6332933          2.45                  0          0.00        1492.3     76  
84547     Statesboro, GA                                                   13               36314         14584           66003928         25.48            1969202          0.76        1425.0     76  
85654     Summerville, GA                                                  13               11041          4260           24658465          9.52              18581          0.01        1159.7     76  
86005     Swainsboro, GA                                                   13                7484          3106           23156052          8.94             644736          0.25         837.1     76  
86221     Sylvania, GA                                                     13                3076          1390            9297289          3.59             157655          0.06         856.9     76  
86248     Sylvester, GA                                                    13                6685          2755           13947177          5.39              90889          0.04        1241.4     76  
87382     Thomaston, GA                                                    13               14416          6553           26981077         10.42             124426          0.05        1383.8     76  
87436     Thomasville, GA                                                  13               24139         11044           58756175         22.69             691054          0.27        1064.1     76  
87463     Thomson, GA                                                      13                8540          3658           15972382          6.17              72272          0.03        1384.8     76  
87625     Tifton, GA                                                       13               23757          9716           45879568         17.71             809065          0.31        1341.1     76  
87841     Toccoa, GA                                                       13               10846          5067           28346325         10.94              72196          0.03         991.0     76  
88381     Trenton, GA                                                      13                2850          1261            7579854          2.93                  0          0.00         973.8     76  
89299     Tybee Island, GA                                                 13                3202          3492            6800316          2.63             989922          0.38        1219.5     76  
89425     Unadilla, GA                                                     13                3406           791            4562351          1.76              32486          0.01        1933.5     76  
89974     Valdosta, GA                                                     13               77085         30713          144297681         55.71            1997739          0.77        1383.6     75  
90082     Valley--Lanett, AL--GA                                           13     P          3361          1455            6109777          2.36             340036          0.13        1424.8     76  
90568     Vidalia, GA                                                      13               13442          5978           30903731         11.93             644078          0.25        1126.6     76  
90595     Vienna, GA                                                       13                3506          1554            4803034          1.85               4426          0.00        1890.6     76  
91783     Warner Robins, GA                                                13              133109         55783          260588564        100.61            2391169          0.92        1323.0     75  
92269     Washington, GA                                                   13                3457          1672            8238912          3.18              16075          0.01        1086.7     76  
93187     Waycross, GA                                                     13               25723         11844           58720627         22.67             493513          0.19        1134.6     76  
93268     Waynesboro, GA                                                   13                5830          2300           12270353          4.74             147851          0.06        1230.6     76  
96130     Winder, GA                                                       13               37831         14415          119049362         45.97            1679521          0.65         823.0     76  
97366     Wrightsville, GA                                                 13                3452           848           11826429          4.57              97500          0.04         756.0     76  
97812     Yorkville, GA                                                    13                3289          1208           10025714          3.87             100949          0.04         849.7     76  
                                                  
                                                  
                                                  
Hawaii                                            
                                                  
UACE      NAME                                                             STATE  PART        POP            HU           AREALAND  AREALANDSQMI          AREAWATER AREAWATERSQMI        POPDEN  LSADC  
13550     Captain Cook, HI                                                 15                4175          1640           10828493          4.18                  0          0.00         998.6     76  
36231     Haleiwa--Waialua--Pupukea, HI                                    15               13770          5308           14575290          5.63             199739          0.08        2446.9     76  
37716     Hawaiian Paradise Park, HI                                       15               20503          8062           83608315         32.28                  0          0.00         635.1     76  
39052     Hilo, HI                                                         15               43925         17091           63522148         24.53             182714          0.07        1791.0     76  
39862     Honokaa, HI                                                      15                2667           972            4066412          1.57                  0          0.00        1698.7     76  
43615     Kahului, HI                                                      15               55934         18458           43194012         16.68             126311          0.05        3353.9     75  
43642     Kailua (Hawaii County)--Holualoa, HI                             15               28850         14269           37128388         14.34                  0          0.00        2012.5     76  
43669     Kailua (Honolulu County)--Kaneohe, HI                            15              113682         36414          101101980         39.04            1405158          0.54        2912.3     75  
43696     Kalaheo, HI                                                      15               14840          5865           20531117          7.93             265952          0.10        1872.1     76  
43939     Kapaa, HI                                                        15               19063          8104           35539653         13.72              87717          0.03        1389.2     76  
43966     Kapaau, HI                                                       15                3597          1263           10491967          4.05              19078          0.01         887.9     76  
44236     Kekaha, HI                                                       15                5313          1994            4688432          1.81               4785          0.00        2935.0     76  
44911     Kihei, HI                                                        15               25819         17072           17336970          6.69                  0          0.00        3857.1     76  
44925     Kilauea, HI                                                      15                2611           959            6360744          2.46               4552          0.00        1063.2     76  
46396     Lahaina, HI                                                      15               21331         11533           16949224          6.54               1564          0.00        3259.6     76  
46423     Laie--Hauula, HI                                                 15               15071          3861            9703079          3.75             103654          0.04        4022.8     76  
47449     Lanai City, HI                                                   15                3066          1399            2778621          1.07                  0          0.00        2857.9     76  
49771     Lihue, HI                                                        15               13983          5008           19176641          7.40              69224          0.03        1888.5     76  
72410     Princeville, HI                                                  15                2653          2637            6421163          2.48             374857          0.14        1070.1     76  
72640     Pukalani--Makawao--Haiku-Pauwela, HI                             15               26128         10389           54464042         21.03              84656          0.03        1242.5     76  
89770     Urban Honolulu, HI                                               15              802459        288351          440739747        170.17           12600112          4.86        4715.6     75  
91216     Waikoloa Village, HI                                             15                4089          1838            2787677          1.08                  0          0.00        3799.0     76  
91243     Waimea (Hawaii County), HI                                       15                6960          2545           12218800          4.72                  0          0.00        1475.3     76  
                                                  
                                                  
                                                  
Idaho                                             
                                                  
UACE      NAME                                                             STATE  PART        POP            HU           AREALAND  AREALANDSQMI          AREAWATER AREAWATERSQMI        POPDEN  LSADC  
01981     American Falls, ID                                               16                4488          1624            3737205          1.44                  0          0.00        3110.3     76  
07948     Blackfoot, ID                                                    16               15352          5686           32014685         12.36              71687          0.03        1242.0     76  
08785     Boise City, ID                                                   16              349684        146177          346614209        133.83            4186091          1.62        2612.9     75  
09001     Bonners Ferry, ID                                                16                2613          1288            5289017          2.04              64130          0.02        1279.6     76  
11404     Buhl, ID                                                         16                4138          1772            4047942          1.56                  0          0.00        2647.6     76  
11620     Burley, ID                                                       16               15977          6005           25078749          9.68            2376052          0.92        1650.0     76  
18451     Coeur d'Alene, ID                                                16               98378         42666          122348737         47.24            1670690          0.65        2082.6     75  
27469     Emmett, ID                                                       16                9192          3995           14632500          5.65              98279          0.04        1627.0     76  
29698     Filer, ID                                                        16                2639          1050            2931135          1.13               1682          0.00        2331.9     76  
33895     Gooding, ID                                                      16                3726          1588            3545355          1.37              19909          0.01        2722.0     76  
34435     Grangeville, ID                                                  16                3150          1531            3895079          1.50               5665          0.00        2094.6     76  
36217     Hailey, ID                                                       16               10453          4536           15090297          5.83              18808          0.01        1794.1     76  
39646     Homedale, ID                                                     16                2731          1007            2882566          1.11             210116          0.08        2453.8     76  
40996     Idaho Falls, ID                                                  16               90733         34327          115276968         44.51             563105          0.22        2038.5     75  
43048     Jerome, ID                                                       16               10892          3985           11476796          4.43                  0          0.00        2458.0     76  
44263     Kellogg, ID                                                      16                3091          1725            5084182          1.96              76454          0.03        1574.6     76  
44695     Ketchum, ID                                                      16                3919          4180            9046973          3.49              74127          0.03        1121.9     76  
45775     Kuna, ID                                                         16               15234          5113           13833543          5.34              14540          0.01        2852.2     76  
49312     Lewiston, ID--WA                                                 16     P         31740         14043           41971733         16.21            1221735          0.47        1958.6     75  
59491     Moscow, ID                                                       16               24212         10065           15277411          5.90               7910          0.00        4104.7     76  
59707     Mountain Home, ID                                                16               16531          7215           19615147          7.57               8851          0.00        2182.8     76  
59734     Mountain Home AFB, ID                                            16                3238          1125           19842014          7.66             311404          0.12         422.7     76  
60976     Nampa, ID                                                        16              151499         55449          179733584         69.40             512439          0.20        2183.1     75  
62930     Newport, WA--ID                                                  16     P           423           206             735273          0.28              32704          0.01        1490.0     76  
65539     Ontario, OR--ID                                                  16     P         12970          5265           16619126          6.42              33757          0.01        2021.3     76  
65890     Orofino, ID                                                      16                3626          1541            5538469          2.14             667594          0.26        1695.6     76  
66093     Osburn, ID                                                       16                2521          1372            3216535          1.24                 20          0.00        2029.9     76  
70426     Pocatello, ID                                                    16               69809         27888           80312750         31.01             219445          0.08        2251.3     75  
72181     Preston, ID                                                      16                4323          1563            7760130          3.00               2707          0.00        1442.8     76  
73423     Rathdrum, ID                                                     16                6539          2455            6749325          2.61                  0          0.00        2509.3     76  
74260     Rexburg, ID                                                      16               26852          8000           18240043          7.04              84840          0.03        3812.8     76  
74962     Rigby, ID                                                        16                8729          2835           21674298          8.37              46247          0.02        1043.1     76  
76744     Rupert, ID                                                       16                6346          2477            8167062          3.15               7821          0.00        2012.5     76  
77203     St. Anthony, ID                                                  16                3702          1285            4808688          1.86              39908          0.02        1993.9     76  
77797     St. Maries, ID                                                   16                2608          1207            3402687          1.31              16323          0.01        1985.1     76  
78445     Salmon, ID                                                       16                3084          1599            5241682          2.02              92790          0.04        1523.8     76  
78715     Sandpoint, ID                                                    16               10840          5463           21160354          8.17            3022000          1.17        1326.8     76  
81388     Shelley, ID                                                      16                4701          1621            5353287          2.07                  0          0.00        2274.4     76  
82765     Soda Springs, ID                                                 16                2793          1269            5969908          2.30             132294          0.05        1211.7     76  
84429     Star, ID                                                         16                5751          2077            8569735          3.31              52861          0.02        1738.1     76  
89245     Twin Falls, ID                                                   16               48836         19787           46959416         18.13              65929          0.03        2693.5     76  
93619     Weiser, ID--OR                                                   16     P          5551          2365            6316448          2.44              72374          0.03        2276.1     76  
93871     Wendell, ID                                                      16                2756          1039            2545687          0.98                599          0.00        2804.0     76  
                                                  
                                                  
                                                  
Illinois                                          
                                                  
UACE      NAME                                                             STATE  PART        POP            HU           AREALAND  AREALANDSQMI          AREAWATER AREAWATERSQMI        POPDEN  LSADC  
00334     Abingdon, IL                                                     17                3389          1483            3731303          1.44                  0          0.00        2352.4     76  
01225     Aledo, IL                                                        17                3655          1684            5741926          2.22              30085          0.01        1648.6     76  
01765     Alton, IL--MO                                                    17     P         83811         38210          141592935         54.67            2006451          0.77        1533.1     75  
02575     Anna, IL                                                         17                6078          2815           10306265          3.98              47213          0.02        1527.4     76  
02980     Arcola, IL                                                       17                2874          1122            3492687          1.35              44848          0.02        2131.2     76  
04054     Auburn, IL                                                       17                4433          1746            5204444          2.01                  0          0.00        2206.1     76  
05977     Beardstown, IL                                                   17                6530          2554            7464881          2.88             212330          0.08        2265.6     76  
06261     Beecher, IL                                                      17                4148          1597            5228447          2.02                  0          0.00        2054.8     76  
06760     Beloit, WI--IL                                                   17     P         18712          7582           31223455         12.06             784028          0.30        1552.2     75  
07030     Benton, IL                                                       17                7778          3757           11054616          4.27              34233          0.01        1822.3     76  
08407     Bloomington--Normal, IL                                          17              132600         54479          127410911         49.19             191841          0.07        2695.5     75  
09600     Braidwood--Coal City--Wilmington, IL                             17               22685          9729           39030644         15.07            1210824          0.47        1505.3     76  
09865     Breese, IL                                                       17                5800          2436           11868537          4.58                  0          0.00        1265.7     76  
11674     Burlington, IA--IL                                               17     P            25            11             426769          0.16               3555          0.00         151.7     76  
11917     Bushnell, IL                                                     17                3045          1375            3808719          1.47              19836          0.01        2070.6     76  
12079     Byron, IL                                                        17                7057          2755           13460236          5.20             143713          0.06        1357.9     76  
12268     Cairo, IL                                                        17                2833          1603            4899066          1.89                  0          0.00        1497.7     76  
13294     Canton, IL                                                       17               14818          6008           16710933          6.45                  0          0.00        2296.6     76  
13537     Cape Girardeau, MO--IL                                           17     P           309           144            1188522          0.46              36954          0.01         673.4     75  
13591     Carbondale, IL                                                   17               67821         32286          126068034         48.68            2590552          1.00        1393.3     75  
13699     Carlinville, IL                                                  17                5953          2641            7352065          2.84                  0          0.00        2097.1     76  
13834     Carlyle, IL                                                      17                4301          1896            6576254          2.54                  0          0.00        1693.9     76  
13861     Carmi, IL                                                        17                5568          2704            6419770          2.48              14612          0.01        2246.4     76  
14212     Carthage, IL                                                     17                2582          1298            4207409          1.62                  0          0.00        1589.4     76  
14428     Casey, IL                                                        17                2834          1385            4437147          1.71                  0          0.00        1654.2     76  
15022     Centralia, IL                                                    17               17296          8357           30549209         11.80             168449          0.07        1466.4     76  
15211     Champaign, IL                                                    17              145361         63984          121467169         46.90             376241          0.15        3099.5     75  
15400     Charleston, IL                                                   17               21810          8611           18992198          7.33              18802          0.01        2974.3     76  
16156     Chester, IL                                                      17                8450          2127           12866488          4.97              31757          0.01        1701.0     76  
16264     Chicago, IL--IN                                                  17     P       8018716       3212136         5496596224       2122.25           90544682         34.96        3778.4     75  
16777     Christopher, IL                                                  17                3610          1731            7414270          2.86              20724          0.01        1261.1     76  
17884     Clinton, IL                                                      17                8487          3918           11386640          4.40              11337          0.00        1930.4     76  
17938     Clinton, IA--IL                                                  17     P          3687          1791            7649938          2.95            2025762          0.78        1248.3     76  
22204     Danville, IL                                                     17               50996         22818           77200813         29.81            2020818          0.78        1710.9     75  
22366     Davenport, IA--IL                                                17     P        137150         61294          190238088         73.45           14165076          5.47        1867.2     75  
22435     Davis Junction, IL                                               17                2631           886            5662884          2.19                  0          0.00        1203.3     76  
22717     Decatur, IL                                                      17               93863         43304          153326154         59.20            7919292          3.06        1585.5     75  
22960     DeKalb, IL                                                       17               68545         26772           66787373         25.79             690435          0.27        2658.1     75  
24310     Dixon, IL                                                        17               16858          6792           25525626          9.86             938053          0.36        1710.5     76  
24646     Downs, IL                                                        17                2666           948            5617269          2.17               2268          0.00        1229.2     76  
24823     Dubuque, IA--IL                                                  17     P          3051          1364            9022068          3.48             222161          0.09         875.9     75  
25093     Du Quoin, IL                                                     17                6467          3105           11645222          4.50             183007          0.07        1438.3     76  
25255     Dwight, IL                                                       17                5353          1860            8758850          3.38                  0          0.00        1582.9     76  
26308     Effingham, IL                                                    17               13800          6238           22174555          8.56              75128          0.03        1611.8     76  
26497     Eldorado, IL                                                     17                4572          2265            9457388          3.65              38721          0.01        1252.1     76  
27172     Elmwood, IL                                                      17                2660          1145            4610395          1.78                  0          0.00        1494.3     76  
27226     El Paso, IL                                                      17                2776          1101            4143375          1.60                  0          0.00        1735.3     76  
28225     Eureka, IL                                                       17                5573          2129            6731726          2.60             124405          0.05        2144.2     76  
28576     Fairbury, IL                                                     17                3784          1636            3802368          1.47                  0          0.00        2577.5     76  
28684     Fairfield, IL                                                    17                5039          2654            7409991          2.86              57661          0.02        1761.3     76  
29899     Flora, IL                                                        17                4872          2269            5834478          2.25                  0          0.00        2162.7     76  
30763     Fort Madison, IA--IL                                             17     P            54            24             188250          0.07              23694          0.01         742.9     76  
31681     Freeport, IL                                                     17               25980         12578           36027605         13.91             178675          0.07        1867.7     76  
32275     Galena, IL                                                       17                3165          1814            4754419          1.84                  0          0.00        1724.1     76  
32329     Galesburg, IL                                                    17               36001         15930           55887043         21.58             169677          0.07        1668.4     76  
32761     Geneseo, IL                                                      17                6531          3021            7898227          3.05              20814          0.01        2141.6     76  
32869     Genoa, IL                                                        17                6413          2371            7052055          2.72              29279          0.01        2355.3     76  
33166     Gibson City, IL                                                  17                3615          1658            5118260          1.98              14730          0.01        1829.3     76  
33220     Gillespie, IL                                                    17                5377          2454            7807615          3.01                358          0.00        1783.7     76  
33274     Gilman, IL                                                       17                3010          1220            7423826          2.87              41170          0.02        1050.1     76  
35299     Greenville, IL                                                   17                6976          2323            8847894          3.42                  0          0.00        2042.0     76  
36568     Hampshire, IL                                                    17                4619          1705            5717451          2.21                  0          0.00        2092.4     76  
37000     Harrisburg, IL                                                   17                9463          4404           15970793          6.17             141962          0.05        1534.6     76  
37459     Harvard, IL                                                      17                9940          3515           11388024          4.40                  0          0.00        2260.7     76  
37648     Havana, IL                                                       17                3302          1538            5828129          2.25                  0          0.00        1467.4     76  
38580     Heyworth, IL                                                     17                3016          1128            4360423          1.68                  0          0.00        1791.4     76  
38755     Highland, IL                                                     17               11525          4856           27268314         10.53             287192          0.11        1094.7     76  
38863     Hillsboro, IL                                                    17                7261          2496           10087366          3.89             126554          0.05        1864.3     76  
39416     Holiday Shores, IL                                               17                2804          1102            3511770          1.36            1206918          0.47        2068.0     76  
39970     Hoopeston, IL                                                    17                5116          2418            5509644          2.13                  0          0.00        2404.9     76  
42373     Jacksonville, IL                                                 17               22669          9723           30197049         11.66              84043          0.03        1944.3     76  
43075     Jerseyville, IL                                                  17                8989          3947           13724643          5.30                  0          0.00        1696.3     76  
43237     Johnston City, IL                                                17                3621          1727            4062114          1.57               5646          0.00        2308.7     76  
43885     Kankakee, IL                                                     17               81926         31958           96247065         37.16            2207474          0.85        2204.6     75  
44506     Kenosha, WI--IL                                                  17     P             4             2               4853          0.00                  0          0.00        2134.8     75  
44560     Keokuk, IA--IL                                                   17     P          2909          1288            5586106          2.16               5260          0.00        1348.8     76  
44722     Kewanee, IL                                                      17               12857          5858           14261978          5.51                  0          0.00        2334.8     76  
46760     Lake Holiday, IL                                                 17                7072          2962           11509008          4.44            1293012          0.50        1591.5     76  
48340     Lawrenceville, IL                                                17                7067          3520           14098672          5.44             102518          0.04        1298.2     76  
49069     Lena, IL                                                         17                2602          1155            3403259          1.31                  0          0.00        1980.2     76  
49123     Le Roy, IL                                                       17                3316          1414            3975662          1.54              25498          0.01        2160.2     76  
49906     Lincoln, IL                                                      17               18224          6707           24356525          9.40                  0          0.00        1937.9     76  
50230     Litchfield, IL                                                   17                6956          3167           17678836          6.83              23168          0.01        1019.1     76  
52660     Mackinaw, IL                                                     17                3452          1311            5933523          2.29             355128          0.14        1506.8     76  
52714     McLeansboro, IL                                                  17                2698          1367            3883285          1.50              14326          0.01        1799.5     76  
52795     Macomb, IL                                                       17               19945          8505           22637640          8.74              18499          0.01        2281.9     76  
53416     Mahomet, IL                                                      17               11044          4317           17733218          6.85             296206          0.11        1613.0     76  
54388     Marengo, IL                                                      17                7731          3075            9191082          3.55                  0          0.00        2178.5     76  
54901     Marseilles, IL                                                   17                4877          2285            5244820          2.03             122522          0.05        2408.4     76  
54928     Marshall, IL                                                     17                3775          1895            6284270          2.43                  0          0.00        1555.8     76  
55375     Mascoutah, IL                                                    17                7368          3000            7564329          2.92              11492          0.00        2522.8     76  
55576     Mattoon, IL                                                      17               18978          9097           27593077         10.65              52244          0.02        1781.3     76  
56197     Mendota, IL                                                      17                7195          2966            7310996          2.82              70454          0.03        2548.9     76  
56440     Metamora, IL                                                     17                3650          1481            5401604          2.09               9658          0.00        1750.1     76  
56467     Metropolis, IL                                                   17                6607          3225            8701676          3.36              10273          0.00        1966.5     76  
57385     Millstadt, IL                                                    17                3583          1548            4328152          1.67             111965          0.04        2144.1     76  
58060     Momence, IL                                                      17                3777          1538            4699094          1.81             352067          0.14        2081.8     76  
58222     Monmouth, IL                                                     17                9654          3882           10043115          3.88                  0          0.00        2489.6     76  
58735     Monticello, IL                                                   17                5410          2439            9008038          3.48                  0          0.00        1555.5     76  
59329     Morris, IL                                                       17               15668          6774           26109989         10.08             454039          0.18        1554.2     76  
59383     Morrison, IL                                                     17                4139          1837            5353184          2.07                  0          0.00        2002.5     76  
59842     Mount Carmel, IL                                                 17                7300          3488           10262931          3.96                  0          0.00        1842.3     76  
59977     Mount Morris, IL                                                 17                3457          1632            5268721          2.03                  0          0.00        1699.4     76  
60247     Mount Sterling, IL                                               17                4088           997            3814443          1.47                  0          0.00        2775.7     76  
60328     Mount Vernon, IL                                                 17               16008          7893           27848021         10.75             177092          0.07        1488.8     76  
60760     Murphysboro, IL                                                  17                9661          4810           20434305          7.89             208052          0.08        1224.5     76  
61246     Nashville, IL                                                    17                3238          1443            4126234          1.59              25534          0.01        2032.5     76  
61759     New Baden, IL                                                    17                3424          1357            3388284          1.31                  0          0.00        2617.3     76  
63055     Newton, IL                                                       17                2923          1411            5876560          2.27                  0          0.00        1288.3     76  
63352     Nokomis, IL                                                      17                3357          1626            6104243          2.36                  0          0.00        1424.4     76  
65188     Olney, IL                                                        17                9177          4319           17801918          6.87                  0          0.00        1335.2     76  
65782     Oregon, IL                                                       17                3813          1843            5226937          2.02              62789          0.02        1889.4     76  
66295     Ottawa, IL                                                       17               20612          9409           30558642         11.80            1860085          0.72        1747.0     76  
66781     Paducah, KY--IL                                                  17     P          1029           482            1618003          0.62             100418          0.04        1647.2     76  
67267     Pana, IL                                                         17                5943          2902           11716085          4.52             105740          0.04        1313.8     76  
67483     Paris, IL                                                        17                8953          4352           12468843          4.81             234053          0.09        1859.7     76  
68050     Pawnee, IL                                                       17                2869          1196            3398618          1.31                  0          0.00        2186.4     76  
68131     Paxton, IL                                                       17                4916          2172            6568042          2.54                  0          0.00        1938.5     76  
68509     Peoria, IL                                                       17              266921        118090          371693706        143.51           11090331          4.28        1859.9     75  
68536     Peotone, IL                                                      17                4172          1594            4864276          1.88              62555          0.02        2221.4     76  
68833     Peru--LaSalle, IL                                                17               32048         14747           57473411         22.19            1004352          0.39        1444.2     76  
68941     Petersburg, IL                                                   17                3088          1507            6238184          2.41             713215          0.28        1282.1     76  
69427     Pinckneyville, IL                                                17                5670          1673            6962515          2.69                  0          0.00        2109.2     76  
69724     Pittsfield, IL                                                   17                4550          2016            7031313          2.71                  0          0.00        1676.0     76  
70669     Pontiac, IL                                                      17               12323          4873           12215601          4.72                  0          0.00        2612.8     76  
72289     Princeton, IL                                                    17                8043          3868           14150115          5.46                  0          0.00        1472.2     76  
73045     Quincy, IL                                                       17               45228         20565           61152757         23.61              92366          0.04        1915.5     76  
73369     Rantoul, IL                                                      17               14071          6521           18347524          7.08             194924          0.08        1986.3     76  
73747     Red Bud, IL                                                      17                3695          1643            5871800          2.27              57869          0.02        1629.8     76  
75529     Robinson, IL                                                     17                7894          3317           14014580          5.41              29100          0.01        1458.9     76  
75583     Rochelle, IL                                                     17               11342          4728           19648460          7.59              49946          0.02        1495.1     76  
75718     Rockford, IL                                                     17              296863        124394          396304044        153.01            4779159          1.85        1940.1     75  
76474     Round Lake Beach--McHenry--Grayslake, IL--WI                     17     P        259811        100182          340693190        131.54           40066118         15.47        1975.1     75  
76771     Rushville, IL                                                    17                3196          1547            3544220          1.37                  0          0.00        2335.5     76  
77716     St. Joseph, IL                                                   17                5047          1927            7728692          2.98              10463          0.00        1691.3     76  
77770     St. Louis, MO--IL                                                17     P        372895        161306          623972346        240.92           13907999          5.37        1547.8     75  
78094     Salem, IL                                                        17                8300          3850           14197774          5.48             160687          0.06        1514.1     76  
79741     Savanna, IL--IA                                                  17     P          2789          1497            3860543          1.49             269299          0.10        1871.1     76  
81253     Shelbyville, IL                                                  17                4974          2429            7712411          2.98                  0          0.00        1670.4     76  
82562     Smithton, IL                                                     17                3720          1428            6159076          2.38             309523          0.12        1564.3     76  
83467     Sparta, IL                                                       17                4046          1900            6201483          2.39              14691          0.01        1689.8     76  
83899     Springfield, IL                                                  17              161316         75004          239148873         92.34            6319759          2.44        1747.1     75  
84601     Staunton, IL                                                     17                6134          2818           12883556          4.97             187489          0.07        1233.1     76  
84736     Steeleville, IL                                                  17                3469          1645            6251420          2.41              16630          0.01        1437.2     76  
84817     Sterling, IL                                                     17               28827         12952           37012122         14.29            1561206          0.60        2017.2     76  
85222     Streator, IL                                                     17               17797          8171           21765554          8.40                  0          0.00        2117.8     76  
85411     Sullivan, IL                                                     17                4567          2136            8251573          3.19              10770          0.00        1433.5     76  
86788     Taylorville, IL                                                  17               13742          5934           19778828          7.64             222628          0.09        1799.5     76  
88408     Trenton, IL                                                      17                2736          1195            3057782          1.18                  0          0.00        2317.4     76  
89137     Tuscola, IL                                                      17                4791          2261            7620447          2.94              31789          0.01        1628.3     76  
90136     Vandalia, IL                                                     17                7309          2783           10840927          4.19              30985          0.01        1746.2     76  
90851     Virden, IL                                                       17                4266          1953            6350390          2.45                  0          0.00        1739.9     76  
92566     Waterloo, IL                                                     17                9604          3968           15272400          5.90             330335          0.13        1628.7     76  
92863     Watseka, IL                                                      17                5055          2410            6537793          2.52                  0          0.00        2002.6     76  
94051     West Frankfort, IL                                               17                8954          4261           14976203          5.78             133139          0.05        1548.5     76  
94780     White Hall, IL                                                   17                4048          1944            5674567          2.19                  0          0.00        1847.6     76  
96886     Wonder Lake, IL                                                  17                4533          1619            5202807          2.01                  0          0.00        2256.6     76  
97129     Woodstock, IL                                                    17               25308          9958           31261041         12.07                  0          0.00        2096.8     76  
                                                  
                                                  
                                                  
Indiana                                           
                                                  
UACE      NAME                                                             STATE  PART        POP            HU           AREALAND  AREALANDSQMI          AREAWATER AREAWATERSQMI        POPDEN  LSADC  
02386     Anderson, IN                                                     18               88133         40670          171100448         66.06             753595          0.29        1334.1     75  
02548     Angola, IN                                                       18               11196          5828           23588879          9.11            3943929          1.52        1229.3     76  
03979     Attica, IN                                                       18                5193          2379           10136889          3.91              85101          0.03        1326.8     76  
04060     Auburn, IN                                                       18               21712          9363           30346403         11.72                  0          0.00        1853.1     76  
05572     Batesville, IN                                                   18                7734          3222           15594047          6.02             118684          0.05        1284.5     76  
06166     Bedford, IN                                                      18               14977          7333           30397292         11.74               2496          0.00        1276.1     76  
07246     Berne, IN                                                        18                5490          2494           11776744          4.55             411755          0.16        1207.4     76  
07489     Bicknell, IN                                                     18                3217          1656            4385594          1.69                  0          0.00        1899.9     76  
08326     Bloomfield, IN                                                   18                2521          1263            3171921          1.22                  0          0.00        2058.5     76  
08380     Bloomington, IN                                                  18              108657         45637          116026934         44.80              51757          0.02        2425.5     75  
08542     Bluffton, IN                                                     18                9952          4553           17208581          6.64             200160          0.08        1497.8     76  
09163     Boonville, IN                                                    18                6258          2914            6685761          2.58              34048          0.01        2424.3     76  
09919     Bremen, IN                                                       18                4663          1955            6228047          2.40              11642          0.00        1939.1     76  
10918     Brownstown, IN                                                   18                3149          1305            3989681          1.54               6999          0.00        2044.2     76  
11944     Butler, IN                                                       18                2651          1072            3175978          1.23                  0          0.00        2161.9     76  
12889     Cambridge City, IN                                               18                3805          1768            7990028          3.08             414551          0.16        1233.4     76  
15535     Charlestown, IN                                                  18                6921          2960            9050183          3.49              46671          0.02        1980.7     76  
16264     Chicago, IL--IN                                                  18     P        589492        247121          830090108        320.50           15105234          5.83        1839.3     75  
16885     Cincinnati, OH--KY--IN                                           18     P         10225          3767           27220201         10.51             711640          0.27         972.9     75  
17911     Clinton, IN                                                      18                6425          3071           10018544          3.87              34109          0.01        1661.0     76  
19018     Columbia City, IN                                                18                9225          4113           15875483          6.13              55287          0.02        1505.0     76  
19126     Columbus, IN                                                     18               54933         24302           70579075         27.25             740617          0.29        2015.8     75  
19693     Connersville, IN                                                 18               15347          7190           22580931          8.72                  0          0.00        1760.3     76  
20449     Corydon, IN                                                      18                5506          2491            9511161          3.67                  0          0.00        1499.3     76  
20665     Covington, IN                                                    18                2625          1192            2873694          1.11                  0          0.00        2365.8     76  
20881     Crawfordsville, IN                                               18               18012          8067           30948603         11.95              87707          0.03        1507.4     76  
22744     Decatur, IN                                                      18               10440          4838           17743672          6.85              52005          0.02        1523.9     76  
23149     Delphi, IN                                                       18                3008          1348            4239339          1.64              38981          0.02        1837.7     76  
23392     De Motte, IN                                                     18                4652          1934            9233480          3.57                591          0.00        1304.9     76  
24985     Dunkirk, IN                                                      18                3564          1721            5350691          2.07                  0          0.00        1725.1     76  
26794     Elkhart, IN--MI                                                  18     P        142692         58214          234233443         90.44            7546435          2.91        1577.8     75  
27307     Elwood, IN                                                       18                9421          4465           13452174          5.19                  0          0.00        1813.9     76  
28333     Evansville, IN--KY                                               18     P        200768         91323          271643349        104.88            2976794          1.15        1914.2     75  
28900     Fairmount, IN                                                    18                2942          1342            3420634          1.32                  0          0.00        2227.6     76  
30601     Fort Branch, IN                                                  18                4379          1958            4793595          1.85              47682          0.02        2366.0     76  
31087     Fort Wayne, IN                                                   18              313492        136775          445815649        172.13            1086437          0.42        1821.2     75  
31222     Frankfort, IN                                                    18               16684          6666           20074644          7.75                  0          0.00        2152.5     76  
34840     Greencastle, IN                                                  18               10625          3844           11800023          4.56             132764          0.05        2332.1     76  
35191     Greensburg, IN                                                   18               11560          5210           15942604          6.16              26464          0.01        1878.0     76  
35218     Greentown, IN                                                    18                3219          1408            5935331          2.29             255078          0.10        1404.7     76  
35716     Grissom AFB, IN                                                  18                6359          1596           11280422          4.36                  0          0.00        1460.0     76  
37145     Harrison, OH--IN                                                 18     P           291           175             506739          0.20                  0          0.00        1487.3     76  
37324     Hartford City, IN                                                18                6160          3063           11242335          4.34              71980          0.03        1419.1     76  
38134     Hebron, IN                                                       18                3535          1455            3501431          1.35                  0          0.00        2614.8     76  
38445     Heritage Lake, IN                                                18                2737          1256            6451670          2.49            1215445          0.47        1098.8     76  
40672     Huntingburg, IN                                                  18                5501          2276            6835348          2.64              37012          0.01        2084.4     76  
40726     Huntington, IN                                                   18               18207          7819           28157208         10.87             535666          0.21        1674.7     76  
41212     Indianapolis, IN                                                 18             1487483        645769         1827862774        705.74           32092527         12.39        2107.7     75  
42697     Jasper, IN                                                       18               15759          6669           28763837         11.11             135759          0.05        1419.0     76  
44371     Kendallville, IN                                                 18               10399          4615           13803159          5.33             433264          0.17        1951.2     76  
45532     Knightstown, IN                                                  18                2923          1334            4004767          1.55              43202          0.02        1890.4     76  
45586     Knox, IN                                                         18                3309          1459            4540847          1.75                  0          0.00        1887.4     76  
45694     Kokomo, IN                                                       18               62182         30117           93923829         36.26             271674          0.10        1714.7     75  
46018     Lafayette, IN                                                    18              147725         61305          166040040         64.11             950253          0.37        2304.3     75  
46261     Lagrange, IN                                                     18                3113          1392            5520459          2.13                  0          0.00        1460.5     76  
48313     Lawrenceburg--Greendale--Aurora, IN                              18               12977          5734           22242750          8.59             233066          0.09        1511.1     76  
48502     Lebanon, IN                                                      18               15415          6915           16878970          6.52                  0          0.00        2365.3     76  
49717     Ligonier, IN                                                     18                4789          1652            5559106          2.15             140743          0.05        2231.2     76  
50149     Linton, IN                                                       18                5822          2900           12619234          4.87              17166          0.01        1194.9     76  
51013     Logansport, IN                                                   18               21561          9049           32187499         12.43             632575          0.24        1734.9     76  
51337     Loogootee, IN                                                    18                2972          1404            4704961          1.82              10535          0.00        1636.0     76  
51755     Louisville/Jefferson County, KY--IN                              18     P        140180         61541          243143003         93.88            2907662          1.12        1493.2     75  
51796     Lowell, IN                                                       18                9844          3787           13068671          5.05              71984          0.03        1950.9     76  
53092     Madison, IN--KY                                                  18     P         17804          7946           33827161         13.06             120361          0.05        1363.2     76  
54577     Marion, IN                                                       18               43519         19722           58649660         22.64             225764          0.09        1921.8     76  
55225     Martinsville, IN                                                 18               13276          5636           16648631          6.43             251158          0.10        2065.3     76  
56656     Michigan City--La Porte, IN--MI                                  18     P         65430         30328           98820380         38.15            3634148          1.40        1714.9     75  
56710     Middlebury, IN                                                   18                4064          1545           11473219          4.43              36577          0.01         917.4     76  
56872     Middletown, IN                                                   18                2543          1088            3609044          1.39               5172          0.00        1825.0     76  
57790     Mitchell, IN                                                     18                4193          1932            7711916          2.98              13824          0.01        1408.2     76  
58762     Monticello, IN                                                   18                8634          5089           16799426          6.49            1826667          0.71        1331.1     76  
60355     Mount Vernon, IN                                                 18                7011          3196           13216508          5.10              62606          0.02        1373.9     76  
60625     Muncie, IN                                                       18               90580         40634          120868107         46.67             706991          0.27        1941.0     75  
61111     Nappanee, IN                                                     18                6937          2950           10476426          4.04               3011          0.00        1715.0     76  
62056     New Carlisle, IN                                                 18                3662          1588            7797620          3.01            1446327          0.56        1216.3     76  
62137     New Castle, IN                                                   18               22816          9976           33286948         12.85             100857          0.04        1775.3     76  
63784     North Manchester, IN                                             18                6031          2444            6860108          2.65              74714          0.03        2277.0     76  
63865     North Vernon, IN                                                 18               11354          5159           21752810          8.40             360907          0.14        1351.9     76  
63892     North Webster, IN                                                18                3662          2932            9716099          3.75             511957          0.20         976.2     76  
64486     Oakland City, IN                                                 18                2515          1187            2805603          1.08               3552          0.00        2321.7     76  
66214     Ossian, IN                                                       18                3711          1562            5221761          2.02              25018          0.01        1840.7     76  
67348     Paoli, IN                                                        18                3282          1472            5904015          2.28              19526          0.01        1439.8     76  
68806     Peru, IN                                                         18               13095          6470           23118680          8.93             623898          0.24        1467.0     76  
70291     Plymouth, IN                                                     18               12498          5345           23080984          8.91             470155          0.18        1402.4     76  
71236     Portland, IN                                                     18                6006          2839            7673548          2.96                  0          0.00        2027.2     76  
72316     Princeton, IN                                                    18                8645          3976            9990929          3.86              14066          0.01        2241.1     76  
74206     Rensselaer, IN                                                   18                6048          2552            7434490          2.87              12773          0.00        2107.0     76  
74638     Richmond, IN--OH                                                 18     P         42335         20040           58981408         22.77             391700          0.15        1859.0     76  
75610     Rochester, IN                                                    18                7309          3584           11135737          4.30            2894381          1.12        1700.0     76  
75934     Rockville, IN                                                    18                4339          1501           12024057          4.64              22328          0.01         934.6     76  
76798     Rushville, IN                                                    18                6738          3108           10896840          4.21                  0          0.00        1601.5     76  
78121     Salem, IN                                                        18                6544          3013           10017983          3.87               6769          0.00        1691.8     76  
80119     Scottsburg, IN                                                   18               11434          5176           18798122          7.26              28595          0.01        1575.4     76  
80794     Seymour, IN                                                      18               20695          9009           35131897         13.56              80713          0.03        1525.7     76  
81280     Shelbyville, IN                                                  18               20795          9368           27190271         10.50             296784          0.11        1980.8     76  
81550     Sheridan, IN                                                     18                2745          1169            4039571          1.56               2453          0.00        1760.0     76  
81701     Shorewood Forest, IN                                             18                3079          1132            6538644          2.52             876673          0.34        1219.6     76  
83116     South Bend, IN--MI                                               18     P        241870        104522          331609858        128.04            4736979          1.83        1889.1     75  
85438     Sullivan, IN                                                     18                4518          2211            5733378          2.21                  0          0.00        2041.0     76  
86275     Syracuse, IN                                                     18                6908          4702           16732771          6.46            4469590          1.73        1069.3     76  
86950     Tell City, IN--KY                                                18     P          8694          4276           12276829          4.74              17590          0.01        1834.1     76  
87139     Terre Haute, IN                                                  18               92742         39770          138434878         53.45             907660          0.35        1735.1     75  
87679     Tipton, IN                                                       18                6523          2953            8373896          3.23                  0          0.00        2017.5     76  
89515     Union City, IN--OH                                               18     P          3619          1743            4602699          1.78               3761          0.00        2036.5     76  
89704     Upland, IN                                                       18                3343           731            2940337          1.14              29890          0.01        2944.7     76  
90703     Vincennes, IN                                                    18               21302          9213           28236388         10.90             469875          0.18        1953.9     76  
91000     Wabash, IN                                                       18               10418          4917           12490056          4.82              36792          0.01        2160.3     76  
91351     Walkerton, IN                                                    18                3035          1479            7113302          2.75               9940          0.00        1105.1     76  
91999     Warsaw, IN                                                       18               30166         12520           68921998         26.61            7553417          2.92        1133.6     76  
92296     Washington, IN                                                   18               12462          5517           17009329          6.57             118631          0.05        1897.6     76  
94564     Westville, IN                                                    18                5931          1211            6939169          2.68                  0          0.00        2213.7     76  
95968     Winamac, IN                                                      18                2554          1163            3656462          1.41                  0          0.00        1809.1     76  
96022     Winchester, IN                                                   18                4978          2336            7057880          2.73              30165          0.01        1826.7     76  
                                                  
                                                  
                                                  
Iowa                                              
                                                  
UACE      NAME                                                             STATE  PART        POP            HU           AREALAND  AREALANDSQMI          AREAWATER AREAWATERSQMI        POPDEN  LSADC  
00496     Adel, IA                                                         19                3170          1317            4624127          1.79                  0          0.00        1775.5     76  
01063     Albia, IA                                                        19                3573          1660            5597705          2.16                  0          0.00        1653.2     76  
01387     Algona, IA                                                       19                5340          2618            6862990          2.65              45217          0.02        2015.2     76  
02062     Ames, IA                                                         19               60438         24470           60165324         23.23             164176          0.06        2601.7     75  
02278     Anamosa, IA                                                      19                5497          2088            5464974          2.11                  0          0.00        2605.2     76  
03871     Atlantic, IA                                                     19                6471          3102            7301331          2.82              72792          0.03        2295.4     76  
06598     Bellevue, IA                                                     19                2543          1286            4191170          1.62                  0          0.00        1571.5     76  
09028     Boone, IA                                                        19               12793          5981           24016445          9.27                  0          0.00        1379.6     76  
11674     Burlington, IA--IL                                               19     P         29544         13837           39816160         15.37             125030          0.05        1921.8     76  
13753     Carlisle, IA                                                     19                3968          1584            3872519          1.50              42798          0.02        2653.8     76  
13996     Carroll, IA                                                      19                9984          4648           11911518          4.60                  0          0.00        2170.9     76  
14752     Cedar Rapids, IA                                                 19              177844         79099          216136838         83.45            1975562          0.76        2131.1     75  
14914     Centerville, IA                                                  19                5380          2802            8685521          3.35                  0          0.00        1604.3     76  
15346     Chariton, IA                                                     19                3893          1912            5963855          2.30                  0          0.00        1690.7     76  
15373     Charles City, IA                                                 19                7706          3761           10179281          3.93             175651          0.07        1960.7     76  
16021     Cherokee, IA                                                     19                4662          2294            4743748          1.83                  0          0.00        2545.4     76  
17155     Clarinda, IA                                                     19                5415          2113            6158800          2.38                  0          0.00        2277.2     76  
17182     Clarion, IA                                                      19                2639          1256            3744028          1.45                  0          0.00        1825.6     76  
17506     Clear Lake, IA                                                   19                7944          5140           17482422          6.75              44401          0.02        1176.9     76  
17938     Clinton, IA--IL                                                  19     P         28645         13080           35069047         13.54            1429334          0.55        2115.5     76  
20962     Cresco, IA                                                       19                3540          1706            4274584          1.65                  0          0.00        2144.9     76  
21016     Creston, IA                                                      19                7617          3655           10214799          3.94               3759          0.00        1931.3     76  
22366     Davenport, IA--IL                                                19     P        142901         62665          167768476         64.78            6931075          2.68        2206.1     75  
22798     Decorah, IA                                                      19                8637          3318           13403485          5.18              47090          0.02        1668.9     76  
23419     Denison, IA                                                      19                8240          2940           11170044          4.31              15184          0.01        1910.6     76  
23743     Des Moines, IA                                                   19              450070        190895          519530161        200.59            4337467          1.67        2243.7     75  
23986     De Witt, IA                                                      19                4639          2016            5490647          2.12                  0          0.00        2188.3     76  
24823     Dubuque, IA--IL                                                  19     P         64767         27660           78493872         30.31             644795          0.25        2137.1     75  
25336     Dyersville, IA                                                   19                3620          1665            6705751          2.59                  0          0.00        1398.2     76  
25417     Eagle Grove, IA                                                  19                3076          1379            3574241          1.38                  0          0.00        2228.9     76  
27442     Emmetsburg, IA                                                   19                3628          1715            4856533          1.88                  0          0.00        1934.8     76  
27955     Estherville, IA                                                  19                6192          2790            7461229          2.88                  0          0.00        2149.4     76  
28711     Fairfield, IA                                                    19               10320          4535           17839384          6.89             346137          0.13        1498.3     76  
30304     Forest City, IA                                                  19                3966          1809            6834303          2.64                  0          0.00        1503.0     76  
30682     Fort Dodge, IA                                                   19               25122         11147           33106638         12.78             138465          0.05        1965.3     76  
30763     Fort Madison, IA--IL                                             19     P         10794          4808           10655563          4.11               5192          0.00        2623.6     76  
32599     Garner, IA                                                       19                3115          1373            4175660          1.61                  0          0.00        1932.1     76  
33625     Glenwood, IA                                                     19                6088          2391           11062547          4.27              24962          0.01        1425.3     76  
35704     Grinnell, IA                                                     19                9080          3796           10385468          4.01             106334          0.04        2264.4     76  
36622     Hampton, IA                                                      19                4246          1848            5198247          2.01                  0          0.00        2115.5     76  
36838     Harlan, IA                                                       19                4934          2337            5439292          2.10                  0          0.00        2349.4     76  
40618     Humboldt, IA                                                     19                5243          2512            8014728          3.09             120623          0.05        1694.3     76  
40955     Huxley, IA                                                       19                4094          1640            6538994          2.52                  0          0.00        1621.6     76  
41131     Independence, IA                                                 19                5743          2583            6672807          2.58              84648          0.03        2229.1     76  
41239     Indianola, IA                                                    19               14281          5642           21812344          8.42              15863          0.01        1695.7     76  
41590     Iowa City, IA                                                    19              106621         46233          118041717         45.58             900275          0.35        2339.4     75  
41617     Iowa Falls, IA                                                   19                5070          2382            8792590          3.39             200896          0.08        1493.4     76  
42859     Jefferson, IA                                                    19                3906          1895            6285277          2.43                  0          0.00        1609.6     76  
44560     Keokuk, IA--IL                                                   19     P         10502          4941           16504739          6.37              14510          0.01        1648.0     76  
45613     Knoxville, IA                                                    19                7346          3532            8439447          3.26                  0          0.00        2254.4     76  
48988     Le Mars, IA                                                      19                9237          4008           10216275          3.94                  0          0.00        2341.7     76  
53686     Manchester, IA                                                   19                5032          2262            6820199          2.63                  0          0.00        1910.9     76  
54280     Maquoketa, IA                                                    19                6159          2859            7301430          2.82                  0          0.00        2184.7     76  
55090     Marshalltown, IA                                                 19               26858         10927           29654267         11.45              21405          0.01        2345.8     76  
55414     Mason City, IA                                                   19               27115         12896           41158915         15.89             728919          0.28        1706.3     76  
57763     Missouri Valley, IA                                              19                2819          1284            3487528          1.35                  0          0.00        2093.5     76  
58789     Monticello, IA                                                   19                3180          1540            2956818          1.14                  0          0.00        2785.5     76  
60085     Mount Pleasant, IA                                               19                8636          3349           14966875          5.78                  0          0.00        1494.4     76  
60382     Mount Vernon, IA                                                 19                6455          2197            8852660          3.42              16175          0.01        1888.5     76  
60814     Muscatine, IA                                                    19               25342         10739           37667535         14.54              91831          0.04        1742.5     76  
61597     Nevada, IA                                                       19                6728          2957            8480544          3.27              48040          0.02        2054.8     76  
62380     New Hampton, IA                                                  19                3292          1563            3942483          1.52                  0          0.00        2162.7     76  
63082     Newton, IA                                                       19               15655          7558           21434262          8.28                  0          0.00        1891.7     76  
64891     Oelwein, IA                                                      19                6994          3332           10596944          4.09                  0          0.00        1709.4     76  
65269     Omaha, NE--IA                                                    19     P         68546         29060           87350379         33.73            4576589          1.77        2032.4     75  
65350     Onawa, IA                                                        19                2662          1367            3906852          1.51                  0          0.00        1764.7     76  
65728     Orange City, IA                                                  19                6842          2355            9252797          3.57                  0          0.00        1915.2     76  
66052     Osage, IA                                                        19                3535          1720            4951720          1.91                  0          0.00        1849.0     76  
66133     Osceola, IA                                                      19                4819          2127            8596355          3.32                  0          0.00        1451.9     76  
66187     Oskaloosa, IA                                                    19               12545          5599           24552623          9.48                  0          0.00        1323.3     76  
66376     Ottumwa, IA                                                      19               24771         11172           35763367         13.81            1198129          0.46        1793.9     76  
68347     Pella, IA                                                        19                9745          3852           16165311          6.24                  0          0.00        1561.3     76  
68644     Perry, IA                                                        19                7628          3137           11174181          4.31                  0          0.00        1768.0     76  
70548     Polk City, IA                                                    19                3122          1147            4758033          1.84                  0          0.00        1699.4     76  
71857     Prairie du Chien, WI--IA                                         19     P           617           351            1121096          0.43              80468          0.03        1425.4     76  
73909     Red Oak, IA                                                      19                5597          2799            6758976          2.61                  0          0.00        2144.7     76  
75907     Rock Valley, IA                                                  19                3052          1249            4123162          1.59                  0          0.00        1917.1     76  
79741     Savanna, IL--IA                                                  19     P           573           318            1241583          0.48            2293412          0.89        1195.3     76  
81361     Sheldon, IA                                                      19                4887          2231            5320696          2.05                  0          0.00        2378.9     76  
81442     Shenandoah, IA                                                   19                5203          2631           10765550          4.16                  0          0.00        1251.7     76  
81766     Sibley, IA                                                       19                2690          1218            2766534          1.07                  0          0.00        2518.3     76  
82198     Sioux Center, IA                                                 19                6649          2132            9404121          3.63                  0          0.00        1831.2     76  
82225     Sioux City, IA--NE--SD                                           19     P         84359         33869           98466255         38.02            1143017          0.44        2218.9     75  
83629     Spencer, IA                                                      19               10952          5303           16003583          6.18             349724          0.14        1772.4     76  
83710     Spirit Lake, IA                                                  19               10826          7763           30082220         11.61            4444713          1.72         932.1     76  
85114     Storm Lake, IA                                                   19               11364          4110            9801200          3.78                  0          0.00        3003.0     76  
85168     Story City, IA                                                   19                3311          1531            3785675          1.46               5179          0.00        2265.2     76  
86545     Tama, IA                                                         19                4904          2068            5737523          2.22                  0          0.00        2213.7     76  
87706     Tipton, IA                                                       19                3067          1448            3653208          1.41                  0          0.00        2174.4     76  
90811     Vinton, IA                                                       19                5044          2192            6264155          2.42                  0          0.00        2085.5     76  
92323     Washington, IA                                                   19                6628          3022            6949110          2.68                  0          0.00        2470.3     76  
92593     Waterloo, IA                                                     19              113418         48511          161179329         62.23            4994464          1.93        1822.5     75  
92944     Waukon, IA                                                       19                3731          1862            5024010          1.94                  0          0.00        1923.4     76  
93079     Waverly, IA                                                      19                8621          3218           17330179          6.69             960355          0.37        1288.4     76  
93511     Webster City, IA                                                 19                7761          3641           10887190          4.20               5458          0.00        1846.3     76  
94213     West Liberty, IA                                                 19                3690          1297            3205695          1.24                525          0.00        2981.3     76  
95391     Williamsburg, IA                                                 19                2914          1338            5233147          2.02              17550          0.01        1442.2     76  
95941     Wilton, IA                                                       19                2791          1227            4243223          1.64               7162          0.00        1703.6     76  
96778     Winterset, IA                                                    19                5043          2211            4893432          1.89                  0          0.00        2669.2     76  
                                                  
                                                  
                                                  
Kansas                                            
                                                  
UACE      NAME                                                             STATE  PART        POP            HU           AREALAND  AREALANDSQMI          AREAWATER AREAWATERSQMI        POPDEN  LSADC  
00253     Abilene, KS                                                      20                7054          3238            8773263          3.39               1877          0.00        2082.4     76  
03142     Arkansas City, KS                                                20               13026          5906           24957567          9.64             138014          0.05        1351.8     76  
03601     Atchison, KS--MO                                                 20     P         11144          4476           15561286          6.01             136285          0.05        1854.8     76  
04168     Augusta, KS                                                      20                9350          3971           10615010          4.10             686720          0.27        2281.3     76  
04789     Baldwin City, KS                                                 20                4428          1624            5322577          2.06               4437          0.00        2154.7     76  
05423     Basehor, KS                                                      20                3849          1546            6395684          2.47             102957          0.04        1558.7     76  
05815     Baxter Springs, KS                                               20                5089          2383           11384210          4.40                  0          0.00        1157.8     76  
06733     Beloit, KS                                                       20                3295          1645            4664415          1.80                  0          0.00        1829.6     76  
11701     Burlington, KS                                                   20                2503          1230            4148454          1.60               2341          0.00        1562.7     76  
15265     Chanute, KS                                                      20                9059          4141           13781449          5.32              27516          0.01        1702.5     76  
17398     Clay Center, KS                                                  20                4307          2146            5608574          2.17                  0          0.00        1988.9     76  
18478     Coffeyville, KS--OK                                              20     P         10109          4937           15870508          6.13              22286          0.01        1649.7     76  
18532     Colby, KS                                                        20                5463          2465            7751897          2.99                  0          0.00        1825.2     76  
19153     Columbus, KS                                                     20                3272          1611            5177391          2.00                  0          0.00        1636.8     76  
19585     Concordia, KS                                                    20                5340          2513            6465251          2.50                  0          0.00        2139.2     76  
23770     De Soto, KS                                                      20                4701          1798            9816836          3.79             133424          0.05        1240.3     76  
24337     Dodge City, KS                                                   20               27316          9290           27889363         10.77             272373          0.11        2536.7     76  
26524     El Dorado, KS                                                    20               14724          5997           23430674          9.05              11949          0.00        1627.6     76  
27064     Ellsworth, KS                                                    20                2982          1075            3388786          1.31                  0          0.00        2279.1     76  
27523     Emporia, KS                                                      20               24830         11323           28720165         11.09             507161          0.20        2239.2     76  
28063     Eudora, KS                                                       20                6140          2309            6497114          2.51             107100          0.04        2447.6     76  
28252     Eureka, KS                                                       20                2591          1388            3821324          1.48                  0          0.00        1756.1     76  
30898     Fort Scott, KS                                                   20                7895          3719           10837271          4.18              12152          0.00        1886.8     76  
32302     Galena, KS--MO                                                   20     P          2643          1229            4001248          1.54              12078          0.00        1710.8     76  
32518     Garden City, KS                                                  20               29942         10793           33320310         12.87              67931          0.03        2327.4     76  
32626     Garnett, KS                                                      20                3336          1556            5121757          1.98              41595          0.02        1687.0     76  
33355     Girard, KS                                                       20                2547          1165            3862038          1.49              24639          0.01        1708.1     76  
33922     Goodland, KS                                                     20                4553          2408            6997608          2.70                  0          0.00        1685.2     76  
34705     Great Bend, KS                                                   20               16177          7199           17222332          6.65             206531          0.08        2432.8     76  
37783     Hays, KS                                                         20               21180          9598           26435139         10.21                  0          0.00        2075.1     76  
38566     Hesston, KS                                                      20                3306          1284            4906909          1.89                  0          0.00        1745.0     76  
38593     Hiawatha, KS                                                     20                3145          1582            5055977          1.95                  0          0.00        1611.1     76  
38890     Hillsboro, KS                                                    20                2815          1111            2964892          1.14               6729          0.00        2459.0     76  
39295     Hoisington, KS                                                   20                2709          1365            2834930          1.09                  0          0.00        2474.9     76  
39592     Holton, KS                                                       20                3245          1607            3797957          1.47              13233          0.01        2212.9     76  
40591     Hugoton, KS                                                      20                3936          1568            4269741          1.65                  0          0.00        2387.5     76  
40915     Hutchinson, KS                                                   20               44320         19668           55890984         21.58             112588          0.04        2053.8     76  
41158     Independence, KS                                                 20                9959          4649           14750386          5.70              22980          0.01        1748.7     76  
41482     Iola, KS                                                         20                5729          2610            7920312          3.06              35145          0.01        1873.4     76  
43507     Junction City, KS                                                20               38787         14653           58264089         22.50             211740          0.08        1724.2     76  
43912     Kansas City, MO--KS                                              20     P        663508        278348          720615605        278.23            7250938          2.80        2384.7     75  
45154     Kingman, KS                                                      20                2978          1450            4803245          1.85                  0          0.00        1605.8     76  
47881     Larned, KS                                                       20                4764          2116            7064369          2.73              59279          0.02        1746.6     76  
48232     Lawrence, KS                                                     20               88053         37692           78847501         30.44             826135          0.32        2892.4     75  
48475     Leavenworth, KS                                                  20               45283         16726           53028059         20.47              89670          0.03        2211.7     76  
49636     Liberal, KS                                                      20               20329          7066           23950164          9.25                  0          0.00        2198.4     76  
50095     Lindsborg, KS                                                    20                3405          1389            3904263          1.51              31174          0.01        2258.8     76  
51607     Louisburg, KS                                                    20                3930          1559            5469344          2.11             142277          0.05        1861.0     76  
52309     Lyons, KS                                                        20                3652          1668            4512303          1.74                  0          0.00        2096.2     76  
52903     McPherson, KS                                                    20               13083          5922           17981515          6.94             112121          0.04        1884.4     76  
53848     Manhattan, KS                                                    20               54622         22504           53648246         20.71             373382          0.14        2637.0     75  
55279     Marysville, KS                                                   20                2937          1476            3906167          1.51               1739          0.00        1947.4     76  
61516     Neodesha, KS                                                     20                2570          1242            3701560          1.43               6207          0.00        1798.2     76  
63109     Newton, KS                                                       20               20654          8895           25979376         10.03              24176          0.01        2059.1     76  
64000     Norton, KS                                                       20                2893          1452            3513071          1.36                  0          0.00        2132.8     76  
66068     Osage City, KS                                                   20                2683          1248            4808651          1.86                  0          0.00        1445.1     76  
66079     Osawatomie, KS                                                   20                4365          1847            5962724          2.30              36877          0.01        1896.0     76  
66322     Ottawa, KS                                                       20               12450          5403           13961389          5.39              53299          0.02        2309.6     76  
67321     Paola, KS                                                        20                5399          2272            7441687          2.87              23617          0.01        1879.1     76  
67780     Parsons, KS                                                      20               10298          4928           14176969          5.47              58787          0.02        1881.3     76  
69157     Phillipsburg, KS                                                 20                2609          1321            4266432          1.65                  0          0.00        1583.8     76  
69643     Pittsburg, KS                                                    20               22918         10449           30141098         11.64             183307          0.07        1969.3     76  
71965     Pratt, KS                                                        20                6546          3160            7122202          2.75                  0          0.00        2380.5     76  
76366     Rose Hill, KS                                                    20                3650          1260            2942838          1.14                  0          0.00        3212.4     76  
76852     Russell, KS                                                      20                4108          2182            5347451          2.06                  0          0.00        1989.7     76  
77027     Sabetha, KS                                                      20                2526          1211            4387296          1.69              13447          0.01        1491.2     76  
77743     St. Joseph, MO--KS                                               20     P          2368          1017            8392063          3.24              21838          0.01         730.8     75  
77841     St. Marys, KS                                                    20                2669           905            2735491          1.06                  0          0.00        2527.0     76  
78283     Salina, KS                                                       20               47493         20708           59393734         22.93              73406          0.03        2071.0     76  
80011     Scott City, KS                                                   20                3647          1639            3917108          1.51                  0          0.00        2411.4     76  
84034     Spring Hill, KS                                                  20                5452          2075            9229583          3.56              58735          0.02        1529.9     76  
88003     Tonganoxie, KS                                                   20                4941          1956            6608045          2.55              27094          0.01        1936.6     76  
88084     Topeka, KS                                                       20              150003         68153          206127818         79.59            3381640          1.31        1884.8     75  
89407     Ulysses, KS                                                      20                6279          2323            6260127          2.42                  0          0.00        2597.8     76  
91648     Wamego, KS                                                       20                4418          1889            4983567          1.92               5759          0.00        2296.1     76  
93700     Wellington, KS                                                   20                7783          3629           10270228          3.97                  0          0.00        1962.7     76  
95077     Wichita, KS                                                      20              472870        202022          556175274        214.74           12278337          4.74        2202.1     75  
96319     Winfield, KS                                                     20               12029          5085           15111375          5.83                  0          0.00        2061.7     76  
                                                  
                                                  
                                                  
Kentucky                                          
                                                  
UACE      NAME                                                             STATE  PART        POP            HU           AREALAND  AREALANDSQMI          AREAWATER AREAWATERSQMI        POPDEN  LSADC  
05032     Barbourville, KY                                                 21                6300          2867           13090729          5.05             158652          0.06        1246.4     76  
05059     Bardstown, KY                                                    21               18702          7927           43997290         16.99             386074          0.15        1100.9     76  
06085     Beaver Dam, KY                                                   21                6321          2699           10826021          4.18              38225          0.01        1512.2     76  
07057     Benton, KY                                                       21                4447          2090           11920769          4.60              37345          0.01         966.2     76  
07165     Berea, KY                                                        21               15590          6347           34179465         13.20             149404          0.06        1181.4     76  
09379     Bowling Green, KY                                                21               78306         32586          117592884         45.40             637255          0.25        1724.7     75  
12187     Cadiz, KY                                                        21                2960          1386            5668124          2.19              12602          0.00        1352.5     76  
13159     Campbellsville, KY                                               21               11719          5258           20054972          7.74             301025          0.12        1513.4     76  
14050     Carrollton, KY                                                   21                5165          2232            9373930          3.62             207348          0.08        1427.1     76  
14995     Central City--Greenville, KY                                     21                9943          4570           20128481          7.77              42647          0.02        1279.4     76  
16885     Cincinnati, OH--KY--IN                                           21     P        328060        138732          448074517        173.00           11871109          4.58        1896.3     75  
17317     Clarksville, TN--KY                                              21     P         20346          5616           34921323         13.48              34422          0.01        1509.0     75  
18883     Columbia, KY                                                     21                4579          1901            8744041          3.38              60603          0.02        1356.3     76  
21178     Crittenden, KY                                                   21                4221          1598            8575311          3.31              59115          0.02        1274.9     76  
21718     Cumberland, KY                                                   21                3711          1903            6064703          2.34              84886          0.03        1584.8     76  
21853     Cynthiana, KY                                                    21                6421          2986            7253796          2.80             126159          0.05        2292.6     76  
22231     Danville, KY                                                     21               18887          8337           38516349         14.87             171974          0.07        1270.0     76  
26750     Elizabethtown--Radcliff, KY                                      21               73467         30547          147521282         56.96            1312072          0.51        1289.8     75  
28333     Evansville, IN--KY                                               21     P         28583         13065           36160608         13.96             232445          0.09        2047.2     75  
28387     Evarts, KY                                                       21                2646          1074            3854362          1.49             217592          0.08        1778.0     76  
29845     Flemingsburg, KY                                                 21                2795          1441            5195476          2.01              11829          0.00        1393.3     76  
31249     Frankfort, KY                                                    21               35734         17372           55869807         21.57             992669          0.38        1656.5     76  
31276     Franklin, KY                                                     21                9442          4155           13939899          5.38              23087          0.01        1754.3     76  
32032     Fulton, KY--TN                                                   21     P          2423          1308            4954103          1.91              45756          0.02        1266.7     76  
32977     Georgetown, KY                                                   21               30764         12615           42346034         16.35             739310          0.29        1881.6     76  
33436     Glasgow, KY                                                      21               13569          6492           24954955          9.64              50551          0.02        1408.3     76  
34651     Grayson, KY                                                      21                5716          2371           13864764          5.35             196502          0.08        1067.8     76  
36865     Harlan, KY                                                       21                7065          3279           12796021          4.94             555607          0.21        1430.0     76  
37216     Harrodsburg, KY                                                  21                8715          4149           13583713          5.24              28621          0.01        1661.7     76  
37837     Hazard, KY                                                       21                7444          3434           17831180          6.88             636768          0.25        1081.2     76  
39241     Hodgenville, KY                                                  21                3413          1464            4953112          1.91              15453          0.01        1784.7     76  
40078     Hopkinsville, KY                                                 21               32491         14749           52155874         20.14             209097          0.08        1613.5     76  
40186     Horse Cave, KY                                                   21                4251          2071            8734573          3.37              45896          0.02        1260.5     76  
40753     Huntington, WV--KY--OH                                           21     P         56594         25325          117225696         45.26            8125964          3.14        1250.4     75  
41806     Irvine, KY                                                       21                3503          1751            4784826          1.85               6996          0.00        1896.1     76  
42103     Jackson, KY                                                      21                2567          1231            5602089          2.16             587763          0.23        1186.8     76  
47476     Lancaster, KY                                                    21                3739          1752            5874014          2.27               5750          0.00        1648.6     76  
48259     Lawrenceburg, KY                                                 21               12475          5360           18327565          7.08             106605          0.04        1762.9     76  
48529     Lebanon, KY                                                      21                5646          2592            8118641          3.13              29875          0.01        1801.2     76  
48934     Leitchfield, KY                                                  21                6802          2844           13754947          5.31              32511          0.01        1280.8     76  
49582     Lexington-Fayette, KY                                            21              290263        132513          226721515         87.54            2103349          0.81        3315.9     75  
51131     London--Corbin, KY                                               21               37367         16845          130681782         50.46             894966          0.35         740.6     76  
51580     Louisa, KY--WV                                                   21     P          3631          1686            6778537          2.62              35762          0.01        1387.4     76  
51755     Louisville/Jefferson County, KY--IN                              21     P        832366        370138          991557537        382.84           27818625         10.74        2174.2     75  
53092     Madison, IN--KY                                                  21     P           467           219            1872076          0.72             745958          0.29         646.1     76  
53227     Madisonville, KY                                                 21               24809         11507           48965317         18.91             537407          0.21        1312.3     76  
53713     Manchester, KY                                                   21                4657          1332           11361817          4.39             100312          0.04        1061.6     76  
54604     Marion, KY                                                       21                2718          1322            4321177          1.67              17828          0.01        1629.1     76  
55765     Mayfield, KY                                                     21               11356          5306           19639763          7.58             128600          0.05        1497.6     76  
55819     Maysville, KY--OH                                                21     P          7801          3886           13137526          5.07             133475          0.05        1537.9     76  
56818     Middlesborough, KY--TN--VA                                       21     P         10765          5187           19516361          7.54             267873          0.10        1428.6     76  
58816     Monticello, KY                                                   21                6716          3090           14755536          5.70              82693          0.03        1178.8     76  
59167     Morehead, KY                                                     21                7282          2665           12671985          4.89             133258          0.05        1488.3     76  
59248     Morganfield, KY                                                  21                5210          1755            7791197          3.01               6769          0.00        1731.9     76  
60274     Mount Sterling, KY                                               21               10835          5053           15181404          5.86              51270          0.02        1848.5     76  
60409     Mount Vernon, KY                                                 21                2626          1227            4825736          1.86                  0          0.00        1409.4     76  
60787     Murray, KY                                                       21               19072          8834           30068939         11.61              50121          0.02        1642.8     76  
63244     Nicholasville, KY                                                21               28058         11399           27655436         10.68             136939          0.05        2627.7     76  
66484     Owensboro, KY                                                    21               70543         31147           87585926         33.82             601971          0.23        2086.0     75  
66781     Paducah, KY--IL                                                  21     P         47762         23393          116091494         44.82            3303711          1.28        1065.6     76  
66997     Paintsville, KY                                                  21                6027          2846           14396028          5.56             237598          0.09        1084.3     76  
67510     Paris, KY                                                        21               11042          5003           12687224          4.90              84268          0.03        2254.1     76  
69373     Pikeville, KY                                                    21                7936          3623           17413151          6.72               5345          0.00        1180.4     76  
71344     Portland, TN--KY                                                 21     P            50            29             133344          0.05               3364          0.00         971.2     76  
71533     Portsmouth, OH--KY                                               21     P          2814          1341            8515278          3.29            2286702          0.88         855.9     76  
72208     Prestonsburg, KY                                                 21                5965          2843           13010968          5.02             876618          0.34        1187.4     76  
72343     Princeton, KY                                                    21                5890          2920           12593364          4.86              28865          0.01        1211.4     76  
74665     Richmond, KY                                                     21               35540         15448           42618828         16.46             180532          0.07        2159.8     76  
76960     Russellville, KY                                                 21                6714          3254           17807599          6.88              40012          0.02         976.5     76  
80173     Scottsville, KY                                                  21                4251          2045           10336773          3.99              12447          0.00        1065.1     76  
81307     Shelbyville, KY                                                  21               20621          8258           35557205         13.73             491866          0.19        1502.0     76  
82900     Somerset, KY                                                     21               29042         13608           89431952         34.53            1395469          0.54         841.1     76  
84277     Stanford, KY                                                     21                4183          1843            8290976          3.20              72044          0.03        1306.7     76  
84331     Stanton, KY                                                      21                4149          1839            9540343          3.68             138900          0.05        1126.4     76  
86950     Tell City, IN--KY                                                21     P           916           413            2689236          1.04               5576          0.00         882.2     76  
90433     Versailles, KY                                                   21               15907          6706           27705799         10.70             384938          0.15        1487.0     76  
95401     Williamsburg, KY                                                 21                5969          2353           12225308          4.72             277363          0.11        1264.6     76  
95428     Williamson, WV--KY                                               21     P           671           315            1807979          0.70                  0          0.00         961.2     76  
95553     Williamstown, KY                                                 21                4491          1677           13030491          5.03             100649          0.04         892.6     76  
95887     Wilmore, KY                                                      21                5508          1759            4518044          1.74              26504          0.01        3157.5     76  
96049     Winchester, KY                                                   21               25831         11427           36778662         14.20             189105          0.07        1819.0     76  
                                                  
                                                  
                                                  
Louisiana                                         
                                                  
UACE      NAME                                                             STATE  PART        POP            HU           AREALAND  AREALANDSQMI          AREAWATER AREAWATERSQMI        POPDEN  LSADC  
00037     Abbeville, LA                                                    22               19824          8460           29222871         11.28             300497          0.12        1757.0     76  
01279     Alexandria, LA                                                   22               82804         33935          169751977         65.54             906725          0.35        1263.4     75  
02116     Amite City, LA                                                   22                6161          2313           18167855          7.01              40580          0.02         878.3     76  
02899     Arcadia, LA                                                      22                2894          1188            7120154          2.75                  0          0.00        1052.7     76  
05437     Bastrop, LA                                                      22               13979          5959           26101244         10.08             105190          0.04        1387.1     76  
05680     Baton Rouge, LA                                                  22              594309        246028          949993185        366.79           11742933          4.53        1620.3     75  
07084     Benton, LA                                                       22                5371          2118           11685854          4.51             791123          0.31        1190.4     76  
08731     Bogalusa, LA                                                     22               12213          5780           21462665          8.29              77121          0.03        1473.8     76  
09801     Breaux Bridge, LA                                                22               18465          7171           58894802         22.74             702733          0.27         812.0     76  
11512     Bunkie, LA                                                       22                4090          1876            5733437          2.21               3803          0.00        1847.6     76  
11539     Buras, LA                                                        22                3767          1766           23382754          9.03             429649          0.17         417.3     76  
16831     Church Point, LA                                                 22                4588          1937            6905878          2.67                  0          0.00        1720.7     76  
20530     Cottonport, LA                                                   22                3631           808            4772322          1.84                  0          0.00        1970.6     76  
21421     Crowley, LA                                                      22               14908          6472           17790621          6.87              24156          0.01        2170.3     76  
23095     Delhi, LA                                                        22                2770          1143            4506344          1.74                  0          0.00        1592.0     76  
23635     DeQuincy, LA                                                     22                5017          1846           12475965          4.82                  0          0.00        1041.5     76  
23662     DeRidder, LA                                                     22               13341          5800           42710922         16.49             250403          0.10         809.0     76  
24391     Donaldsonville, LA                                               22               14571          5635           41315984         15.95            2515002          0.97         913.4     76  
28144     Eunice, LA                                                       22               11940          5163           21884396          8.45              78619          0.03        1413.1     76  
29170     Farmerville, LA                                                  22                3883          1644           12937852          5.00                  0          0.00         777.3     76  
29683     Ferriday, LA                                                     22                5931          2024           11659128          4.50                  0          0.00        1317.5     76  
30871     Fort Polk, LA                                                    22               14300          4570           33440909         12.91              34475          0.01        1107.5     76  
31303     Franklin, LA                                                     22               14617          5925           27200039         10.50             420986          0.16        1391.8     76  
31465     Franklinton, LA                                                  22                3506          1540            7414943          2.86               7995          0.00        1224.6     76  
32383     Galliano--Larose--Cut Off, LA                                    22               21437          8617           41806838         16.14             713489          0.28        1328.1     76  
34151     Gramercy--Lutcher, LA                                            22               15279          5827           37278880         14.39            5784592          2.23        1061.5     76  
36514     Hammond, LA                                                      22               67629         27712          198479707         76.63             756312          0.29         882.5     75  
39673     Homer, LA                                                        22                3034          1519            8117659          3.13              53330          0.02         968.0     76  
40375     Houma, LA                                                        22              144875         57106          236809219         91.43            1236507          0.48        1584.5     75  
41563     Iowa, LA                                                         22                3252          1281            8512372          3.29              19623          0.01         989.5     76  
42805     Jeanerette, LA                                                   22                6680          2703            9533051          3.68             319561          0.12        1814.9     76  
42832     Jean Lafitte, LA                                                 22                2700          1115            4872477          1.88             725993          0.28        1435.2     76  
42994     Jena, LA                                                         22                3992          1611           11494596          4.44              73214          0.03         899.5     76  
43021     Jennings, LA                                                     22                9869          4204           18388510          7.10              35153          0.01        1390.0     76  
43372     Jonesboro, LA                                                    22                5609          2357           11502541          4.44              81917          0.03        1263.0     76  
43993     Kaplan, LA                                                       22                4826          2256            5599297          2.16                  0          0.00        2232.3     76  
46045     Lafayette, LA                                                    22              252720        106432          462643367        178.63            1276844          0.49        1414.8     75  
46477     Lake Arthur, LA                                                  22                2786          1270            4286902          1.66              41546          0.02        1683.2     76  
46531     Lake Charles, LA                                                 22              143440         61740          327697961        126.52           11294314          4.36        1133.7     75  
47098     Lake Providence, LA                                              22                5076          1820            7126928          2.75             222157          0.09        1844.7     76  
48853     Leesville, LA                                                    22                9605          4338           16151506          6.24              56095          0.02        1540.2     76  
50679     Livonia, LA                                                      22                3813          1559           10000174          3.86                  0          0.00         987.5     76  
53632     Mamou, LA                                                        22                3894          1793            5715316          2.21                  0          0.00        1764.6     76  
53794     Mandeville--Covington, LA                                        22               88925         36111          169891915         65.60            1970925          0.76        1355.7     75  
54064     Mansfield, LA                                                    22                6061          2728           10428658          4.03              22625          0.01        1505.3     76  
54253     Many, LA                                                         22                2860          1177            6105427          2.36                  0          0.00        1213.2     76  
54793     Marksville, LA                                                   22                7517          3058           16300448          6.29                  0          0.00        1194.4     76  
57493     Minden, LA                                                       22               13338          5967           25469096          9.83             100989          0.04        1356.4     76  
58330     Monroe, LA                                                       22              116533         49410          212228535         81.94            5008887          1.93        1422.1     75  
59221     Morgan City, LA                                                  22               32022         13590           59716474         23.06            2746816          1.06        1388.8     76  
61327     Natchez, MS--LA                                                  22     P          7925          3247           13393773          5.17              18233          0.01        1532.5     76  
61354     Natchitoches, LA                                                 22               19763          8431           30551530         11.80            1148597          0.44        1675.4     76  
62677     New Orleans, LA                                                  22              899703        426562          651105206        251.39           44610589         17.22        3578.9     75  
63001     New Roads, LA                                                    22                7947          4351           21069239          8.13            3778777          1.46         976.9     76  
64297     Oakdale, LA                                                      22                7878          2472           13220919          5.10              64076          0.02        1543.3     76  
65593     Opelousas, LA                                                    22               25534         10820           47537459         18.35              57050          0.02        1391.2     76  
69319     Pierre Part, LA                                                  22                3829          1738            8109103          3.13             269866          0.10        1223.0     76  
71020     Port Barre, LA                                                   22                2570          1102            4326192          1.67              81367          0.03        1538.6     76  
73639     Rayne, LA                                                        22                9385          4044           13154671          5.08                  0          0.00        1847.8     76  
73666     Rayville, LA                                                     22                4267          1772            6342947          2.45                  0          0.00        1742.3     76  
76987     Ruston, LA                                                       22               27724         11030           61549795         23.76              10982          0.00        1166.6     76  
77824     St. Martinville, LA                                              22                7220          3007           12639311          4.88             230180          0.09        1479.5     76  
81739     Shreveport, LA                                                   22              298317        129646          479745451        185.23            6704720          2.59        1610.5     75  
82468     Slidell, LA                                                      22               91151         36969          151785576         58.60            5425895          2.09        1555.4     75  
83386     South Vacherie, LA                                               22                2621          1006            3826014          1.48              10034          0.00        1774.3     76  
84061     Springhill, LA                                                   22                6012          2981           14100215          5.44              62523          0.02        1104.3     76  
85816     Sunset, LA                                                       22                3500          1502            8313654          3.21                  0          0.00        1090.4     76  
86518     Tallulah, LA                                                     22                9185          3277           11322391          4.37                  0          0.00        2101.1     76  
90487     Vicksburg, MS--LA                                                22     P           194            99             302282          0.12              42898          0.02        1662.2     76  
90676     Ville Platte, LA                                                 22                9328          4276           17141894          6.62              11680          0.00        1409.4     76  
90838     Vinton, LA                                                       22                2752          1281            4803252          1.85              33483          0.01        1483.9     76  
90973     Vivian, LA                                                       22                2980          1358            4716026          1.82                  0          0.00        1636.6     76  
93835     Welsh, LA                                                        22                2631          1132            5183695          2.00                  0          0.00        1314.6     76  
96427     Winnfield, LA                                                    22                5376          2523           11057434          4.27                  0          0.00        1259.2     76  
96481     Winnsboro, LA                                                    22                5361          2258            9463656          3.65                  0          0.00        1467.2     76  
                                                  
                                                  
                                                  
Maine                                             
                                                  
UACE      NAME                                                             STATE  PART        POP            HU           AREALAND  AREALANDSQMI          AREAWATER AREAWATERSQMI        POPDEN  LSADC  
04195     Augusta, ME                                                      23               22637         11691           44883533         17.33             738427          0.29        1306.3     76  
04951     Bangor, ME                                                       23               61210         27142          110091842         42.51            3704605          1.43        1440.0     75  
05086     Bar Harbor, ME                                                   23                2575          1745            4389497          1.69                  0          0.00        1519.4     76  
06355     Belfast, ME                                                      23                3358          1998            6855477          2.65             417657          0.16        1268.6     76  
11040     Brunswick, ME                                                    23               29159         14192           63625020         24.57            1789575          0.69        1187.0     76  
12295     Calais, ME                                                       23                2504          1316            4410589          1.70                  0          0.00        1470.4     76  
12943     Camden, ME                                                       23                3968          2520            7712596          2.98               4198          0.00        1332.5     76  
13645     Caribou, ME                                                      23                3974          2002            6348283          2.45              45526          0.02        1621.3     76  
24607     Dover--Rochester, NH--ME                                         23     P          7825          3328           19405548          7.49             760571          0.29        1044.4     75  
27070     Ellsworth, ME                                                    23                2805          1431            7225150          2.79              90161          0.03        1005.5     76  
29224     Farmington, ME                                                   23                3819          1601            5721866          2.21              20706          0.01        1728.7     76  
40348     Houlton, ME                                                      23                4128          1946            4693498          1.81                  0          0.00        2277.9     76  
44425     Kennebunk, ME                                                    23                8240          5379           30513519         11.78             462378          0.18         699.4     76  
49339     Lewiston, ME                                                     23               59397         27675           91680760         35.40            2066610          0.80        1678.0     75  
50554     Livermore Falls, ME                                              23                3092          1562            5508307          2.13               4453          0.00        1453.8     76  
57331     Millinocket, ME                                                  23                3976          2326            4971342          1.92              43366          0.02        2071.4     76  
69751     Pittsfield, ME                                                   23                2523          1034            4684959          1.81             213165          0.08        1394.8     76  
71263     Portland, ME                                                     23              203914         98350          351999048        135.91           13978355          5.40        1500.4     75  
71506     Portsmouth, NH--ME                                               23     P         15791         10378           43238291         16.69            3723566          1.44         945.9     75  
72154     Presque Isle, ME                                                 23                6081          2966           13852268          5.35             187910          0.07        1137.0     76  
75799     Rockland, ME                                                     23                8775          4713           16189268          6.25              65320          0.03        1403.8     76  
76690     Rumford, ME                                                      23                4987          2914            5052220          1.95             241897          0.09        2556.6     76  
78850     Sanford, ME                                                      23               13584          6324           16760190          6.47             350678          0.14        2099.2     76  
82387     Skowhegan, ME                                                    23                4751          2446            8004562          3.09             105055          0.04        1537.3     76  
83368     South Paris, ME                                                  23                4780          2380           11658079          4.50             263785          0.10        1061.9     76  
92782     Waterville, ME                                                   23               25689         11802           41947593         16.20            1696214          0.65        1586.1     76  
                                                  
                                                  
                                                  
Maryland                                          
                                                  
UACE      NAME                                                             STATE  PART        POP            HU           AREALAND  AREALANDSQMI          AREAWATER AREAWATERSQMI        POPDEN  LSADC  
00199     Aberdeen--Bel Air South--Bel Air North, MD                       24              213751         83721          339626464        131.13            9825290          3.79        1630.1     75  
04843     Baltimore, MD                                                    24             2203663        939420         1857113332        717.04           65619042         25.34        3073.3     75  
11053     Brunswick, MD--VA                                                24     P          6720          2656           12463077          4.81             202841          0.08        1396.5     76  
12808     Cambridge, MD                                                    24               14255          7188           22435799          8.66             345102          0.13        1645.6     76  
15090     Centreville, MD                                                  24                4285          1694            6247941          2.41                  0          0.00        1776.3     76  
16102     Chesapeake Beach, MD                                             24               23700          9229           65848963         25.42             413630          0.16         932.2     76  
16210     Chestertown, MD                                                  24                7153          3237           10214248          3.94             724885          0.28        1813.8     76  
20632     Country Lakes, MD                                                24                2603           833            8662283          3.34               3934          0.00         778.3     76  
21151     Crisfield, MD                                                    24                3600          1928            5655938          2.18              50579          0.02        1648.5     76  
21745     Cumberland, MD--WV--PA                                           24     P         49619         21996           80537195         31.10             622534          0.24        1595.7     75  
21928     Dahlgren, VA--MD                                                 24     P           495           187            1566534          0.60             120680          0.05         818.4     76  
23473     Denton, MD                                                       24                4771          1922           11783102          4.55             123582          0.05        1048.7     76  
25741     Easton, MD                                                       24               17132          8013           24859236          9.60             208685          0.08        1784.9     76  
27496     Emmitsburg, MD--PA                                               24     P          3937          1244            6343129          2.45              20221          0.01        1607.5     76  
29521     Federalsburg, MD                                                 24                3190          1396            5093172          1.97              52160          0.02        1622.2     76  
31519     Frederick, MD                                                    24              141576         56122          190090706         73.39            1299911          0.50        1929.0     75  
33635     Glenwood, MD                                                     24                3721          1206           14419476          5.57              58611          0.02         668.4     76  
33760     Golden Beach, MD                                                 24                4452          1590           11831612          4.57              67506          0.03         974.6     76  
36190     Hagerstown, MD--WV--PA                                           24     P        101406         42342          142446965         55.00             281089          0.11        1843.8     75  
44803     Keyser, WV--MD                                                   24     P           239           109             816431          0.32             198955          0.08         758.2     76  
49109     Leonardtown, MD                                                  24                4737          1849           15358684          5.93            1117138          0.43         798.8     76  
49594     Lexington Park--California--Chesapeake Ranch Estates, MD         24               58875         23790          129332370         49.94           11078997          4.28        1179.0     75  
51142     Long Beach, MD                                                   24                6476          2444           15491984          5.98              55859          0.02        1082.7     76  
53726     Manchester, MD                                                   24                5319          1889            7606382          2.94              12416          0.00        1811.1     76  
59761     Mountain Lake Park, MD                                           24                4720          2256           10866110          4.20              41325          0.02        1125.0     76  
62353     New Freedom--Shrewsbury, PA--MD                                  24     P            41            17              57258          0.02                  0          0.00        1854.6     76  
64660     Ocean Pines, MD--DE                                              24     P         28959         44763           50980947         19.68            3245518          1.25        1471.2     76  
69076     Philadelphia, PA--NJ--DE--MD                                     24     P         48690         19332          112326377         43.37            6053904          2.34        1122.7     75  
70453     Pocomoke City, MD                                                24                4329          1958            6642081          2.56             121659          0.05        1688.0     76  
70750     Poolesville, MD                                                  24                4620          1582            7093023          2.74              42621          0.02        1687.0     76  
72253     Prince Frederick, MD                                             24                6357          2480           24289585          9.38              18371          0.01         677.8     76  
72262     Princess Anne, MD                                                24               10396          2572            9195367          3.55              31213          0.01        2928.2     76  
76177     Romancoke, MD                                                    24                3538          1488            9991426          3.86             480380          0.19         917.1     76  
78364     Salisbury, MD--DE                                                24     P         73493         30257          128924602         49.78            3830980          1.48        1476.4     75  
80902     Shady Side--Deale, MD                                            24               10784          4831           25818113          9.97            4624099          1.79        1081.8     76  
81496     Shepherdstown, WV--MD                                            24     P          1395           589            6494145          2.51              83495          0.03         556.4     76  
86626     Taneytown, MD                                                    24                6599          2510            5125815          1.98               5279          0.00        3334.4     76  
87544     Thurmont, MD                                                     24                6854          2751            9857070          3.81              19550          0.01        1800.9     76  
91261     Waldorf, MD                                                      24              109919         40731          176050965         67.97             656188          0.25        1617.1     75  
92242     Washington, DC--VA--MD                                           24     P       1749163        668873         1462090010        564.52           22992049          8.88        3098.5     75  
93322     Waynesboro, PA--MD                                               24     P          1193           521            3904815          1.51              68393          0.03         791.3     76  
94005     Westernport, MD--WV                                              24     P          4892          2325            6943218          2.68              97730          0.04        1824.8     76  
94294     Westminster--Eldersburg, MD                                      24               72714         27271          149446807         57.70             955675          0.37        1260.2     75  
                                                  
                                                  
                                                  
Massachusetts                                     
                                                  
UACE      NAME                                                             STATE  PART        POP            HU           AREALAND  AREALANDSQMI          AREAWATER AREAWATERSQMI        POPDEN  LSADC  
03790     Athol, MA                                                        25               12834          5927           24217774          9.35            1060120          0.41        1372.5     76  
05167     Barnstable Town, MA                                              25              246695        162112          718092279        277.26           58453185         22.57         889.8     75  
09271     Boston, MA--NH--RI                                               25     P       4087709       1680422         4533955745       1750.57          190173101         73.43        2335.1     75  
34678     Great Barrington, MA                                             25                4571          2301           13357053          5.16             502406          0.19         886.3     76  
34975     Greenfield, MA                                                   25               22965         10890           36536672         14.11             871148          0.34        1627.9     76  
48745     Lee, MA                                                          25                8049          4405           29465953         11.38             909863          0.35         707.5     76  
49096     Leominster--Fitchburg, MA                                        25              116960         50827          168447165         65.04            5905576          2.28        1798.3     75  
61003     Nantucket, MA                                                    25                8250          7222           20355592          7.86             487510          0.19        1049.7     76  
61165     Nashua, NH--MA                                                   25     P          7318          2812           17911639          6.92              51440          0.02        1058.2     75  
61786     New Bedford, MA                                                  25              149443         64978          142709138         55.10           14485580          5.59        2712.2     75  
63460     North Adams, MA--VT                                              25     P         18018          8015           24406954          9.42             419599          0.16        1912.0     76  
63568     North Brookfield, MA                                             25                7194          3372           20214632          7.80            2441926          0.94         921.7     76  
69778     Pittsfield, MA                                                   25               59124         28511           86766391         33.50            4782300          1.85        1764.9     75  
72505     Providence, RI--MA                                               25     P        260276        111405          426629632        164.72           25594621          9.88        1580.1     75  
72532     Provincetown, MA                                                 25                3152          4745            5116866          1.98                  0          0.00        1595.4     76  
83156     South Deerfield, MA                                              25                5028          2323           17073402          6.59             211719          0.08         762.7     76  
83926     Springfield, MA--CT                                              25     P        531589        215958          699865969        270.22           21615226          8.35        1967.2     75  
90757     Vineyard Haven, MA                                               25               10082          8579           25473810          9.84            2549062          0.98        1025.1     76  
91756     Ware, MA                                                         25                9146          4391           20755416          8.01             351883          0.14        1141.3     76  
97291     Worcester, MA--CT                                                25     P        453586        187145          703986766        271.81           31016827         11.98        1668.8     75  
                                                  
                                                  
                                                  
Michigan                                          
                                                  
UACE      NAME                                                             STATE  PART        POP            HU           AREALAND  AREALANDSQMI          AREAWATER AREAWATERSQMI        POPDEN  LSADC  
00577     Adrian, MI                                                       26               44823         18178           62219496         24.02             614833          0.24        1865.8     76  
01090     Albion, MI                                                       26                9219          3809           17101303          6.60             136506          0.05        1396.2     76  
01441     Allegan, MI                                                      26                6322          2821           12221345          4.72             147540          0.06        1339.8     76  
01630     Alma--St. Louis, MI                                              26               16924          5477           19253096          7.43             406945          0.16        2276.7     76  
01657     Almont, MI                                                       26                2719          1131            3793261          1.46               1570          0.00        1856.5     76  
01684     Alpena, MI                                                       26               14258          7137           24506343          9.46            1830290          0.71        1506.9     76  
02602     Ann Arbor, MI                                                    26              306022        133978          413286601        159.57           13598091          5.25        1917.8     75  
04330     Au Sable, MI                                                     26                6384          4799           27067734         10.45             672140          0.26         610.9     76  
04600     Bad Axe, MI                                                      26                3490          1719            6458740          2.49                  0          0.00        1399.5     76  
05707     Battle Creek, MI                                                 26               78393         36200          137324107         53.02            3535368          1.37        1478.5     75  
05869     Bay City, MI                                                     26               70585         32513          104448520         40.33            4168481          1.61        1750.3     75  
06301     Belding, MI                                                      26                5789          2456           12339185          4.76             468184          0.18        1215.1     76  
07138     Benton Harbor--St. Joseph--Fair Plain, MI                        26               61022         28006          120880351         46.67            2570973          0.99        1307.5     75  
07273     Berrien Springs, MI                                              26                7358          2687           12849742          4.96             524303          0.20        1483.1     76  
07624     Big Rapids, MI                                                   26               14241          5117           24130980          9.32             170780          0.07        1528.5     76  
08272     Blissfield, MI                                                   26                3303          1460            4705589          1.82              32155          0.01        1818.0     76  
09487     Boyne City, MI                                                   26                3501          2184            7179840          2.77              56507          0.02        1262.9     76  
10675     Brooklyn, MI                                                     26                2773          1488            7674143          2.96             129303          0.05         935.9     76  
12160     Cadillac, MI                                                     26               11690          5829           22635287          8.74            4763329          1.84        1337.6     76  
13915     Caro, MI                                                         26                5113          2413            9135455          3.53               2184          0.00        1449.6     76  
14779     Cedar Springs, MI                                                26                3579          1326            4963935          1.92             170098          0.07        1867.4     76  
15616     Charlevoix, MI                                                   26                4179          3200           11729118          4.53              12707          0.00         922.8     76  
15643     Charlotte, MI                                                    26               12682          5476           23090451          8.92             530838          0.20        1422.5     76  
15859     Cheboygan, MI                                                    26                4517          2222            9018213          3.48             192580          0.07        1297.3     76  
15940     Chelsea, MI                                                      26                5329          2588           10906830          4.21             133352          0.05        1265.4     76  
17074     Clare, MI                                                        26                5597          2836           16027579          6.19             857100          0.33         904.5     76  
18667     Coldwater, MI                                                    26               16876          6240           29846177         11.52             189918          0.07        1464.5     76  
19774     Constantine, MI                                                  26                4074          1762            8376129          3.23             219381          0.08        1259.7     76  
19909     Coopersville, MI                                                 26                3951          1611            5068827          1.96                805          0.00        2018.8     76  
23824     Detroit, MI                                                      26             3734090       1653116         3463234750       1337.16           91817679         35.45        2792.5     75  
24433     Dorr, MI                                                         26                4702          1600           14211297          5.49              27483          0.01         856.9     76  
24539     Douglas, MI                                                      26                2570          2102            7320802          2.83             130134          0.05         909.2     76  
24634     Dowagiac, MI                                                     26                6082          2772            9032424          3.49              88865          0.03        1744.0     76  
24958     Dundee, MI                                                       26                3799          1684            6428798          2.48              90764          0.04        1530.5     76  
25120     Durand, MI                                                       26                4854          2192            8420444          3.25              14006          0.01        1493.0     76  
25876     East Tawas, MI                                                   26                4372          2631            8157586          3.15                  0          0.00        1388.1     76  
25984     Eaton Rapids, MI                                                 26                5408          2458           10332974          3.99             310140          0.12        1355.5     76  
26794     Elkhart, IN--MI                                                  26     P           900           417            3693332          1.43                  0          0.00         631.1     75  
27847     Escanaba, MI                                                     26               20850          9981           46472987         17.94             282640          0.11        1162.0     76  
29872     Flint, MI                                                        26              356218        164933          610985440        235.90           18744100          7.24        1510.0     75  
31168     Fowlerville, MI                                                  26                3794          1674            9573501          3.70             109110          0.04        1026.4     76  
31195     Frankenmuth, MI                                                  26                4972          2397            7118139          2.75               6536          0.00        1809.1     76  
31735     Fremont, MI                                                      26                4496          2184            8160467          3.15              46808          0.02        1427.0     76  
32734     Gaylord, MI                                                      26                8298          4320           26431124         10.21            2262276          0.87         813.1     76  
33409     Gladwin, MI                                                      26                2934          1423            7033127          2.72              32107          0.01        1080.5     76  
33938     Goodrich, MI                                                     26                5860          2297           16989539          6.56            1672861          0.65         893.3     76  
34300     Grand Rapids, MI                                                 26              569935        232212          726682274        280.57           14869078          5.74        2031.3     75  
34624     Grayling, MI                                                     26                3858          1775           10701701          4.13             333981          0.13         933.7     76  
35326     Greenville, MI                                                   26                9743          4271           15970829          6.17             313847          0.12        1580.0     76  
35987     Gun Lake, MI                                                     26                2660          1843            7383807          2.85             868157          0.34         933.0     76  
37135     Harrison, MI                                                     26                3589          2362            8326074          3.21             720412          0.28        1116.4     76  
37232     Hart, MI                                                         26                2556          1046            5134300          1.98             181251          0.07        1289.4     76  
37513     Hastings, MI                                                     26                7713          3454           12144305          4.69             784539          0.30        1644.9     76  
38998     Hillsdale, MI                                                    26               11646          4893           19482586          7.52             710631          0.27        1548.2     76  
39430     Holland, MI                                                      26               99941         39678          153443062         59.24            8618276          3.33        1686.9     75  
39538     Holly, MI                                                        26                8229          3533           13335770          5.15            1076327          0.42        1598.2     76  
40294     Houghton, MI                                                     26               15452          6182           21906983          8.46            1925698          0.74        1826.8     76  
40321     Houghton Lake, MI                                                26                8300          8602           23060144          8.90             854256          0.33         932.2     76  
41050     Imlay City, MI                                                   26                3792          1674            6748068          2.61                  0          0.00        1455.4     76  
41536     Ionia, MI                                                        26               14409          4212           18517253          7.15              39233          0.02        2015.4     76  
41671     Iron Mountain--Kingsford, MI--WI                                 26     P         17594          8657           40503388         15.64             892734          0.34        1125.0     76  
41698     Iron River, MI                                                   26                3208          1908            5262684          2.03                  0          0.00        1578.8     76  
41752     Ironwood, MI--WI                                                 26     P          5229          3082            9273366          3.58                  0          0.00        1460.4     76  
41833     Ishpeming, MI                                                    26               12301          5672           16708481          6.45             243299          0.09        1906.8     76  
42157     Jackson, MI                                                      26               90057         38548          149373065         57.67            4117708          1.59        1561.5     75  
43723     Kalamazoo, MI                                                    26              209703         93137          341059430        131.68           14831576          5.73        1592.5     75  
43804     Kalkaska, MI                                                     26                2668          1297            6085293          2.35             242773          0.09        1135.5     76  
45370     Kinross, MI                                                      26                6555           970            8616955          3.33                  0          0.00        1970.2     76  
47719     Lansing, MI                                                      26              313532        138435          409665051        158.17            8817734          3.40        1982.2     75  
47746     Lapeer, MI                                                       26               13424          5871           26320029         10.16            1236604          0.48        1321.0     76  
48205     Laurium, MI                                                      26                7325          4021            9760225          3.77               8531          0.00        1943.8     76  
51823     Lowell, MI                                                       26                6803          2706           12495336          4.82             242424          0.09        1410.1     76  
51958     Ludington, MI                                                    26               10710          5729           21845584          8.43             585204          0.23        1269.8     76  
53902     Manistee, MI                                                     26                9606          4826           19589412          7.56            1448135          0.56        1270.0     76  
53929     Manistique, MI                                                   26                3482          1955            8972509          3.46             381262          0.15        1005.1     76  
54496     Marinette--Menominee, WI--MI                                     26     P          8570          4493            9936846          3.84             419939          0.16        2233.7     76  
54874     Marquette, MI                                                    26               26946         11218           40601343         15.68            1303261          0.50        1718.9     76  
54955     Marshall, MI                                                     26                7683          3617           11801427          4.56              74884          0.03        1686.1     76  
56656     Michigan City--La Porte, IN--MI                                  26     P           595           739            2080659          0.80                254          0.00         740.7     75  
56953     Middleville, MI                                                  26                3236          1406            4532603          1.75             127020          0.05        1849.1     76  
56980     Midland, MI                                                      26               59014         25154          116217257         44.87            3754984          1.45        1315.2     75  
57088     Milan, MI                                                        26                7514          2574            8315741          3.21             185009          0.07        2340.3     76  
58357     Monroe, MI                                                       26               51240         22393           83138329         32.10            2475842          0.96        1596.3     75  
60112     Mount Pleasant, MI                                               26               37447         13763           43064221         16.63             380158          0.15        2252.2     76  
60684     Munising, MI                                                     26                2972          1073            8501454          3.28              14385          0.01         905.4     76  
60841     Muskegon, MI                                                     26              161280         70880          290837096        112.29           13996332          5.40        1436.2     75  
61732     Newaygo, MI                                                      26                3335          1822            8797183          3.40            4265800          1.65         981.9     76  
61867     Newberry, MI                                                     26                3225          1100            3857592          1.49                  0          0.00        2165.3     76  
66285     Otsego--Plainwell, MI                                            26               11740          5030           20133227          7.77             393617          0.15        1510.3     76  
66538     Owosso, MI                                                       26               22426         10019           29139814         11.25             435003          0.17        1993.3     76  
68077     Paw Paw, MI                                                      26                8684          3788           22956519          8.86             825461          0.32         979.7     76  
68106     Paw Paw Lake--Hartford, MI                                       26               11589          5652           28165745         10.87             547331          0.21        1065.7     76  
68671     Perry, MI                                                        26                4290          1721            9472740          3.66              59388          0.02        1172.9     76  
69022     Petoskey, MI                                                     26                8210          4909           15462493          5.97              88690          0.03        1375.2     76  
71155     Port Huron, MI                                                   26               87106         40788          156550616         60.44            1811915          0.70        1441.1     75  
71290     Portland, MI                                                     26                5020          2251            9017549          3.48             193743          0.07        1441.8     76  
74692     Richmond, MI                                                     26                6140          2623            8710086          3.36             105750          0.04        1825.8     76  
76042     Rogers City, MI                                                  26                2560          1481            3634479          1.40                  0          0.00        1824.3     76  
77149     Saginaw, MI                                                      26              126265         56761          184448895         71.22            2883990          1.11        1773.0     75  
77554     St. Ignace, MI                                                   26                2531          1348            5523029          2.13              21317          0.01        1186.9     76  
77662     St. Johns, MI                                                    26                8425          3626           10914621          4.21              47084          0.02        1999.2     76  
78742     Sandusky, MI                                                     26                2775          1306            4583108          1.77               6497          0.00        1568.2     76  
79714     Sault Ste. Marie, MI                                             26               13114          6072           15276323          5.90             185257          0.07        2223.4     76  
82913     Somerset, MI                                                     26                2910          1727            8693501          3.36            3311435          1.28         867.0     76  
83116     South Bend, IN--MI                                               26     P         36295         16688           85586087         33.04            3671903          1.42        1098.4     75  
83251     South Haven, MI                                                  26                5791          4221           13578561          5.24             262197          0.10        1104.6     76  
83332     South Lyon--Howell, MI                                           26              119509         51131          266214195        102.79           24178017          9.34        1162.7     75  
83480     Sparta, MI                                                       26                4041          1747            4470727          1.73               4498          0.00        2341.0     76  
85303     Sturgis, MI                                                      26               13040          5467           24750080          9.56                182          0.00        1364.6     76  
87517     Three Rivers, MI                                                 26               10820          4937           32952093         12.72            1691803          0.65         850.4     76  
87868     Toledo, OH--MI                                                   26     P         28461         11573           56519788         21.82            1285214          0.50        1304.2     75  
88300     Traverse City, MI                                                26               47109         23117          112979158         43.62            5280304          2.04        1079.9     76  
90244     Vassar, MI                                                       26                3714          1579            8011893          3.09              25447          0.01        1200.6     76  
93214     Wayland, MI                                                      26                4518          1935            8536262          3.30             117001          0.05        1370.8     76  
94807     Whitehall, MI                                                    26               10568          4748           35131532         13.56            2872561          1.11         779.1     76  
95482     Williamston, MI                                                  26                6317          2790           10853679          4.19             239209          0.09        1507.4     76  
                                                  
                                                  
                                                  
Minnesota                                         
                                                  
UACE      NAME                                                             STATE  PART        POP            HU           AREALAND  AREALANDSQMI          AREAWATER AREAWATERSQMI        POPDEN  LSADC  
00921     Albany, MN                                                       27                2564          1070            4331253          1.67             285662          0.11        1533.2     76  
01009     Albert Lea, MN                                                   27               17868          8343           25515204          9.85            1396609          0.54        1813.7     76  
01306     Alexandria, MN                                                   27               16983          8604           38463572         14.85            7440072          2.87        1143.6     76  
02590     Annandale, MN                                                    27                3262          1460            7049035          2.72                  0          0.00        1198.5     76  
04357     Austin, MN                                                       27               25103         11089           31661392         12.22             254093          0.10        2053.5     76  
06128     Becker, MN                                                       27                3898          1413            5035388          1.94               4722          0.00        2005.0     76  
06571     Belle Plaine, MN                                                 27                6174          2321            6733078          2.60                  0          0.00        2374.9     76  
06841     Bemidji, MN                                                      27               14626          6213           29129514         11.25              44386          0.02        1300.4     76  
06976     Benson, MN                                                       27                3191          1582            4513657          1.74                706          0.00        1831.0     76  
08488     Blue Earth, MN                                                   27                3257          1595            4513876          1.74              41946          0.02        1868.8     76  
09622     Brainerd, MN                                                     27               19812          8945           45924777         17.73            3757719          1.45        1117.3     76  
11296     Buffalo, MN                                                      27               15972          6226           21649636          8.36            3114966          1.20        1910.8     76  
12106     Byron, MN                                                        27                4864          1869            6124189          2.36                  0          0.00        2057.0     76  
12376     Caledonia, MN                                                    27                2749          1297            4462186          1.72                571          0.00        1595.6     76  
12835     Cambridge, MN                                                    27               14270          5817           25666378          9.91            1286923          0.50        1440.0     76  
13240     Cannon Falls, MN                                                 27                3931          1809            7033206          2.72              86288          0.03        1447.6     76  
15769     Chatfield, MN                                                    27                2604          1116            4053173          1.56                  0          0.00        1664.0     76  
16615     Chisholm, MN                                                     27                4622          2344            4112673          1.59              69308          0.03        2910.7     76  
18127     Cloquet, MN                                                      27               12936          5570           24385877          9.42             585985          0.23        1373.9     76  
18505     Cokato, MN                                                       27                4244          1752            7726527          2.98             625211          0.24        1422.6     76  
18586     Cold Spring, MN                                                  27                4324          1774            6329914          2.44              49551          0.02        1769.2     76  
21232     Crookston, MN                                                    27                7964          3274           10500309          4.05                  0          0.00        1964.4     76  
21286     Crosby, MN                                                       27                3478          1954            5569124          2.15            4451016          1.72        1617.5     76  
22995     Delano, MN                                                       27                5255          1994            7684902          2.97                  0          0.00        1771.1     76  
23851     Detroit Lakes, MN                                                27                7973          4287           14943764          5.77           12375976          4.78        1381.8     76  
24329     Dodge Center, MN                                                 27                2641          1048            3988715          1.54                  0          0.00        1714.9     76  
24850     Duluth, MN--WI                                                   27     P         93333         41238          145275587         56.09           14306133          5.52        1664.0     75  
26912     Elko New Market, MN                                              27                3908          1240            5913835          2.28                  0          0.00        1711.5     76  
27334     Ely, MN                                                          27                3459          2020            7012936          2.71              13787          0.01        1277.5     76  
28846     Fairmont, MN                                                     27                9578          4703           16673568          6.44            4774135          1.84        1487.8     76  
29089     Fargo, ND--MN                                                    27     P         42527         17113           44944656         17.35              23724          0.01        2450.7     75  
29116     Faribault, MN                                                    27               23696          9099           29538392         11.40             596910          0.23        2077.7     76  
29575     Fergus Falls, MN                                                 27               12081          5882           15862696          6.12            1323126          0.51        1972.5     76  
30358     Forest Lake, MN                                                  27               21816          8741           46293306         17.87           12493839          4.82        1220.5     76  
33490     Glencoe, MN                                                      27                5534          2372            7095706          2.74              13126          0.01        2020.0     76  
34219     Grand Forks, ND--MN                                              27     P          8318          3524           10283487          3.97                  0          0.00        2095.0     75  
34327     Grand Rapids, MN                                                 27                9285          4293           20859062          8.05             976052          0.38        1152.9     76  
34462     Granite Falls, MN                                                27                2842          1387            5168996          2.00              69438          0.03        1424.0     76  
37540     Hastings, MN                                                     27               22328          9318           24149699          9.32            1213864          0.47        2394.6     76  
38620     Hibbing, MN                                                      27               11616          6004           13771957          5.32              28709          0.01        2184.5     76  
40547     Hudson, WI--MN                                                   27     P          3194          1390            6699978          2.59             491238          0.19        1234.7     76  
40942     Hutchinson, MN                                                   27               14054          6346           16986519          6.56             635594          0.25        2142.9     76  
41401     International Falls, MN                                          27                7055          3577           17811972          6.88              23628          0.01        1025.8     76  
42184     Jackson, MN                                                      27                3169          1571            6725596          2.60                  0          0.00        1220.4     76  
43426     Jordan, MN                                                       27                5207          1857            6010097          2.32              58600          0.02        2243.9     76  
44047     Kasson, MN                                                       27                7048          2748           11156864          4.31              80897          0.03        1636.1     76  
45910     La Crosse, WI--MN                                                27     P          5358          2290            7324663          2.83             246149          0.10        1894.6     75  
46585     Lake City, MN                                                    27                5103          2696            9439828          3.64              40289          0.02        1400.1     76  
46675     Lake Crystal, MN                                                 27                2558          1145            3358027          1.30               1877          0.00        1972.9     76  
49177     Le Sueur, MN                                                     27                3763          1656            4794940          1.85                  0          0.00        2032.6     76  
50122     Lindstrom--Chisago City, MN                                      27                8492          3915           12871946          4.97            5817412          2.25        1708.7     76  
50257     Litchfield, MN                                                   27                6624          2894            8792281          3.39              53061          0.02        1951.3     76  
50311     Little Falls, MN                                                 27                9024          4123           16290418          6.29             647359          0.25        1434.7     76  
51229     Long Prairie, MN                                                 27                3356          1344            4053588          1.57                  0          0.00        2144.3     76  
51322     Lonsdale, MN                                                     27                3466          1294            4916077          1.90              80009          0.03        1826.0     76  
52147     Luverne, MN                                                      27                4620          2175            5205842          2.01              10612          0.00        2298.5     76  
53983     Mankato, MN                                                      27               57584         23612           68306886         26.37             697404          0.27        2183.4     75  
54982     Marshall, MN                                                     27               13464          5630           17759716          6.86                  0          0.00        1963.5     76  
56089     Melrose, MN                                                      27                3121          1201            3400257          1.31             310675          0.12        2377.3     76  
57079     Milaca, MN                                                       27                2831          1398            4584647          1.77               3072          0.00        1599.3     76  
57628     Minneapolis--St. Paul, MN--WI                                    27     P       2650614       1110427         2645175088       1021.31          231468228         89.37        2595.3     75  
58519     Montevideo, MN                                                   27                5338          2490            7438192          2.87              38657          0.01        1858.7     76  
58627     Montgomery, MN                                                   27                2586          1150            3151212          1.22                  0          0.00        2125.4     76  
58870     Monticello--Big Lake, MN                                         27               25536          9496           43660582         16.86            3264119          1.26        1514.8     76  
58961     Montrose, MN                                                     27                4470          1779            6913814          2.67            1952728          0.75        1674.5     76  
59098     Moose Lake, MN                                                   27                3080           935           10410956          4.02            1505843          0.58         766.2     76  
59113     Mora, MN                                                         27                3670          1714            6360875          2.46             485254          0.19        1494.3     76  
59356     Morris, MN                                                       27                5123          2109            6748786          2.61                  0          0.00        1966.1     76  
62505     New London, MN                                                   27                3188          1906            7238949          2.79              83228          0.03        1140.6     76  
62947     New Prague, MN                                                   27                7850          3028           11399611          4.40                  0          0.00        1783.5     76  
63163     New Ulm, MN                                                      27               13367          5912           18501770          7.14                  0          0.00        1871.2     76  
63541     North Branch, MN                                                 27                6447          2483           14308232          5.52              23250          0.01        1167.0     76  
63676     Northfield, MN                                                   27               21535          7438           23884557          9.22              85048          0.03        2335.2     76  
64189     Norwood Young America, MN                                        27                3486          1453            4839486          1.87                  0          0.00        1865.6     76  
66430     Owatonna, MN                                                     27               25394         10657           32999457         12.74             219987          0.08        1993.1     76  
67726     Park Rapids, MN                                                  27                3398          1834            5907834          2.28             304263          0.12        1489.7     76  
68572     Perham, MN                                                       27                2929          1343            4804271          1.85                  0          0.00        1579.0     76  
69481     Pine City, MN                                                    27                3032          1464            4798570          1.85              61457          0.02        1636.5     76  
69526     Pine Island, MN                                                  27                2945          1259            5233639          2.02              62559          0.02        1457.4     76  
69589     Pipestone, MN                                                    27                4098          2008            5161983          1.99                  0          0.00        2056.1     76  
69940     Plainview, MN                                                    27                3329          1350            4153271          1.60                  0          0.00        2076.0     76  
72370     Princeton, MN                                                    27                4942          2137            8389316          3.24              89189          0.03        1525.7     76  
73963     Red Wing, MN                                                     27               14367          6594           18814984          7.26              52662          0.02        1977.7     76  
73990     Redwood Falls, MN                                                27                4958          2313            7006523          2.71             280777          0.11        1832.7     76  
75637     Rochester, MN                                                    27              107677         46090          131004305         50.58             311054          0.12        2128.8     75  
75732     Rockford, MN                                                     27                4618          1819            6867279          2.65              72418          0.03        1741.7     76  
76312     Roseau, MN                                                       27                2763          1330            6502054          2.51                  0          0.00        1100.6     76  
76759     Rush City, MN                                                    27                2883           813            7691028          2.97             176429          0.07         970.9     76  
77284     St. Charles, MN                                                  27                2977          1256            4244779          1.64                  0          0.00        1816.4     76  
77338     St. Cloud, MN                                                    27              110621         45299          130134021         50.25            3168473          1.22        2201.6     75  
77392     St. Francis, MN                                                  27                6212          2354           12602859          4.87            2119789          0.82        1276.6     76  
77581     St. James, MN                                                    27                4585          2029            5214719          2.01                  0          0.00        2277.2     76  
78013     St. Peter, MN                                                    27               11634          3956           11991419          4.63             219884          0.08        2512.8     76  
79687     Sauk Centre, MN                                                  27                4253          1920            8020055          3.10             674007          0.26        1373.5     76  
82441     Sleepy Eye, MN                                                   27                3479          1549            3948913          1.52               7252          0.00        2281.8     76  
84412     Staples, MN                                                      27                2791          1342            3545181          1.37                  0          0.00        2039.0     76  
84952     Stewartville, MN                                                 27                5877          2404            6619802          2.56                 98          0.00        2299.4     76  
87355     Thief River Falls, MN                                            27                8883          4202           15953965          6.16             404855          0.16        1442.1     76  
89272     Two Harbors, MN                                                  27                3588          1738            3540883          1.37                  0          0.00        2624.5     76  
90865     Virginia, MN                                                     27               12883          6864           16007642          6.18             362242          0.14        2084.4     76  
91054     Waconia, MN                                                      27               10748          4131           11371276          4.39             360368          0.14        2448.0     76  
91081     Wadena, MN                                                       27                3927          1933            5813601          2.24               7557          0.00        1749.5     76  
91189     Wahpeton, ND--MN                                                 27     P          3279          1556            5720412          2.21                  0          0.00        1484.6     76  
92215     Waseca, MN                                                       27                9537          3850           10587685          4.09             517848          0.20        2333.0     76  
92647     Watertown, MN                                                    27                4185          1685            4834843          1.87              82609          0.03        2241.9     76  
95698     Willmar, MN                                                      27               20244          8459           29455880         11.37            8668429          3.35        1780.0     76  
96211     Windom, MN                                                       27                4409          2051            6073448          2.34             173085          0.07        1880.2     76  
96562     Winona, MN                                                       27               30712         12526           32345341         12.49            2095794          0.81        2459.2     76  
97345     Worthington, MN                                                  27               12616          4661           13430276          5.19            3151543          1.22        2433.0     76  
98209     Zimmerman, MN                                                    27                8110          3018           24496917          9.46            2493727          0.96         857.4     76  
98236     Zumbrota, MN                                                     27                3161          1401            4819963          1.86                  0          0.00        1698.6     76  
                                                  
                                                  
                                                  
Mississippi                                       
                                                  
UACE      NAME                                                             STATE  PART        POP            HU           AREALAND  AREALANDSQMI          AREAWATER AREAWATERSQMI        POPDEN  LSADC  
00118     Aberdeen, MS                                                     28                4666          2050            7416616          2.86              52732          0.02        1629.4     76  
02143     Amory, MS                                                        28                6566          3028           14384021          5.55              27224          0.01        1182.3     76  
05599     Batesville, MS                                                   28                7309          3027           21341285          8.24                  0          0.00         887.0     76  
06814     Belzoni, MS                                                      28                4702          1771            5960796          2.30                  0          0.00        2043.0     76  
09109     Booneville, MS                                                   28                6050          2565           14569539          5.63              23134          0.01        1075.5     76  
10594     Brookhaven, MS                                                   28               10635          4697           22858490          8.83               8189          0.00        1205.0     76  
13321     Canton, MS                                                       28               15321          5541           27643826         10.67             334064          0.13        1435.4     76  
14239     Carthage, MS                                                     28                4478          1518           10751328          4.15               4487          0.00        1078.7     76  
15427     Charleston, MS                                                   28                2930          1199            4980968          1.92              20062          0.01        1523.5     76  
17263     Clarksdale, MS                                                   28               17783          7254           22014649          8.50              16607          0.01        2092.1     76  
17641     Cleveland, MS                                                    28               15722          6392           21156134          8.17                  0          0.00        1924.7     76  
18910     Columbia, MS                                                     28                7294          3106           16989091          6.56              65446          0.03        1112.0     76  
19180     Columbus, MS                                                     28               31174         13883           65921727         25.45             765029          0.30        1224.8     76  
19315     Columbus AFB, MS                                                 28                3140          1707            9602977          3.71              44916          0.02         846.9     76  
20098     Corinth, MS                                                      28               12469          6095           31030167         11.98                847          0.00        1040.7     76  
21556     Crystal Springs, MS                                              28                5269          2088           10302907          3.98                  0          0.00        1324.5     76  
24040     Diamondhead, MS                                                  28                7855          4069           13880582          5.36             139060          0.05        1465.7     76  
25174     Durant, MS                                                       28                2525          1112            3806316          1.47                  0          0.00        1718.1     76  
30277     Forest, MS                                                       28                4887          1806            9342392          3.61                  0          0.00        1354.8     76  
32059     Fulton, MS                                                       28                3217          1197            8745358          3.38                  0          0.00         952.7     76  
32720     Gautier, MS                                                      28                3957          1631            7940768          3.07              51721          0.02        1290.6     76  
35353     Greenville, MS                                                   28               35025         14821           57877877         22.35             109095          0.04        1567.3     76  
35569     Greenwood, MS                                                    28               22380          9101           36852716         14.23             331365          0.13        1572.9     76  
35623     Grenada, MS                                                      28               10481          4890           23356490          9.02              42194          0.02        1162.2     76  
35920     Gulfport, MS                                                     28              208948         97318          426115307        164.52           31637032         12.22        1270.0     75  
37594     Hattiesburg, MS                                                  28               80358         35693          178703954         69.00            3729011          1.44        1164.6     75  
37918     Hazlehurst, MS                                                   28                4868          1882           10778745          4.16             116967          0.05        1169.7     76  
39457     Hollandale, MS                                                   28                2612          1044            3395032          1.31                  0          0.00        1992.6     76  
39565     Holly Springs, MS                                                28                6160          2086           11308044          4.37                  0          0.00        1410.9     76  
40402     Houston, MS                                                      28                2557          1109            6863431          2.65              35131          0.01         964.9     76  
41266     Indianola, MS                                                    28               10408          3819           12484409          4.82             225273          0.09        2159.2     76  
41941     Itta Bena, MS                                                    28                4223          1299            4248179          1.64                  0          0.00        2574.6     76  
42211     Jackson, MS                                                      28              351478        147542          628040210        242.49           17188083          6.64        1449.5     75  
45721     Kosciusko, MS                                                    28                6983          2991           13849946          5.35               5758          0.00        1305.8     76  
48043     Laurel, MS                                                       28               26131         10589           50399939         19.46              89204          0.03        1342.8     76  
48961     Leland, MS                                                       28                4539          1971            4889389          1.89             106035          0.04        2404.4     76  
51742     Louisville, MS                                                   28                4624          1989           10101459          3.90              63237          0.02        1185.6     76  
51920     Lucedale, MS                                                     28                2636           983            6536413          2.52                  0          0.00        1044.5     76  
52471     McComb, MS                                                       28               16388          7229           33521636         12.94             300560          0.12        1266.2     76  
52849     Macon, MS                                                        28                2998          1210            5495029          2.12                  0          0.00        1413.1     76  
53335     Magee, MS                                                        28                4170          1635            7494063          2.89                  0          0.00        1441.2     76  
54778     Marks, MS                                                        28                3536          1463            6336029          2.45                  0          0.00        1445.4     76  
56116     Memphis, TN--MS--AR                                              28     P        128310         49182          245867944         94.93            2279652          0.88        1351.6     75  
56305     Meridian, MS                                                     28               41531         18839           83651040         32.30             875032          0.34        1285.9     76  
59059     Moorhead, MS                                                     28                2567           747            2807177          1.08                  0          0.00        2368.4     76  
59464     Morton, MS                                                       28                2979          1083            6137085          2.37                  0          0.00        1257.2     76  
61327     Natchez, MS--LA                                                  28     P         20274          9903           42043003         16.23             294584          0.11        1248.9     76  
61651     New Albany, MS                                                   28                6632          2795           15653539          6.04                  0          0.00        1097.3     76  
63136     Newton, MS                                                       28                2810          1228            7544557          2.91              40511          0.02         964.7     76  
66565     Oxford, MS                                                       28               25768         12514           41548693         16.04              12820          0.00        1606.3     76  
67807     Pascagoula, MS                                                   28               50428         22791          102402319         39.54            5634209          2.18        1275.4     75  
69049     Philadelphia, MS                                                 28                7759          3381           17913983          6.92                  0          0.00        1121.8     76  
69211     Picayune, MS                                                     28               16792          7438           44932914         17.35             995960          0.38         967.9     76  
70696     Pontotoc, MS                                                     28                4807          1980           14919530          5.76              37192          0.01         834.5     76  
73554     Raymond, MS                                                      28                3178           693            7252254          2.80             226238          0.09        1135.0     76  
75124     Ripley, MS                                                       28                3592          1583            8361774          3.23              29030          0.01        1112.6     76  
76663     Ruleville, MS                                                    28                2998          1073            3477989          1.34              21825          0.01        2232.5     76  
78472     Saltillo, MS                                                     28                4303          1823           11254011          4.35              73983          0.03         990.3     76  
80659     Senatobia, MS                                                    28                6531          2176           10046227          3.88                  0          0.00        1683.7     76  
84466     Starkville, MS                                                   28               30307         13018           44094444         17.02             259651          0.10        1780.2     76  
88975     Tunica, MS                                                       28                3662          1371            4342656          1.68                  0          0.00        2184.0     76  
89029     Tupelo, MS                                                       28               40995         18132          123119306         47.54             411598          0.16         862.4     76  
90487     Vicksburg, MS--LA                                                28     P         28828         13016           63344335         24.46             620755          0.24        1178.7     76  
92755     Water Valley, MS                                                 28                2622          1196            5802738          2.24                  0          0.00        1170.3     76  
93295     Waynesboro, MS                                                   28                4224          1941           10980710          4.24                  0          0.00         996.3     76  
94402     West Point, MS                                                   28                9173          3934           17262301          6.67             104006          0.04        1376.3     76  
95185     Wiggins, MS                                                      28                3768          1395            9564296          3.69              22035          0.01        1020.4     76  
96589     Winona, MS                                                       28                4388          1951            8358036          3.23                  0          0.00        1359.8     76  
97588     Yazoo City, MS                                                   28               15546          4555           22220276          8.58             165488          0.06        1812.0     76  
                                                  
                                                  
                                                  
Missouri                                          
                                                  
UACE      NAME                                                             STATE  PART        POP            HU           AREALAND  AREALANDSQMI          AREAWATER AREAWATERSQMI        POPDEN  LSADC  
01765     Alton, IL--MO                                                    29     P            79            27             357031          0.14              16777          0.01         573.1     75  
03365     Ashland, MO                                                      29                3527          1466            4712104          1.82                  0          0.00        1938.6     76  
03601     Atchison, KS--MO                                                 29     P            22            13             134890          0.05              24450          0.01         422.4     76  
04276     Aurora, MO                                                       29                8365          3725           15212083          5.87              39865          0.02        1424.2     76  
04411     Ava, MO                                                          29                2857          1424            5412267          2.09               1126          0.00        1367.2     76  
07354     Bethany, MO                                                      29                2652          1332            3968741          1.53               1084          0.00        1730.7     76  
08812     Bolivar, MO                                                      29                9693          4184           13897852          5.37              21795          0.01        1806.4     76  
09190     Boonville, MO                                                    29                9229          3752           14829376          5.73             227872          0.09        1611.9     76  
09406     Bowling Green, MO                                                29                5356          1493            5971079          2.31              19246          0.01        2323.2     76  
09676     Branson, MO                                                      29               22645         14038           74492831         28.76            1240158          0.48         787.3     76  
10567     Brookfield, MO                                                   29                4281          2153            7607999          2.94              17861          0.01        1457.4     76  
11188     Buckner, MO                                                      29                3034          1225            6130525          2.37               7094          0.00        1281.8     76  
11323     Buffalo, MO                                                      29                3031          1481            5509664          2.13               2227          0.00        1424.8     76  
11971     Butler, MO                                                       29                3875          1884            5541871          2.14              16230          0.01        1811.0     76  
12511     California, MO                                                   29                4181          1871            5856850          2.26              32934          0.01        1848.9     76  
13024     Camdenton, MO                                                    29                3632          1646            7577522          2.93                  0          0.00        1241.4     76  
13051     Cameron, MO                                                      29                9782          2850           10486896          4.05              83738          0.03        2415.9     76  
13537     Cape Girardeau, MO--IL                                           29     P         52591         23048           89541290         34.57             134364          0.05        1521.2     75  
14077     Carrollton, MO                                                   29                3296          1659            5620507          2.17                  0          0.00        1518.8     76  
14266     Carthage, MO                                                     29               15496          6223           23502004          9.07                  0          0.00        1707.7     76  
14374     Caruthersville, MO                                               29                5786          2536            7391324          2.85                267          0.00        2027.5     76  
14536     Cassville, MO                                                    29                4084          1759           10725124          4.14              13226          0.01         986.2     76  
15049     Centralia, MO                                                    29                3813          1669            4730658          1.83                  0          0.00        2087.6     76  
15157     Chaffee, MO                                                      29                2973          1342            3380745          1.31               4167          0.00        2277.6     76  
15454     Charleston, MO                                                   29                5893          1854            9491362          3.66              28401          0.01        1608.1     76  
16426     Chillicothe, MO                                                  29                9633          4175           19545794          7.55              25837          0.01        1276.5     76  
17965     Clinton, MO                                                      29                8740          4332           14105179          5.45             185926          0.07        1604.8     76  
18937     Columbia, MO                                                     29              124748         53568          160085068         61.81             672925          0.26        2018.3     75  
21583     Cuba, MO                                                         29                3273          1518            5362565          2.07                  0          0.00        1580.8     76  
23797     De Soto, MO                                                      29                7203          3257           10501930          4.05             332964          0.13        1776.4     76  
24013     Dexter, MO                                                       29                9053          4192           15101939          5.83              31365          0.01        1552.6     76  
25795     East Prairie, MO                                                 29                3770          1675            5251722          2.03                  0          0.00        1859.2     76  
26443     Eldon, MO                                                        29                4555          2229            6893333          2.66                  0          0.00        1711.4     76  
26578     El Dorado Springs, MO                                            29                3454          1852            4952838          1.91               2869          0.00        1806.2     76  
28262     Eureka, MO                                                       29               11260          3696           25454609          9.83                227          0.00        1145.7     76  
28495     Excelsior Springs, MO                                            29               10943          4713           18013111          6.95             136871          0.05        1573.4     76  
29251     Farmington, MO                                                   29               39370         15256           58976847         22.77             176975          0.07        1728.9     76  
29413     Fayette, MO                                                      29                2654          1072            4058634          1.57              13515          0.01        1693.6     76  
29494     Fayetteville--Springdale--Rogers, AR--MO                         29     P             2             1             647850          0.25               8688          0.00           8.0     75  
30520     Forsyth, MO                                                      29                6836          3461           14830773          5.73              21828          0.01        1193.8     76  
30748     Fort Leonard Wood, MO                                            29               29257          8091           67162938         25.93             127884          0.05        1128.2     76  
31627     Fredericktown, MO                                                29                4217          2038            6048896          2.34               8668          0.00        1805.6     76  
32086     Fulton, MO                                                       29               12197          4336           17033480          6.58             141366          0.05        1854.6     76  
32302     Galena, KS--MO                                                   29     P            30            14              79485          0.03                  0          0.00         977.5     76  
36730     Hannibal, MO                                                     29               18472          8267           27341089         10.56              45318          0.02        1749.8     76  
37189     Harrisonville, MO                                                29                9358          3840           14418989          5.57              80097          0.03        1680.9     76  
37810     Hayti, MO                                                        29                3489          1583            4223472          1.63                  0          0.00        2139.6     76  
38728     Higginsville, MO                                                 29                4621          2177            4961256          1.92              13009          0.01        2412.4     76  
38903     Hillsboro, MO                                                    29                2674           925            5672308          2.19                  0          0.00        1221.0     76  
41725     Ironton, MO                                                      29                2673          1382            5599796          2.16              40881          0.02        1236.3     76  
42967     Jefferson City, MO                                               29               58533         25396          103570734         39.99             725727          0.28        1463.7     75  
43399     Joplin, MO                                                       29               82775         36800          166833924         64.41             534208          0.21        1285.0     75  
43912     Kansas City, MO--KS                                              29     P        855909        392680         1034972202        399.61           11044537          4.26        2141.9     75  
44155     Kearney, MO                                                      29                7368          2787            9188353          3.55                  0          0.00        2076.9     76  
44452     Kennett, MO                                                      29               11241          4989           15278238          5.90                699          0.00        1905.6     76  
45032     Kimberling City, MO                                              29                3172          2054           11668982          4.51            2518877          0.97         704.0     76  
45424     Kirksville, MO                                                   29               15914          6717           16945969          6.54              43747          0.02        2432.3     76  
47314     Lamar, MO                                                        29                4470          2077            7192552          2.78               4179          0.00        1609.6     76  
48556     Lebanon, MO                                                      29               14046          6517           31719811         12.25             191205          0.07        1146.9     76  
48826     Lee's Summit, MO                                                 29               85081         34528          107021965         41.32            4217467          1.63        2059.0     75  
49447     Lexington, MO                                                    29                4507          2019            6429992          2.48              26586          0.01        1815.4     76  
51661     Louisiana, MO                                                    29                3091          1625            4518641          1.74                  0          0.00        1771.7     76  
52876     Macon, MO                                                        29                5014          2473            7767208          3.00               1152          0.00        1671.9     76  
53497     Malden, MO                                                       29                4590          2148            8087348          3.12                  0          0.00        1470.0     76  
55009     Marshall, MO                                                     29               12665          5144           16073123          6.21             121174          0.05        2040.8     76  
55117     Marshfield, MO                                                   29                6701          2933           11050889          4.27               7811          0.00        1570.5     76  
55360     Maryville, MO                                                    29               13220          4891           14019054          5.41              81971          0.03        2442.4     76  
56548     Mexico, MO                                                       29               11356          5151           15139911          5.85              51280          0.02        1942.7     76  
57898     Moberly, MO                                                      29               13933          5688           22173773          8.56               2621          0.00        1627.4     76  
58195     Monett, MO                                                       29                8470          3650           12346546          4.77              18470          0.01        1776.8     76  
58675     Montgomery City, MO                                              29                2629          1215            4506161          1.74              16559          0.01        1511.1     76  
59653     Mountain Grove, MO                                               29                4603          2213            7074093          2.73              37400          0.01        1685.3     76  
60436     Mount Vernon, MO                                                 29                4559          2000            7552988          2.92                  0          0.00        1563.3     76  
61543     Neosho, MO                                                       29               11955          5017           21272929          8.21              28678          0.01        1455.5     76  
61624     Nevada, MO                                                       29                8832          4167           14424852          5.57              86573          0.03        1585.8     76  
62542     New Madrid, MO                                                   29                3214          1505            4838853          1.87               4318          0.00        1720.3     76  
64837     Odessa, MO                                                       29                5199          2243            5911316          2.28              70924          0.03        2277.9     76  
66060     Osage Beach, MO                                                  29                3706          3983           12899280          4.98            1443162          0.56         744.1     76  
66511     Owensville, MO                                                   29                2912          1372            4940884          1.91               6542          0.00        1526.5     76  
66740     Pacific, MO                                                      29               10327          4392           25679136          9.91                  0          0.00        1041.6     76  
67213     Palmyra, MO                                                      29                3577          1550            4860822          1.88                  0          0.00        1905.9     76  
68779     Perryville, MO                                                   29                8419          3652           16873094          6.51                  0          0.00        1292.3     76  
70102     Platte City, MO                                                  29                8958          3722           15228705          5.88             125034          0.05        1523.5     76  
70210     Pleasant Hill, MO                                                29                8049          3149           11803416          4.56             211121          0.08        1766.2     76  
70804     Poplar Bluff, MO                                                 29               20463          9570           40669174         15.70              99925          0.04        1303.2     76  
70885     Portageville, MO                                                 29                3151          1372            3985455          1.54                  0          0.00        2047.7     76  
71695     Potosi, MO                                                       29                4919          1817            7133113          2.75                  0          0.00        1786.1     76  
74719     Richmond, MO                                                     29                5307          2532            8957151          3.46              32998          0.01        1534.5     76  
76059     Rogersville, MO                                                  29                2878          1148            3349945          1.29                  0          0.00        2225.1     76  
76123     Rolla, MO                                                        29               20160          8619           27052062         10.44              39234          0.02        1930.1     76  
77311     St. Clair, MO                                                    29                5971          2653            9780070          3.78              80067          0.03        1581.3     76  
77365     Ste. Genevieve, MO                                               29                4329          1952            6363616          2.46                  0          0.00        1761.9     76  
77608     St. James, MO                                                    29                4123          1727            6294063          2.43              12145          0.00        1696.6     76  
77743     St. Joseph, MO--KS                                               29     P         78808         33995           99988586         38.61             316232          0.12        2041.4     75  
77770     St. Louis, MO--IL                                                29     P       1777811        795134         1768233528        682.72           15290582          5.90        2604.0     75  
78148     Salem, MO                                                        29                4921          2385            8997436          3.47                  0          0.00        1416.6     76  
79795     Savannah, MO                                                     29                5138          2223            7680450          2.97              13919          0.01        1732.6     76  
80038     Scott City, MO                                                   29                5216          2271           10908127          4.21               2368          0.00        1238.5     76  
80443     Sedalia, MO                                                      29               26178         11780           48750299         18.82             272885          0.11        1390.8     76  
81928     Sikeston, MO                                                     29               16536          7351           21260354          8.21              27301          0.01        2014.5     76  
82641     Smithville North, MO                                             29                2751           978            4064226          1.57                  0          0.00        1753.1     76  
83953     Springfield, MO                                                  29              273724        124529          368568325        142.31            1621632          0.63        1923.5     75  
85465     Sullivan, MO                                                     29                9114          4041           18300680          7.07                  0          0.00        1289.9     76  
87247     Thayer, MO--AR                                                   29     P          2118          1061            3896467          1.50                  0          0.00        1407.8     76  
87733     Tipton, MO                                                       29                3201           966            3292139          1.27              28591          0.01        2518.3     76  
88435     Trenton, MO                                                      29                5596          2784            9155138          3.53             622257          0.24        1583.1     76  
88570     Troy, MO                                                         29               13231          5192           22503048          8.69             138659          0.05        1522.8     76  
89461     Union, MO                                                        29                8658          3616           13555885          5.23                  0          0.00        1654.2     76  
90163     Vandalia, MO                                                     29                3656          1166            3171713          1.22               1542          0.00        2985.5     76  
90631     Village of Four Seasons, MO                                      29                4451          6360           21838549          8.43            2997704          1.16         527.9     76  
91864     Warrensburg, MO                                                  29               20677          8207           30029155         11.59             236679          0.09        1783.4     76  
91918     Warrenton, MO                                                    29                9079          3801           15996873          6.18             222075          0.09        1469.9     76  
92012     Warsaw, MO                                                       29                2565          1430            6664565          2.57             437703          0.17         996.8     76  
92350     Washington, MO                                                   29               14316          6453           17950416          6.93              98252          0.04        2065.6     76  
94375     West Plains, MO                                                  29               11242          5173           20936153          8.08               3385          0.00        1390.7     76  
94870     Whiteman AFB, MO                                                 29                5387          2188           15900658          6.14              13227          0.01         877.5     76  
95310     Willard, MO                                                      29                5531          2127           17883641          6.90                  0          0.00         801.0     76  
96265     Windsor, MO                                                      29                2577          1234            3388005          1.31               4538          0.00        1970.0     76  
97352     Wright City, MO                                                  29                2938          1210            5735557          2.21              56319          0.02        1326.7     76  
                                                  
                                                  
                                                  
Montana                                           
                                                  
UACE      NAME                                                             STATE  PART        POP            HU           AREALAND  AREALANDSQMI          AREAWATER AREAWATERSQMI        POPDEN  LSADC  
02197     Anaconda-Deer Lodge County, MT                                   30                6170          3411            6225272          2.40                  0          0.00        2567.0     76  
06382     Belgrade, MT                                                     30               13797          5565           27003461         10.43             116430          0.04        1323.3     76  
07705     Billings, MT                                                     30              114773         50475          137178563         52.96             486418          0.19        2167.0     75  
09514     Bozeman, MT                                                      30               43164         19927           50435005         19.47             123354          0.05        2216.6     76  
10864     Browning, MT                                                     30                4624          1460            4858013          1.88              72933          0.03        2465.2     76  
12052     Butte-Silver Bow, MT                                             30               30287         14923           42720517         16.49                  0          0.00        1836.2     76  
19045     Columbia Falls, MT                                               30                6029          2551           11777970          4.55               2697          0.00        1325.8     76  
19720     Conrad, MT                                                       30                2578          1271            3235943          1.25                  0          0.00        2063.4     76  
21799     Cut Bank, MT                                                     30                2878          1443            2654206          1.02                  0          0.00        2808.4     76  
22825     Deer Lodge, MT                                                   30                3217          1593            3807797          1.47                  0          0.00        2188.1     76  
24175     Dillon, MT                                                       30                4609          2147            5852368          2.26                  0          0.00        2039.7     76  
31158     Four Corners, MT                                                 30                2527          1046            7945637          3.07             111001          0.04         823.7     76  
33463     Glasgow, MT                                                      30                3301          1688           10583018          4.09                  0          0.00         807.9     76  
33517     Glendive, MT                                                     30                6494          2943           11495678          4.44              55798          0.02        1463.1     76  
34759     Great Falls, MT                                                  30               65207         29435           80586072         31.11            1753393          0.68        2095.7     75  
36406     Hamilton, MT                                                     30                6182          3352           10896499          4.21               9471          0.00        1469.4     76  
36811     Hardin, MT                                                       30                3614          1440            3393141          1.31                  0          0.00        2758.6     76  
37702     Havre, MT                                                        30                9657          4452           10962711          4.23                  0          0.00        2281.5     76  
38161     Helena, MT                                                       30               45055         20245           73049577         28.20             284739          0.11        1597.4     76  
43777     Kalispell, MT                                                    30               31785         14293           45148641         17.43             500632          0.19        1823.4     76  
48070     Laurel, MT                                                       30                8505          3624           16949253          6.54                  0          0.00        1299.6     76  
49366     Lewistown, MT                                                    30                6090          3110            5696373          2.20                  0          0.00        2769.0     76  
49609     Libby, MT                                                        30                3978          2061            7485323          2.89              88551          0.03        1376.4     76  
50608     Livingston, MT                                                   30                8172          4316           10510222          4.06              54709          0.02        2013.8     76  
51026     Lolo, MT                                                         30                2739          1095            4288620          1.66             154132          0.06        1654.1     76  
57169     Miles City, MT                                                   30                9604          4542           18180704          7.02              85244          0.03        1368.2     76  
57736     Missoula, MT                                                     30               82157         37070          117074956         45.20             620714          0.24        1817.5     75  
70588     Polson, MT                                                       30                4763          2542            7341691          2.83             394524          0.15        1680.3     76  
70777     Poplar, MT                                                       30                2743           857            3475636          1.34                  0          0.00        2044.0     76  
81172     Shelby, MT                                                       30                3037          1234            3754589          1.45                  0          0.00        2095.0     76  
81793     Sidney, MT                                                       30                5438          2554           10266341          3.96                  0          0.00        1371.9     76  
94753     Whitefish, MT                                                    30                6300          3947           11676498          4.51             408548          0.16        1397.4     76  
96859     Wolf Point, MT                                                   30                3540          1346            3191976          1.23                  0          0.00        2872.4     76  
                                                  
                                                  
                                                  
Nebraska                                          
                                                  
UACE      NAME                                                             STATE  PART        POP            HU           AREALAND  AREALANDSQMI          AREAWATER AREAWATERSQMI        POPDEN  LSADC  
01522     Alliance, NE                                                     31                8486          4073           12053033          4.65              31691          0.01        1823.5     76  
03375     Ashland, NE                                                      31                2631          1128            3232692          1.25              66446          0.03        2107.9     76  
04087     Auburn, NE                                                       31                3474          1742            5204592          2.01                  0          0.00        1728.8     76  
04303     Aurora, NE                                                       31                4466          1933            5464063          2.11              14528          0.01        2116.9     76  
06004     Beatrice, NE                                                     31               12405          5943           17392086          6.72             170156          0.07        1847.3     76  
08137     Blair, NE                                                        31                7844          3312           10392987          4.01                  0          0.00        1954.8     76  
10513     Broken Bow, NE                                                   31                3537          1723            4930124          1.90                  0          0.00        1858.1     76  
14968     Central City, NE                                                 31                2821          1337            4366314          1.69                  0          0.00        1673.3     76  
15130     Chadron, NE                                                      31                5515          2380            4941384          1.91                  0          0.00        2890.6     76  
19207     Columbus, NE                                                     31               22106          9306           20788738          8.03             453676          0.18        2754.1     76  
20800     Cozad, NE                                                        31                3863          1827            4718359          1.82                  0          0.00        2120.5     76  
21097     Crete, NE                                                        31                6948          2383            6527069          2.52              36116          0.01        2757.0     76  
22393     David City, NE                                                   31                2879          1265            3371017          1.30               4954          0.00        2212.0     76  
28603     Fairbury, NE                                                     31                3912          2133            5206041          2.01                  0          0.00        1946.2     76  
29062     Falls City, NE                                                   31                4133          2127            4786180          1.85                  0          0.00        2236.5     76  
31762     Fremont, NE                                                      31               27471         11897           28232107         10.90            1088899          0.42        2520.2     76  
34003     Gothenburg, NE                                                   31                3515          1632            4787026          1.85             117691          0.05        1901.8     76  
34246     Grand Island, NE                                                 31               50440         20091           72855426         28.13             515261          0.20        1793.1     75  
37567     Hastings, NE                                                     31               24312         10583           22482030          8.68             410826          0.16        2800.8     76  
39403     Holdrege, NE                                                     31                5340          2529            5983356          2.31              36417          0.01        2311.5     76  
44182     Kearney, NE                                                      31               31287         12868           34528605         13.33             191063          0.07        2346.8     76  
49474     Lexington, NE                                                    31               10464          3498            9860803          3.81              29823          0.01        2748.4     76  
49933     Lincoln, NE                                                      31              258719        110643          229135352         88.47            2948709          1.14        2924.4     75  
52525     McCook, NE                                                       31                7563          3653           12021742          4.64                  0          0.00        1629.4     76  
57520     Minden, NE                                                       31                2891          1326            3660603          1.41                  0          0.00        2045.5     76  
61408     Nebraska City, NE                                                31                7066          3178            8823752          3.41                  0          0.00        2074.0     76  
63406     Norfolk, NE                                                      31               26769         11576           31907190         12.32             354794          0.14        2172.9     76  
63811     North Platte, NE                                                 31               25213         11636           30878896         11.92              65294          0.03        2114.8     76  
64918     Ogallala, NE                                                     31                4424          2223            5516158          2.13                  0          0.00        2077.2     76  
65269     Omaha, NE--IA                                                    31     P        656462        273148          615074722        237.48            8059641          3.11        2764.3     75  
65458     O'Neill, NE                                                      31                3682          1774            5402708          2.09                  0          0.00        1765.1     76  
70183     Plattsmouth, NE                                                  31                6596          2905            7014873          2.71              16249          0.01        2435.3     76  
79957     Schuyler, NE                                                     31                6255          1976            6571966          2.54             149287          0.06        2465.1     76  
80065     Scottsbluff, NE                                                  31               25946         11321           34062528         13.15             222702          0.09        1972.8     76  
80767     Seward, NE                                                       31                6636          2677            6903012          2.67               2273          0.00        2489.8     76  
81820     Sidney, NE                                                       31                6373          3004            8307330          3.21                  0          0.00        1986.9     76  
82225     Sioux City, IA--NE--SD                                           31     P         16576          5813           27756150         10.72             554455          0.21        1546.7     75  
90001     Valentine, NE                                                    31                2713          1420            4773283          1.84              79979          0.03        1472.1     76  
91162     Wahoo, NE                                                        31                4450          1933            5923613          2.29                  0          0.00        1945.7     76  
93092     Waverly, NE                                                      31                3133          1104            3153269          1.22                  0          0.00        2573.3     76  
93241     Wayne, NE                                                        31                5557          2036            4657184          1.80                  0          0.00        3090.4     76  
94429     West Point, NE                                                   31                3180          1504            3927273          1.52                  0          0.00        2097.2     76  
97723     York, NE                                                         31                7633          3583            9526750          3.68              13991          0.01        2075.1     76  
                                                  
                                                  
                                                  
Nevada                                            
                                                  
UACE      NAME                                                             STATE  PART        POP            HU           AREALAND  AREALANDSQMI          AREAWATER AREAWATERSQMI        POPDEN  LSADC  
05761     Battle Mountain, NV                                              32                3520          1466            5040047          1.95                  0          0.00        1808.9     76  
09325     Boulder City, NV                                                 32               13866          6981           15711236          6.07                  0          0.00        2285.8     76  
11431     Bullhead City, AZ--NV                                            32     P           180           146            1594861          0.62                  0          0.00         292.3     76  
14158     Carson City, NV                                                  32               58079         24622           59794073         23.09             156254          0.06        2515.7     75  
22501     Dayton, NV                                                       32               11127          4569           16203131          6.26               3839          0.00        1778.6     76  
26902     Elko, NV                                                         32               18948          7420           26573035         10.26                  0          0.00        1846.8     76  
27361     Ely, NV                                                          32                4681          2331            6594766          2.55                  0          0.00        1838.4     76  
29035     Fallon, NV                                                       32               16241          7098           36707722         14.17              18327          0.01        1145.9     76  
29656     Fernley, NV                                                      32               18979          7829           26757345         10.33                  0          0.00        1837.1     76  
32572     Gardnerville Ranchos, NV                                         32               20107          8897           31751841         12.26              49379          0.02        1640.1     76  
37756     Hawthorne, NV                                                    32                3249          1863            3107940          1.20                  0          0.00        2707.5     76  
41100     Incline Village, NV--CA                                          32     P          7953          7071           19202754          7.41               4142          0.00        1072.7     76  
43227     Johnson Lane, NV                                                 32                5337          2164           10778052          4.16                  0          0.00        1282.5     76  
47995     Las Vegas--Henderson, NV                                         32             1886011        806755         1079621093        416.84             245987          0.09        4524.5     75  
48016     Laughlin, NV                                                     32                5949          3949            3664591          1.41                  0          0.00        4204.5     76  
56413     Mesquite, NV--AZ                                                 32     P         13871          7810           18467563          7.13                  0          0.00        1945.3     76  
57871     Moapa Valley, NV                                                 32                5907          2382           19077940          7.37                  0          0.00         801.9     76  
66943     Pahrump, NV                                                      32               28446         13834          114329995         44.14              45937          0.02         644.4     76  
74179     Reno, NV--CA                                                     32     P        392132        168321          425730812        164.38            1567778          0.61        2385.6     75  
83305     South Lake Tahoe, CA--NV                                         32     P          1998          1281            4308520          1.66              29705          0.01        1201.1     76  
83851     Spring Creek North, NV                                           32                3286          1205            8547455          3.30               2334          0.00         995.7     76  
83859     Spring Creek South, NV                                           32                3862          1295           14567431          5.62             137195          0.05         686.6     76  
92445     Washoe Valley, NV                                                32                2645          1160            7927149          3.06                  0          0.00         864.2     76  
94591     West Wendover, NV--UT                                            32     P          4244          1439            3981785          1.54                  0          0.00        2760.5     76  
96373     Winnemucca, NV                                                   32               10268          4225           23620722          9.12                  0          0.00        1125.9     76  
97669     Yerington, NV                                                    32                2911          1437            3913600          1.51                  0          0.00        1926.5     76  
                                                  
                                                  
                                                  
New Hampshire                                     
                                                  
UACE      NAME                                                             STATE  PART        POP            HU           AREALAND  AREALANDSQMI          AREAWATER AREAWATERSQMI        POPDEN  LSADC  
06679     Bellows Falls, VT--NH                                            33     P          1549           770            3886705          1.50             371108          0.14        1032.2     76  
07192     Berlin, NH                                                       33               11159          5570           14137564          5.46             519206          0.20        2044.3     76  
09271     Boston, MA--NH--RI                                               33     P         93038         38750          317417741        122.56           11527158          4.45         759.1     75  
09703     Brattleboro, VT--NH                                              33     P             9             8              32434          0.01             248978          0.10         718.7     76  
15562     Charlestown, NH                                                  33                2815          1251            6482496          2.50                  0          0.00        1124.7     76  
17101     Claremont, NH                                                    33                9598          4659           13588842          5.25              38460          0.01        1829.3     76  
19531     Concord, NH                                                      33               42611         18930           88355264         34.11            4734971          1.83        1249.1     76  
24607     Dover--Rochester, NH--ME                                         33     P         80262         33138          152634102         58.93            4765559          1.84        1361.9     75  
27750     Epping, NH                                                       33                3490          1291           11646710          4.50                  0          0.00         776.1     76  
29265     Farmington, NH                                                   33                2957          1268            3614292          1.40                  0          0.00        2119.0     76  
31330     Franklin, NH                                                     33                9582          4292           16536217          6.38             282020          0.11        1500.8     76  
38971     Hillsborough, NH                                                 33                3884          1801            8026475          3.10             176860          0.07        1253.3     76  
42454     Jaffrey, NH                                                      33                3003          1447            6244543          2.41             131300          0.05        1245.5     76  
44209     Keene, NH                                                        33               22510          9528           27904563         10.77             422382          0.16        2089.3     76  
45856     Laconia, NH                                                      33               18636         10112           33706765         13.01            2795660          1.08        1432.0     76  
48728     Lebanon--Hanover, NH--VT                                         33     P         19403          7919           39363985         15.20             776940          0.30        1276.6     76  
50446     Littleton, NH                                                    33                3518          1840            6588260          2.54             225854          0.09        1383.0     76  
53740     Manchester, NH                                                   33              158377         67731          223121681         86.15            4185345          1.62        1838.4     75  
61165     Nashua, NH--MA                                                   33     P        219082         88990          454186281        175.36            9203340          3.55        1249.3     75  
62785     Newport, NH                                                      33                3142          1501            8849334          3.42                  0          0.00         919.6     76  
63579     North Conway, NH                                                 33                4685          3183           20228738          7.81             149305          0.06         599.8     76  
68900     Peterborough, NH                                                 33                3165          1570            8647842          3.34              60548          0.02         947.9     76  
70318     Plymouth, NH                                                     33                4959          1147            5969443          2.30             185251          0.07        2151.6     76  
71506     Portsmouth, NH--ME                                               33     P         72409         37212          196782423         75.98            9088880          3.51         953.0     75  
96292     Windsor, VT--NH                                                  33     P            29            12             101422          0.04              88908          0.03         740.6     76  
                                                  
                                                  
                                                  
New Jersey                                        
                                                  
UACE      NAME                                                             STATE  PART        POP            HU           AREALAND  AREALANDSQMI          AREAWATER AREAWATERSQMI        POPDEN  LSADC  
01495     Allentown, PA--NJ                                                34     P         32443         13559           36613625         14.14             295058          0.11        2295.0     75  
03898     Atlantic City, NJ                                                34              248402        147060          324104023        125.14           11556708          4.46        1985.0     75  
06787     Belvidere, NJ--PA                                                34     P          3819          1834            5772024          2.23              46328          0.02        1713.6     76  
10189     Bridgeton, NJ                                                    34               35022         10631           46061994         17.78            1200293          0.46        1969.2     76  
10891     Browns Mills--Fort Dix, NJ                                       34               37985         12833           74352201         28.71            1510178          0.58        1323.2     76  
25849     East Stroudsburg, PA--NJ                                         34     P           249            99            1219212          0.47                888          0.00         529.0     75  
31450     Franklin--Highland Lake, NJ                                      34               35436         15949           84384845         32.58            3289474          1.27        1087.6     76  
36541     Hammonton, NJ                                                    34               13152          5095           23129579          8.93             330521          0.13        1472.7     76  
36823     Hardyston Township West, NJ                                      34                2550          1131            4734943          1.83              17887          0.01        1394.8     76  
42978     Jefferson Township North, NJ                                     34               13714          5233           31404255         12.13            1460681          0.56        1131.0     76  
48124     Laurel Lake, NJ                                                  34                3796          1543            4903228          1.89             558106          0.22        2005.1     76  
57206     Milford, NJ--PA                                                  34     P          2388          1090            5052738          1.95             503114          0.19        1224.1     76  
60930     Mystic Island, NJ                                                34               22217         11663           32872384         12.69            1673894          0.65        1750.5     76  
63137     Newton, NJ                                                       34               11941          5243           22308990          8.61             706534          0.27        1386.3     76  
63217     New York--Newark, NY--NJ--CT                                     34     P       6159466       2440631         4887293199       1886.99          232514384         89.77        3264.2     75  
69076     Philadelphia, PA--NJ--DE--MD                                     34     P       1150865        455969         1297829427        501.09           43938717         16.96        2296.7     75  
71803     Poughkeepsie--Newburgh, NY--NJ                                   34     P         11228          4645           18283522          7.06            4184106          1.62        1590.5     75  
72120     Presidential Lakes Estates, NJ                                   34                3015           902            3062410          1.18             147977          0.06        2549.9     76  
78175     Salem, NJ                                                        34                5724          2946            7206473          2.78              61035          0.02        2057.2     76  
88462     Trenton, NJ                                                      34              296668        116721          273396466        105.56            3494611          1.35        2810.4     75  
89263     Twin Rivers--Hightstown, NJ                                      34               64037         24317           91266061         35.24             826382          0.32        1817.3     75  
89719     Upper Greenwood Lake, NJ                                         34                3879          1672            4266263          1.65            1624517          0.63        2354.9     76  
90658     Villas, NJ                                                       34               51291         47272           87740842         33.88            1255087          0.48        1514.0     75  
90730     Vineland, NJ                                                     34               95259         36673          160320435         61.90             923304          0.36        1538.9     75  
92377     Washington, NJ                                                   34               15385          6501           28219316         10.90              65476          0.03        1412.0     76  
97183     Woodstown, NJ                                                    34                4195          1894            5826291          2.25             112797          0.04        1864.8     76  
                                                  
                                                  
                                                  
New Mexico                                        
                                                  
UACE      NAME                                                             STATE  PART        POP            HU           AREALAND  AREALANDSQMI          AREAWATER AREAWATERSQMI        POPDEN  LSADC  
00820     Alamogordo, NM                                                   35               31862         14793           42885251         16.56              54253          0.02        1924.3     76  
01171     Albuquerque, NM                                                  35              741318        314851          648969769        250.57            8921074          3.44        2958.5     75  
03223     Artesia, NM                                                      35               12764          5269           16912665          6.53              16979          0.01        1954.7     76  
04587     Aztec, NM                                                        35                8456          3553           16352960          6.31             302609          0.12        1339.3     76  
05842     Bayard, NM                                                       35                4309          2022            6982354          2.70              33126          0.01        1598.4     76  
08353     Bloomfield, NM                                                   35                9892          3710           19538175          7.54             102374          0.04        1311.3     76  
13807     Carlsbad, NM                                                     35               29839         12727           56779556         21.92             707259          0.27        1361.1     76  
15292     Chaparral, NM                                                    35               12328          3854           27753403         10.72                  0          0.00        1150.5     76  
18208     Clovis, NM                                                       35               41570         17193           58459442         22.57             239684          0.09        1841.7     76  
23338     Deming, NM                                                       35               14903          6224           21486485          8.30                  0          0.00        1796.4     76  
26200     Edgewood, NM                                                     35                3506          1465           13975528          5.40                  0          0.00         649.7     76  
26551     Eldorado at Santa Fe, NM                                         35                4372          2190           18915069          7.30                  0          0.00         598.6     76  
27253     El Paso, TX--NM                                                  35     P         30712          9176           44067757         17.01             732993          0.28        1805.0     75  
27874     Espanola, NM                                                     35               26418         11368           74075863         28.60             634240          0.24         923.7     76  
28171     Eunice, NM                                                       35                2826          1222            2964060          1.14                  0          0.00        2469.4     76  
29278     Farmington, NM                                                   35               53049         20250           90362046         34.89             588609          0.23        1520.5     75  
30655     Fort Defiance, AZ--NM                                            35     P           421           104            1197416          0.46                  0          0.00         910.6     76  
32437     Gallup, NM                                                       35               23114          8503           31465051         12.15                  0          0.00        1902.6     76  
34489     Grants, NM                                                       35               12152          4528           21045638          8.13                  0          0.00        1495.5     76  
39214     Hobbs, NM                                                        35               36696         14254           52936632         20.44             114236          0.04        1795.4     76  
39524     Holloman AFB, NM                                                 35                3054          1006            4000648          1.54                  0          0.00        1977.1     76  
45436     Kirtland, NM                                                     35                8200          2733           25788348          9.96             104072          0.04         823.5     76  
47935     Las Cruces, NM                                                   35              128600         54045          167576559         64.70             157977          0.06        1987.6     75  
47989     Las Vegas, NM                                                    35               15609          7270           25056976          9.67                  0          0.00        1613.4     76  
51418     Los Alamos, NM                                                   35               10893          5365           20973642          8.10               8574          0.00        1345.2     76  
51499     Los Lunas, NM                                                    35               63758         24932          179384708         69.26            1517272          0.59         920.5     75  
51769     Lovington, NM                                                    35               11592          4172           18208768          7.03              63302          0.02        1648.8     76  
70534     Pojoaque, NM                                                     35                4733          2181           16575799          6.40                  0          0.00         739.5     76  
70912     Portales, NM                                                     35               12610          5093           14169044          5.47                957          0.00        2305.0     76  
73450     Raton, NM                                                        35                6551          3357            9748229          3.76                  0          0.00        1740.5     76  
76447     Roswell, NM                                                      35               49727         20288           69928237         27.00             149405          0.06        1841.8     76  
76636     Ruidoso, NM                                                      35                9596          8229           22406296          8.65                  0          0.00        1109.2     76  
79363     Santa Fe, NM                                                     35               89284         44652          137492829         53.09             433534          0.17        1681.9     75  
79525     Santa Rosa, NM                                                   35                2621          1042            5589149          2.16              16622          0.01        1214.6     76  
79552     Santo Domingo Pueblo, NM                                         35                2567           509            2640417          1.02                  0          0.00        2518.0     76  
81685     Shiprock, NM                                                     35                6669          2173           11061250          4.27               2030          0.00        1561.5     76  
82036     Silver City, NM                                                  35               12705          6003           26343401         10.17              49367          0.02        1249.1     76  
82738     Socorro, NM                                                      35                8991          4072           15974359          6.17              25853          0.01        1457.7     76  
86653     Taos, NM                                                         35               13686          7428           41525604         16.03                  0          0.00         853.6     76  
88678     Truth or Consequences, NM                                        35                7918          5643           19457463          7.51                  0          0.00        1054.0     76  
88813     Tucumcari, NM                                                    35                5283          2932            7742040          2.99                  0          0.00        1767.4     76  
88867     Tularosa, NM                                                     35                2735          1351            4901438          1.89               3200          0.00        1445.2     76  
89893     Vado, NM                                                         35                4497          1315           10330009          3.99                  0          0.00        1127.5     76  
94915     White Rock, NM                                                   35                5039          2084            4907540          1.89               1253          0.00        2659.4     76  
96223     Window Rock, AZ--NM                                              35     P           192            76             397282          0.15                  0          0.00        1251.7     76  
98263     Zuni Pueblo, NM                                                  35                6744          1812           11876813          4.59                  0          0.00        1470.7     76  
                                                  
                                                  
                                                  
New York                                          
                                                  
UACE      NAME                                                             STATE  PART        POP            HU           AREALAND  AREALANDSQMI          AREAWATER AREAWATERSQMI        POPDEN  LSADC  
00450     Adams, NY                                                        36                2542          1100            5107296          1.97              13914          0.01        1289.1     76  
00739     Akron, NY                                                        36                2982          1426            6779971          2.62                  0          0.00        1139.1     76  
00970     Albany--Schenectady, NY                                          36              594962        266370          765942841        295.73           16280778          6.29        2011.8     75  
01117     Albion, NY                                                       36                8171          2780            7638287          2.95                  0          0.00        2770.6     76  
01333     Alfred, NY                                                       36                4322           659            3117021          1.20                  0          0.00        3591.2     76  
02170     Amsterdam, NY                                                    36               22262         10805           26866445         10.37             783721          0.30        2146.1     76  
02845     Arcade, NY                                                       36                3048          1470            6114482          2.36                  0          0.00        1291.1     76  
04006     Attica, NY                                                       36                6828          1368            5826821          2.25                  0          0.00        3035.0     76  
04114     Auburn, NY                                                       36               32274         14870           33421592         12.90             237157          0.09        2501.1     76  
04519     Avon, NY                                                         36                4973          2274           10094768          3.90                  0          0.00        1275.9     76  
05491     Batavia, NY                                                      36               17834          7955           20722255          8.00             211667          0.08        2229.0     76  
05653     Bath, NY                                                         36                7124          3428           11082157          4.28             255499          0.10        1664.9     76  
06186     Bedford, NY                                                      36                2679           930           10156681          3.92             143136          0.06         683.2     76  
07732     Binghamton, NY--PA                                               36     P        155662         70620          188777680         72.89            8974461          3.47        2135.6     75  
09541     Bradford, PA--NY                                                 36     P            10             6              90465          0.03                  0          0.00         286.3     76  
10162     Bridgeport--Stamford, CT--NY                                     36     P         45681         15565           34405208         13.28             593382          0.23        3438.8     75  
10418     Brockport, NY                                                    36               20255          7643           30728380         11.86             227551          0.09        1707.2     76  
11350     Buffalo, NY                                                      36              935906        436020          984015238        379.93           14396370          5.56        2463.4     75  
13348     Canton, NY                                                       36                6489          1828            8434979          3.26             234290          0.09        1992.5     76  
14644     Catskill, NY                                                     36                6453          3179           10382232          4.01             114656          0.04        1609.8     76  
14671     Cazenovia, NY                                                    36                3114          1188            4086699          1.58                  0          0.00        1973.5     76  
16171     Chester, NY                                                      36                5691          2233            9360425          3.61               3420          0.00        1574.7     76  
16642     Chittenango, NY                                                  36                5083          2084            5491629          2.12               4283          0.00        2397.3     76  
16858     Churchville, NY                                                  36                3134          1315            4939886          1.91              11933          0.00        1643.2     76  
17870     Clifton Springs, NY                                              36                6444          2800           11215930          4.33                  0          0.00        1488.1     76  
18343     Cobleskill, NY                                                   36                5618          2248            8170567          3.15               9387          0.00        1780.8     76  
18613     Cold Spring, NY                                                  36                3276          1507            7189686          2.78             113987          0.04        1180.1     76  
19597     Conesus Lake, NY                                                 36                4858          2911           10304783          3.98            6314105          2.44        1221.0     76  
20125     Corinth, NY                                                      36                3995          1939            7229085          2.79             336542          0.13        1431.3     76  
20233     Corning, NY                                                      36               20477          9629           26191923         10.11             284595          0.11        2024.9     76  
20395     Cortland, NY                                                     36               27493         11001           27633286         10.67             121157          0.05        2576.8     76  
20773     Coxsackie, NY                                                    36                6341          1819           10315180          3.98                  0          0.00        1592.1     76  
22096     Danbury, CT--NY                                                  36     P          6813          2237           16602087          6.41             930874          0.36        1062.9     75  
22177     Dansville, NY                                                    36                5141          2389            8508520          3.29                  0          0.00        1564.9     76  
23102     Delhi, NY                                                        36                2953           732            3545394          1.37              42647          0.02        2157.2     76  
24688     Dryden, NY                                                       36                3882          1621           10239057          3.95              49577          0.02         982.0     76  
25012     Dunkirk--Fredonia, NY                                            36               25514         11139           36310826         14.02              34715          0.01        1819.9     76  
25598     East Aurora, NY                                                  36                9841          4223           22223670          8.58              61411          0.02        1146.9     76  
27010     Ellenville, NY                                                   36                6577          2566            8236593          3.18              12509          0.00        2068.1     76  
27118     Elmira, NY                                                       36               67983         29507           97898053         37.80            1346394          0.52        1798.6     75  
30858     Fort Plain, NY                                                   36                5730          2669            9765011          3.77             364172          0.14        1519.8     76  
32788     Geneseo, NY                                                      36                8329          2198           10466483          4.04                  0          0.00        2061.1     76  
32842     Geneva, NY                                                       36               29990         13463           39742297         15.34             223928          0.09        1954.4     76  
33598     Glens Falls, NY                                                  36               65443         29640          107616708         41.55            2183350          0.84        1575.0     75  
33733     Gloversville, NY                                                 36               29226         13504           41899593         16.18             333607          0.13        1806.6     76  
34030     Gouverneur, NY                                                   36                4146          1916            5742770          2.22             122632          0.05        1869.8     76  
34057     Gowanda, NY                                                      36                6323          1714           11200237          4.32              42497          0.02        1462.2     76  
34570     Granville, NY--VT                                                36     P          2751          1241            5130061          1.98                474          0.00        1388.9     76  
35515     Greenwich, NY                                                    36                2551          1190            4532584          1.75              35372          0.01        1457.7     76  
36433     Hamilton, NY                                                     36                4427          1119            4774164          1.84              24144          0.01        2401.7     76  
39821     Honeoye Falls, NY                                                36                5270          2279           11938681          4.61             102030          0.04        1143.3     76  
39997     Hoosick Falls, NY                                                36                3592          1654            4207206          1.62                  0          0.00        2211.3     76  
40132     Hornell, NY                                                      36               10997          5206           13628486          5.26                  0          0.00        2089.9     76  
40537     Hudson, NY                                                       36               11512          5487           14713498          5.68             197838          0.08        2026.4     76  
41023     Ilion--Herkimer, NY                                              36               24792         11199           29203897         11.28             129795          0.05        2198.7     76  
41914     Ithaca, NY                                                       36               53661         20424           63663305         24.58             521993          0.20        2183.1     75  
42481     Jamestown, NY                                                    36               43404         21544           49235791         19.01             550255          0.21        2283.2     76  
45262     Kingston, NY                                                     36               57442         26331          110947301         42.84            2270646          0.88        1340.9     75  
47017     Lake Placid, NY                                                  36                3581          2232            4826190          1.86             429544          0.17        1921.8     76  
49150     Le Roy, NY                                                       36                4275          1966            4936272          1.91               5196          0.00        2243.0     76  
49663     Liberty, NY                                                      36                4470          2194            5928754          2.29                  0          0.00        1952.7     76  
50338     Little Falls, NY                                                 36                4956          2670           10061509          3.88             370606          0.14        1275.8     76  
50797     Lockport, NY                                                     36               36024         16409           49929867         19.28             116236          0.04        1868.7     76  
51850     Lowville, NY                                                     36                3562          1685            4591602          1.77                  0          0.00        2009.2     76  
53524     Malone, NY                                                       36               10825          3099           14695530          5.67             124628          0.05        1907.8     76  
55468     Massena, NY                                                      36               11259          5121           15873678          6.13             623589          0.24        1837.0     76  
55750     Maybrook, NY                                                     36                2959          1164            2303409          0.89                  0          0.00        3327.1     76  
56035     Medina, NY                                                       36                8382          3836           12990932          5.02             169724          0.07        1671.1     76  
56899     Middletown, NY                                                   36               58381         22762           81106372         31.32             452526          0.17        1864.3     75  
58420     Montauk, NY                                                      36                2719          3490           12497287          4.83             696073          0.27         563.5     76  
58843     Monticello, NY                                                   36                7868          3824           11283068          4.36               7873          0.00        1806.1     76  
60004     Mount Morris, NY                                                 36                4028          1830            8517698          3.29                  0          0.00        1224.8     76  
61678     Newark, NY                                                       36               13799          6111           19079703          7.37              71589          0.03        1873.2     76  
62326     Newfane, NY                                                      36                5626          2725           12542594          4.84                  0          0.00        1161.7     76  
63217     New York--Newark, NY--NJ--CT                                     36     P      12191715       4822414         4048539045       1563.15          300662215        116.09        7799.5     75  
64108     Norwich, NY                                                      36                8265          3884            8945706          3.45                  0          0.00        2392.9     76  
64972     Ogdensburg, NY                                                   36               11344          4397           11755882          4.54             217766          0.08        2499.2     76  
65161     Olean, NY                                                        36               22324         10109           35662957         13.77             682828          0.26        1621.3     76  
65404     Oneida, NY                                                       36               21784          9758           38490584         14.86              74930          0.03        1465.8     76  
65512     Oneonta, NY                                                      36               17229          6328           22432534          8.66             275652          0.11        1989.2     76  
66241     Oswego, NY                                                       36               39385         15894           53788826         20.77            2326618          0.90        1896.4     76  
66276     Otisville, NY                                                    36                4207           883           12701319          4.90             192173          0.07         857.9     76  
66457     Owego, NY                                                        36                5071          2363            9914888          3.83             576861          0.22        1324.7     76  
67223     Palmyra, NY                                                      36                5214          2322           12515070          4.83                  0          0.00        1079.0     76  
68455     Penn Yan, NY                                                     36                6777          2962            8259643          3.19              66618          0.03        2125.1     76  
68698     Perry, NY                                                        36                3688          2050            4260746          1.65                  0          0.00        2241.8     76  
70156     Plattsburgh, NY                                                  36               29438         12756           67109110         25.91             948469          0.37        1136.1     76  
71209     Port Jervis, NY--PA                                              36     P         11122          4917           12038689          4.65             277873          0.11        2392.8     76  
71722     Potsdam, NY                                                      36                9310          2528            8645059          3.34             317577          0.12        2789.2     76  
71803     Poughkeepsie--Newburgh, NY--NJ                                   36     P        412338        153794          829015910        320.08           53495126         20.65        1288.2     75  
73477     Ravena, NY                                                       36                5358          2527           11113858          4.29              33976          0.01        1248.6     76  
73828     Red Hook, NY                                                     36                6661          2425           18375945          7.09              89695          0.03         938.8     76  
74314     Rhinebeck, NY                                                    36                3032          1637            5172477          2.00              57315          0.02        1518.2     76  
75664     Rochester, NY                                                    36              720572        313924          840370707        324.47           16962382          6.55        2220.8     75  
76231     Rome, NY                                                         36               33428         14792           56231300         21.71             157982          0.06        1539.7     76  
78067     Salamanca, NY                                                    36                5738          2781            8323828          3.21             389986          0.15        1785.4     76  
79579     Saranac Lake, NY                                                 36                7698          3314           11561823          4.46             368655          0.14        1724.4     76  
79633     Saratoga Springs, NY                                             36               64100         28930          117800657         45.48            1653629          0.64        1409.3     75  
79903     Sayre--Waverly, PA--NY                                           36     P          5154          2332            6239340          2.41                  0          0.00        2139.5     76  
81847     Sidney, NY                                                       36                5565          2753            9891651          3.82             149305          0.06        1457.1     76  
82063     Silver Creek, NY                                                 36                3799          2013            6727072          2.60              17807          0.01        1462.7     76  
82333     Skaneateles, NY                                                  36                3524          1848            7265736          2.81                  0          0.00        1256.2     76  
82792     Sodus, NY                                                        36                2865          1265            6019508          2.32                  0          0.00        1232.7     76  
83210     South Fallsburg, NY                                              36                3388          1302            8628801          3.33              24659          0.01        1016.9     76  
83359     Southold, NY                                                     36                9810          6700           28785561         11.11            2506145          0.97         882.7     76  
84115     Springs, NY                                                      36               12604          8667           35924816         13.87             148052          0.06         908.7     76  
84142     Springville, NY                                                  36                3897          1673            6428093          2.48              51958          0.02        1570.2     76  
86210     Sylvan Beach, NY                                                 36                3451          2538            8926433          3.45              66677          0.03        1001.3     76  
86302     Syracuse, NY                                                     36              412317        178976          504876354        194.93           17319555          6.69        2115.2     75  
87571     Ticonderoga, NY                                                  36                2850          1376            4867634          1.88             260459          0.10        1516.4     76  
89056     Tupper Lake, NY                                                  36                4204          1965            5297027          2.05                  0          0.00        2055.6     76  
89785     Utica, NY                                                        36              117328         51480          161588817         62.39            1578374          0.61        1880.6     75  
89947     Valatie, NY                                                      36                5336          2412           14168830          5.47            1443281          0.56         975.4     76  
91252     Walden, NY                                                       36               11565          4483           13245390          5.11             251282          0.10        2261.4     76  
91567     Walton, NY                                                       36                3067          1556            3579750          1.38              70735          0.03        2219.0     76  
91584     Walworth, NY                                                     36                3089          1109            4539185          1.75                  0          0.00        1762.5     76  
91891     Warrensburg, NY                                                  36                2648          1247            3936067          1.52                  0          0.00        1742.4     76  
92026     Warsaw, NY                                                       36                3017          1412            4356316          1.68                  0          0.00        1793.7     76  
92134     Warwick, NY                                                      36               12080          5025           23063728          8.90             100356          0.04        1356.5     76  
92470     Watchtower, NY                                                   36                3936           736            4712309          1.82               8994          0.00        2163.3     76  
92674     Watertown, NY                                                    36               57840         23133          106040717         40.94            2978979          1.15        1412.7     75  
92809     Watkins Glen, NY                                                 36                3457          1746            6576271          2.54               5983          0.00        1361.5     76  
93565     Weedsport, NY                                                    36                3112          1356            5054722          1.95              13495          0.01        1594.6     76  
93808     Wellsville, NY                                                   36                6084          3030           11336289          4.38                  0          0.00        1390.0     76  
94024     Westfield, NY                                                    36                3015          1460            5611601          2.17                  0          0.00        1391.5     76  
94442     West Point, NY                                                   36               12141          3365           10689100          4.13             133006          0.05        2941.8     76  
97399     Wurtsboro, NY                                                    36                4179          1859           11536935          4.45              69159          0.03         938.2     76  
                                                  
                                                  
                                                  
North Carolina                                    
                                                  
UACE      NAME                                                             STATE  PART        POP            HU           AREALAND  AREALANDSQMI          AREAWATER AREAWATERSQMI        POPDEN  LSADC  
00658     Ahoskie, NC                                                      37                4951          2267            7551326          2.92                  0          0.00        1698.1     76  
00982     Albemarle, NC                                                    37               16823          7929           44414396         17.15              63396          0.02         981.0     76  
02965     Archer Lodge--Clayton, NC                                        37               13288          4707           52581462         20.30             265273          0.10         654.5     76  
03331     Asheboro, NC                                                     37               37792         16547           85286266         32.93             197576          0.08        1147.7     76  
03358     Asheville, NC                                                    37              280648        136493          686027223        264.88            6297443          2.43        1059.5     75  
07003     Benson, NC                                                       37                3107          1520            6592557          2.55              11841          0.00        1220.6     76  
07824     Biscoe, NC                                                       37                2821          1071            9166166          3.54                  0          0.00         797.1     76  
08749     Boiling Spring Lakes, NC                                         37                4397          1975            9032547          3.49            1417543          0.55        1260.8     76  
08758     Boiling Springs, NC                                              37                4549          1401            9505844          3.67                  0          0.00        1239.4     76  
09055     Boone, NC                                                        37               22763          8927           34878382         13.47             107718          0.04        1690.3     76  
10027     Brevard, NC                                                      37               13121          6464           31170105         12.03                 86          0.00        1090.3     76  
11415     Buies Creek, NC                                                  37                5628          1801            9613310          3.71              31551          0.01        1516.3     76  
11566     Burgaw, NC                                                       37                3456          1258            6407470          2.47                  0          0.00        1397.0     76  
11728     Burlington, NC                                                   37              119911         53132          234209025         90.43            2059334          0.80        1326.0     75  
12025     Butner, NC                                                       37               16975          4461           44485302         17.18              86139          0.03         988.3     76  
15670     Charlotte, NC--SC                                                37     P       1180484        497927         1786015218        689.58           89216059         34.45        1711.9     75  
16075     Cherryville, NC                                                  37                6340          2873           15123281          5.84              31600          0.01        1085.8     76  
17992     Clinton, NC                                                      37                9538          4046           20686310          7.99              52000          0.02        1194.2     76  
19558     Concord, NC                                                      37              214881         90164          466730343        180.21            1292028          0.50        1192.4     75  
21664     Cullowhee, NC                                                    37               10837          4239           20222474          7.81                  0          0.00        1387.9     76  
22253     Danville, VA--NC                                                 37     P           191            94             518715          0.20                  0          0.00         953.7     76  
25039     Dunn, NC                                                         37               14823          6856           29043594         11.21              36812          0.01        1321.9     76  
25228     Durham, NC                                                       37              347602        152577          470711743        181.74            3939825          1.52        1912.6     75  
26092     Eden, NC                                                         37               17187          8570           46341349         17.89             395964          0.15         960.6     76  
26119     Edenton, NC                                                      37                4790          2389            7936084          3.06             175550          0.07        1563.2     76  
26686     Elizabeth City, NC                                               37               23905         10258           43973007         16.98                785          0.00        1408.0     76  
26713     Elizabethtown, NC                                                37                3085          1581            6502250          2.51                  0          0.00        1228.8     76  
26848     Elkin, NC                                                        37                6521          3206           17240918          6.66              68516          0.03         979.6     76  
27592     Enfield, NC                                                      37                2672          1189            3435502          1.33                  0          0.00        2014.4     76  
28782     Fairfield Harbour, NC                                            37                2726          1703            5869005          2.27             362647          0.14        1203.0     76  
28860     Fairmont, NC                                                     37                2507          1179            4993626          1.93                  0          0.00        1300.3     76  
29305     Farmville, NC                                                    37                4815          2254            9169604          3.54                  0          0.00        1360.0     76  
29440     Fayetteville, NC                                                 37              310282        131234          512897004        198.03            5876438          2.27        1566.8     75  
29510     Fearrington Village, NC                                          37                2642          1601            6023354          2.33              27088          0.01        1136.0     76  
30331     Forest City, NC                                                  37               26418         12344           90889482         35.09             174308          0.07         752.8     76  
31384     Franklin, NC                                                     37                6781          3709           23678591          9.14             604178          0.23         741.7     76  
32653     Gastonia, NC--SC                                                 37     P        169333         73056          358369818        138.37            2093517          0.81        1223.8     75  
33814     Goldsboro, NC                                                    37               61054         27061          137046994         52.91             416810          0.16        1153.8     75  
35164     Greensboro, NC                                                   37              311810        140442          479692010        185.21           10951200          4.23        1683.5     75  
35380     Greenville, NC                                                   37              117798         53845          168861167         65.20            1254428          0.48        1806.8     75  
35690     Grifton, NC                                                      37                3688          1588           14876310          5.74                  0          0.00         642.1     76  
36585     Hampstead, NC                                                    37               10716          4926           39822596         15.38             404115          0.16         696.9     76  
37675     Havelock, NC                                                     37               21596          7194           34825625         13.45             617541          0.24        1606.1     76  
38269     Henderson, NC                                                    37               20858          9227           47328615         18.27             111296          0.04        1141.4     76  
38647     Hickory, NC                                                      37              212195         93405          677569139        261.61            9643791          3.72         811.1     75  
38809     High Point, NC                                                   37              166485         73724          292652687        112.99            4640822          1.79        1473.4     75  
39349     Holden Beach, NC                                                 37                3136          3422           10065957          3.89              44856          0.02         806.9     76  
42400     Jacksonville, NC                                                 37              105419         35093          184759745         71.34            4372220          1.69        1477.8     75  
42870     Jefferson, NC                                                    37                4129          2072           14309503          5.52               5721          0.00         747.3     76  
44965     Kill Devil Hills, NC                                             37               19095         21576           63343040         24.46           21985703          8.49         780.8     76  
45397     Kinston, NC                                                      37               29083         14077           82752639         31.95             134044          0.05         910.2     76  
46315     La Grange, NC                                                    37                2713          1381            4641021          1.79              19594          0.01        1514.0     76  
46927     Lake Norman of Catawba, NC                                       37                5603          2744           25027586          9.66            2075953          0.80         579.8     76  
47665     Landrum, SC--NC                                                  37     P          1585          1027            4410349          1.70                  0          0.00         930.8     76  
48178     Laurinburg, NC                                                   37               21161          9405           48546069         18.74             401424          0.15        1129.0     76  
49798     Lillington, NC                                                   37                3316          1197            6398895          2.47                  0          0.00        1342.2     76  
49987     Lincolnton, NC                                                   37               22686         10053           76438949         29.51             341573          0.13         768.7     76  
50813     Locust, NC                                                       37                2925          1218            9916180          3.83                  0          0.00         764.0     76  
51634     Louisburg, NC                                                    37                3694          1489            6242567          2.41              20858          0.01        1532.6     76  
52066     Lumberton, NC                                                    37               29739         11989           69011831         26.65             332913          0.13        1116.1     76  
53443     Maiden, NC                                                       37                3572          1561           10848977          4.19              32440          0.01         852.7     76  
54199     Manteo, NC                                                       37                5399          2631           11814160          4.56            9205680          3.55        1183.6     76  
54631     Marion, NC                                                       37               13363          5969           40769979         15.74             182887          0.07         848.9     76  
55792     Mayodan, NC                                                      37                4382          2257            9010196          3.48              20002          0.01        1259.6     76  
57979     Mocksville, NC                                                   37                5191          2270           15442679          5.96              34395          0.01         870.6     76  
59194     Morehead City, NC                                                37               44798         35096          123620282         47.73           10593253          4.09         938.6     76  
59815     Mount Airy, NC--VA                                               37     P         19419          9293           61806531         23.86             480335          0.19         813.7     76  
60031     Mount Olive, NC                                                  37                5196          2380            8642332          3.34                  0          0.00        1557.2     76  
60706     Murfreesboro, NC                                                 37                2786          1059            3807994          1.47              14336          0.01        1894.9     76  
60895     Myrtle Beach--Socastee, SC--NC                                   37     P         20279         18535           74193083         28.65            4717143          1.82         707.9     75  
61840     New Bern, NC                                                     37               50503         23602          112434336         43.41            4730762          1.83        1163.4     75  
63946     North Wilkesboro--Wilkesboro, NC                                 37               18264          8474           67748014         26.16              12230          0.00         698.2     76  
64459     Oak Island, NC                                                   37               11226         11503           29170991         11.26            1060649          0.41         996.7     76  
66592     Oxford, NC                                                       37                9174          4067           18315006          7.07                  0          0.00        1297.3     76  
68401     Pembroke, NC                                                     37                7436          2427           16296155          6.29                  0          0.00        1181.8     76  
69517     Pinehurst--Southern Pines, NC                                    37               36272         19440           98129493         37.89            1371345          0.53         957.3     76  
69632     Pittsboro, NC                                                    37                3410          1551            8195366          3.16              77241          0.03        1077.7     76  
70345     Plymouth, NC                                                     37                4265          2003            9393547          3.63                  0          0.00        1175.9     76  
73261     Raleigh, NC                                                      37              884891        365168         1341975559        518.14           12798133          4.94        1707.8     75  
73300     Ramseur, NC                                                      37                2951          1221            7910623          3.05             145207          0.06         966.2     76  
73936     Red Springs, NC                                                  37                4185          1810            7967097          3.08              17494          0.01        1360.5     76  
74152     Reidsville, NC                                                   37               14067          6954           29290735         11.31              84665          0.03        1243.9     76  
74601     Richlands South, NC                                              37                5278          1871           25764006          9.95             228126          0.09         530.6     76  
75448     Roanoke Rapids, NC                                               37               24450         11082           42237363         16.31             152828          0.06        1499.3     76  
75772     Rockingham--Hamlet, NC                                           37               25404         11578           64534579         24.92             173087          0.07        1019.5     76  
75988     Rocky Mount, NC                                                  37               68243         31027          119048629         45.96             291478          0.11        1484.7     75  
76501     Roxboro, NC                                                      37                9660          4635           18793260          7.26               7119          0.00        1331.3     76  
77618     St. James, NC                                                    37                2604          1853            8148008          3.15               9174          0.00         827.7     76  
77986     St. Pauls, NC                                                    37                3288          1361            5978638          2.31                  0          0.00        1424.4     76  
78877     Sanford, NC                                                      37               33120         13847           74963268         28.94            1842535          0.71        1144.3     76  
80695     Seven Lakes, NC                                                  37                3757          1819            9991797          3.86            4262507          1.65         973.9     76  
81199     Shelby, NC                                                       37               27374         13046           75454742         29.13            5396977          2.08         939.6     76  
81955     Siler City, NC                                                   37                9076          3305           17955934          6.93              50467          0.02        1309.1     76  
82522     Smithfield, NC                                                   37               27155         11228           61185091         23.62             154031          0.06        1149.5     76  
82665     Sneads Ferry, NC                                                 37                3899          2141           13917669          5.37            1087084          0.42         725.6     76  
83818     Spout Springs, NC                                                37               14488          4841           45680193         17.64            1346297          0.52         821.4     76  
84155     Spruce Pine, NC                                                  37                4700          1407           19217761          7.42                  0          0.00         633.4     76  
86024     Swansboro, NC                                                    37               16335          6952           53500108         20.66            1138764          0.44         790.8     76  
86315     Tabor City, NC--SC                                               37     P          3828          1166           11202462          4.33                  0          0.00         885.0     76  
86707     Tarboro, NC                                                      37               13581          5831           22484472          8.68              57995          0.02        1564.4     76  
86761     Taylorsville, NC                                                 37                5388          2009           17380144          6.71              46324          0.02         802.9     76  
88597     Troy, NC                                                         37                3618          1320            7284482          2.81                  0          0.00        1286.4     76  
91108     Wadesboro, NC                                                    37                5791          2674           13648566          5.27                  0          0.00        1098.9     76  
91378     Wallace, NC                                                      37                4345          2020            8436950          3.26               1493          0.00        1333.8     76  
92053     Warsaw, NC                                                       37                3045          1428            5924648          2.29               1425          0.00        1331.1     76  
92404     Washington, NC                                                   37               16429          7743           40585800         15.67             695763          0.27        1048.4     76  
93880     Wendell--Zebulon, NC                                             37               13209          5409           27490944         10.61                  0          0.00        1244.5     76  
94739     Whispering Pines, NC                                             37                3514          1567           11281401          4.36            1609353          0.62         806.7     76  
94996     Whiteville, NC                                                   37                7446          3258           22585322          8.72                  0          0.00         853.9     76  
95509     Williamston, NC                                                  37                5361          2644            8494031          3.28                  0          0.00        1634.7     76  
95833     Wilmington, NC                                                   37              219957        108971          346461640        133.77            8088688          3.12        1644.3     75  
95914     Wilson, NC                                                       37               49190         21869           64165165         24.77             104810          0.04        1985.5     76  
96278     Windsor, NC                                                      37                3566          1169            6123998          2.36                  0          0.00        1508.1     76  
96670     Winston-Salem, NC                                                37              391024        174669          835485857        322.58            6576417          2.54        1212.2     75  
97480     Yadkinville, NC                                                  37                3530          1478            9702266          3.75              44699          0.02         942.3     76  
                                                  
                                                  
                                                  
North Dakota                                      
                                                  
UACE      NAME                                                             STATE  PART        POP            HU           AREALAND  AREALANDSQMI          AREAWATER AREAWATERSQMI        POPDEN  LSADC  
07462     Beulah, ND                                                       38                2949          1442            3579611          1.38                543          0.00        2133.7     76  
07921     Bismarck, ND                                                     38               81955         37317          100381571         38.76            1801380          0.70        2114.6     75  
23878     Devils Lake, ND                                                  38                7444          3586            8418653          3.25              14837          0.01        2290.1     76  
24094     Dickinson, ND                                                    38               17586          7761           19570088          7.56              28980          0.01        2327.4     76  
29089     Fargo, ND--MN                                                    38     P        134149         61615          137047415         52.91              45644          0.02        2535.2     75  
34084     Grafton, ND                                                      38                4219          1956            4761717          1.84                  0          0.00        2294.8     76  
34219     Grand Forks, ND--MN                                              38     P         52952         23508           53025996         20.47             175580          0.07        2586.4     75  
34229     Grand Forks AFB, ND                                              38                2697           989            5313326          2.05                  0          0.00        1314.7     76  
42508     Jamestown, ND                                                    38               15284          6920           25547017          9.86              87963          0.03        1549.5     76  
49934     Lincoln, ND                                                      38                2992          1047            3059523          1.18                  0          0.00        2532.8     76  
57655     Minot, ND                                                        38               42650         19484           58052845         22.41              98106          0.04        1902.8     76  
57682     Minot AFB, ND                                                    38                5521          1463           10768939          4.16                  0          0.00        1327.8     76  
76609     Rugby, ND                                                        38                2824          1382            3879270          1.50                  0          0.00        1885.4     76  
90055     Valley City, ND                                                  38                6689          3342           12303856          4.75                  0          0.00        1408.0     76  
91189     Wahpeton, ND--MN                                                 38     P          7834          3509           11735002          4.53                  0          0.00        1729.0     76  
95644     Williston, ND                                                    38               15127          6719           18528523          7.15             157203          0.06        2114.5     76  
                                                  
                                                  
                                                  
Ohio                                              
                                                  
UACE      NAME                                                             STATE  PART        POP            HU           AREALAND  AREALANDSQMI          AREAWATER AREAWATERSQMI        POPDEN  LSADC  
00388     Ada, OH                                                          39                5945          1906            4769036          1.84                  0          0.00        3228.6     76  
00766     Akron, OH                                                        39              569499        257659          842722918        325.38           17432485          6.73        1750.3     75  
01549     Alliance, OH                                                     39               32533         14786           45856810         17.71             276803          0.11        1837.5     76  
02773     Apple Valley, OH                                                 39                4835          2492           12288357          4.74            2044219          0.79        1019.1     76  
02953     Archbold, OH                                                     39                4760          2046            9777640          3.78              37919          0.01        1260.9     76  
03385     Ashland, OH                                                      39               20226          8847           20691008          7.99              49269          0.02        2531.8     76  
03466     Ashtabula, OH                                                    39               29346         14832           56322692         21.75             404262          0.16        1349.5     76  
03493     Ashville, OH                                                     39                6222          2565           14307973          5.52             294356          0.11        1126.3     76  
03682     Athens, OH                                                       39               28286          9613           25738298          9.94             260345          0.10        2846.4     76  
04870     Baltimore, OH                                                    39                3503          1496            6949123          2.68                  0          0.00        1305.6     76  
05140     Barnesville, OH                                                  39                4351          2051            5154240          1.99              31354          0.01        2186.4     76  
06436     Bellefontaine, OH                                                39               13235          6093           14033504          5.42                  0          0.00        2442.6     76  
06625     Bellevue, OH                                                     39                8413          3751           13752705          5.31             301671          0.12        1584.4     76  
07408     Bethel, OH                                                       39                3239          1395            4206226          1.62               4851          0.00        1994.4     76  
08218     Blanchester, OH                                                  39                4184          1829            7540837          2.91             254701          0.10        1437.0     76  
08569     Bluffton, OH                                                     39                4215          1556            5659295          2.19             164059          0.06        1929.0     76  
08839     Bolivar, OH                                                      39                3717          1589            9363511          3.62              36192          0.01        1028.1     76  
09433     Bowling Green, OH                                                39               30738         12582           31854116         12.30             288367          0.11        2499.2     76  
11107     Bryan, OH                                                        39                9762          4630           16304428          6.30              56236          0.02        1550.7     76  
11215     Bucyrus, OH                                                      39               12401          5986           15968065          6.17               1247          0.00        2011.4     76  
12214     Cadiz, OH                                                        39                2521          1220            4471136          1.73                332          0.00        1460.3     76  
12322     Caldwell, OH                                                     39                5488          1413            7278827          2.81              48687          0.02        1952.8     76  
12862     Cambridge, OH                                                    39               15232          7484           25501438          9.85               9982          0.00        1547.0     76  
13375     Canton, OH                                                       39              279245        125638          431099392        166.45            3042433          1.17        1677.7     75  
13618     Carey, OH                                                        39                3575          1604            3721271          1.44                  0          0.00        2488.2     76  
14104     Carrollton, OH                                                   39                3498          1588            6184402          2.39                  0          0.00        1464.9     76  
14833     Cedarville, OH                                                   39                4041           769            2705942          1.04              90026          0.03        3867.8     76  
14860     Celina, OH                                                       39               11259          5304           11761380          4.54             100975          0.04        2479.4     76  
15319     Chardon, OH                                                      39                8028          3707           23310289          9.00             104608          0.04         892.0     76  
16453     Chillicothe, OH                                                  39               32263         12763           44686001         17.25             377634          0.15        1870.0     76  
16885     Cincinnati, OH--KY--IN                                           39     P       1286542        568874         1564942891        604.23           12168881          4.70        2129.2     75  
16912     Circleville, OH                                                  39               14965          6603           19008269          7.34             311115          0.12        2039.1     76  
17668     Cleveland, OH                                                    39             1780673        832988         1999397942        771.97           16799439          6.49        2306.7     75  
18235     Clyde, OH                                                        39                6039          2573            8428509          3.25             133708          0.05        1855.7     76  
18680     Coldwater, OH                                                    39                4473          1833            4874361          1.88               4991          0.00        2376.7     76  
19072     Columbiana, OH                                                   39                8101          3902           15526597          5.99             178381          0.07        1351.3     76  
19234     Columbus, OH                                                     39             1368035        604025         1322092399        510.46           19182017          7.41        2680.0     75  
19612     Conneaut, OH                                                     39               14109          6257           39024769         15.07              67381          0.03         936.4     76  
20476     Coshocton, OH                                                    39               11517          5613           13563756          5.24             110801          0.04        2199.2     76  
20692     Covington, OH                                                    39                2727          1212            3211654          1.24                  0          0.00        2199.1     76  
21259     Crooksville, OH                                                  39                4866          2089            7069664          2.73              36878          0.01        1782.7     76  
22079     Dalton, OH                                                       39                2595          1119            5692786          2.20             150967          0.06        1180.6     76  
22301     Darbydale, OH                                                    39                6195          1102           16256026          6.28             390650          0.15         987.0     76  
22528     Dayton, OH                                                       39              724091        335077          910225462        351.44            5239368          2.02        2060.4     75  
22879     Defiance, OH                                                     39               18306          8117           35070981         13.54            1280545          0.49        1351.9     76  
23176     Delphos, OH                                                      39                7440          3262           10820856          4.18              34836          0.01        1780.8     76  
23257     Delta, OH                                                        39                3158          1310            4444526          1.72               1933          0.00        1840.3     76  
25687     East Liverpool, OH--WV--PA                                       39     P         23478         11053           47207349         18.23             469806          0.18        1288.1     76  
25768     East Palestine, OH                                               39                4944          2224            8441640          3.26                  0          0.00        1516.9     76  
25957     Eaton, OH                                                        39                8112          3763           10133294          3.91              19264          0.01        2073.4     76  
29737     Findlay, OH                                                      39               48441         22272           61892637         23.90             311419          0.12        2027.1     76  
31114     Fostoria, OH                                                     39               14694          6765           17128283          6.61             211562          0.08        2221.9     76  
31789     Fremont, OH                                                      39               23332         10532           31834049         12.29             761676          0.29        1898.3     76  
32356     Galion, OH                                                       39               15966          7678           23487732          9.07              79699          0.03        1760.6     76  
32637     Garrettsville, OH                                                39                6150          2459           17164105          6.63              53204          0.02         928.0     76  
32850     Geneva, OH                                                       39                7660          3395           11627001          4.49              10311          0.00        1706.3     76  
32896     Genoa, OH                                                        39                3118          1342            7026981          2.71                  0          0.00        1149.2     76  
33004     Georgetown, OH                                                   39                3829          1688            6309312          2.44                  0          0.00        1571.8     76  
33706     Glouster, OH                                                     39                2643          1263            4807799          1.86              41591          0.02        1423.8     76  
35002     Greenfield, OH                                                   39                5100          2339            4283523          1.65                  0          0.00        3083.7     76  
35407     Greenville, OH                                                   39               13337          6574           13141252          5.07             111583          0.04        2628.6     76  
37145     Harrison, OH--IN                                                 39     P         12619          5323           22658685          8.75             211664          0.08        1442.4     76  
38674     Hicksville, OH                                                   39                3613          1586            5543119          2.14                  0          0.00        1688.2     76  
38917     Hillsboro, OH                                                    39                6668          3196           10971545          4.24                  0          0.00        1574.1     76  
40753     Huntington, WV--KY--OH                                           39     P         33775         15447           53340926         20.60            3735442          1.44        1640.0     75  
42439     Jackson--Wellston, OH                                            39               11768          5510           16446938          6.35                  0          0.00        1853.2     76  
42535     Jamestown, OH                                                    39                3769          1593            5151954          1.99             724061          0.28        1894.7     76  
42913     Jefferson, OH                                                    39                3205          1438            5558378          2.15                  0          0.00        1493.4     76  
43264     Johnstown, OH                                                    39                4523          1943            4050334          1.56               4628          0.00        2892.2     76  
44533     Kenton, OH                                                       39                8360          3829           10364109          4.00                  0          0.00        2089.2     76  
46328     LaGrange, OH                                                     39                3246          1288            6606533          2.55             102039          0.04        1272.5     76  
46814     Lake Lakengren, OH                                               39                3096          1257            5017963          1.94             834821          0.32        1598.0     76  
47503     Lancaster, OH                                                    39               42557         19267           55718445         21.51             204276          0.08        1978.2     76  
49852     Lima, OH                                                         39               72852         31812          135576369         52.35            4239529          1.64        1391.7     75  
50176     Lisbon, OH                                                       39                5740          1466            7578774          2.93                  0          0.00        1961.6     76  
50878     Lodi, OH                                                         39                2670          1339            3820131          1.47              20280          0.01        1810.2     76  
50932     Logan, OH                                                        39                8080          3713            9586211          3.70             121732          0.05        2183.0     76  
51121     London, OH                                                       39               14260          4251           14897150          5.75                  0          0.00        2479.2     76  
51364     Lorain--Elyria, OH                                               39              180956         80095          259508283        100.20            3064085          1.18        1806.0     75  
51904     Lucasville, OH                                                   39                2931           655            5450600          2.10              13259          0.01        1392.7     76  
52498     McConnelsville, OH                                               39                2652          1304            3613325          1.40             336725          0.13        1900.9     76  
53578     Malvern, OH                                                      39                2800          1489            7123095          2.75            1973132          0.76        1018.1     76  
54091     Mansfield, OH                                                    39               75250         34156          130315995         50.32             273945          0.11        1495.6     75  
54486     Marietta, OH--WV                                                 39     P         18397          8584           31598681         12.20            1604916          0.62        1507.9     76  
54658     Marion, OH                                                       39               46384         19449           71881384         27.75             141562          0.05        1671.3     76  
55306     Marysville, OH                                                   39               22348          7975           26756975         10.33             377341          0.15        2163.2     76  
55819     Maysville, KY--OH                                                39     P          3653          1959            6378111          2.46             243196          0.09        1483.4     76  
56764     Middlefield, OH                                                  39                4858          2179           15863843          6.13             141595          0.05         793.1     76  
56791     Middleport, OH--WV                                               39     P          4446          2272            8284998          3.20             450639          0.17        1389.9     76  
56926     Middletown, OH                                                   39               97503         43101          145292509         56.10            2315201          0.89        1738.1     75  
57277     Millersburg, OH                                                  39                2968          1332            4549386          1.76              10387          0.00        1689.7     76  
57601     Minerva, OH                                                      39                4579          2108            6031627          2.33                  0          0.00        1966.2     76  
58924     Montpelier, OH                                                   39                3929          1803            5306005          2.05              12011          0.00        1917.8     76  
59896     Mount Gilead, OH                                                 39                3884          1789            5984158          2.31                  0          0.00        1681.0     76  
60058     Mount Orab, OH                                                   39                3030          1223            7087887          2.74                  0          0.00        1107.2     76  
60463     Mount Vernon, OH                                                 39               22153          9256           34542040         13.34             249970          0.10        1661.0     76  
61084     Napoleon, OH                                                     39                8724          4052           13973164          5.40             407161          0.16        1617.0     76  
61489     Nelsonville, OH                                                  39                6359          2511           10130818          3.91             175369          0.07        1625.7     76  
61705     Newark, OH                                                       39               76068         34107          109100592         42.12             993373          0.38        1805.8     75  
61975     New Bremen--Minster, OH                                          39                7431          3040           14657761          5.66               6189          0.00        1313.0     76  
62218     Newcomerstown, OH                                                39                4170          1992            5913434          2.28             116721          0.05        1826.4     76  
62245     New Concord, OH                                                  39                2949           938            4919585          1.90                  0          0.00        1552.5     76  
62461     New Lebanon, OH                                                  39                4078          1698            4759353          1.84                  0          0.00        2219.2     76  
62488     New Lexington, OH                                                39                4940          2087            5069213          1.96               3887          0.00        2524.0     76  
62623     New Martinsville, WV--OH                                         39     P           344           174            2920615          1.13             337368          0.13         305.1     76  
62731     New Philadelphia--Dover, OH                                      39               46366         20712           58517734         22.59             810742          0.31        2052.2     76  
62964     New Richmond, OH                                                 39                2838          1184            7168326          2.77              69958          0.03        1025.4     76  
63487     North Baltimore, OH                                              39                3474          1490            5002901          1.93              41813          0.02        1798.5     76  
64054     Norwalk, OH                                                      39               20806          9039           27314257         10.55              49833          0.02        1972.9     76  
64351     Oak Harbor, OH                                                   39                2794          1245            3543938          1.37                  0          0.00        2041.9     76  
64550     Oberlin, OH                                                      39                7966          2839            7196070          2.78               5364          0.00        2867.1     76  
65971     Orrville, OH                                                     39                8563          3767           13501092          5.21              39051          0.02        1642.7     76  
66349     Ottawa, OH                                                       39                5270          2270           12703147          4.90             184155          0.07        1074.5     76  
66619     Oxford, OH                                                       39               21376          6622           15791086          6.10               5426          0.00        3506.0     76  
67672     Parkersburg, WV--OH                                              39     P          7586          3858           13345569          5.15             191851          0.07        1472.2     75  
67915     Paulding, OH                                                     39                3550          1691            4825752          1.86                  0          0.00        1905.3     76  
69616     Piqua, OH                                                        39               21104          9575           27482217         10.61             455341          0.18        1988.9     76  
69886     Plain City, OH                                                   39                4223          1702            4097827          1.58               2563          0.00        2669.1     76  
70507     Point Pleasant--Gallipolis, OH--WV                               39     P          5769          2811           13110972          5.06             170258          0.07        1139.6     76  
71047     Port Clinton, OH                                                 39               13349         12215           40597678         15.67            3931410          1.52         851.6     76  
71533     Portsmouth, OH--KY                                               39     P         33418         15292           43013210         16.61             811165          0.31        2012.2     76  
74638     Richmond, IN--OH                                                 39     P          1801           863            3514433          1.36             208722          0.08        1327.3     76  
76879     Russells Point, OH                                               39                6523          5985           13909113          5.37              98245          0.04        1214.6     76  
77041     Sabina, OH                                                       39                2512          1136            2971938          1.15               7060          0.00        2189.2     76  
77851     St. Marys, OH                                                    39                9373          4174           13826959          5.34              50356          0.02        1755.7     76  
77905     St. Marys, WV--OH                                                39     P           852           369            2285655          0.88                309          0.00         965.4     76  
78202     Salem, OH                                                        39               18617          8555           30011429         11.59              30854          0.01        1606.6     76  
78769     Sandusky, OH                                                     39               48990         24455           78423474         30.28            1473738          0.57        1617.9     76  
80740     Seville, OH                                                      39                7396          3303           17853897          6.89               3989          0.00        1072.9     76  
81226     Shelby, OH                                                       39                9305          4370           13110948          5.06             163395          0.06        1838.1     76  
81874     Sidney, OH                                                       39               21956          9517           29705219         11.47             344367          0.13        1914.3     76  
83980     Springfield, OH                                                  39               85256         39208          126814404         48.96             339648          0.13        1741.2     75  
87598     Tiffin, OH                                                       39               19546          8695           18500873          7.14             300620          0.12        2736.3     76  
87868     Toledo, OH--MI                                                   39     P        479182        219810          566216903        218.62           15206234          5.87        2191.9     75  
89515     Union City, IN--OH                                               39     P          1824           828            2043862          0.79                  0          0.00        2311.4     76  
89731     Upper Sandusky, OH                                               39                6055          2916            7951633          3.07                  0          0.00        1972.2     76  
89758     Urbana, OH                                                       39               11699          5344           14536639          5.61               4584          0.00        2084.4     76  
90217     Van Wert, OH                                                     39               10747          5068           14491420          5.60              49092          0.02        1920.8     76  
90460     Versailles, OH                                                   39                3295          1376            5887233          2.27              12977          0.01        1449.6     76  
91675     Wapakoneta, OH                                                   39               10684          4699           16177135          6.25             224490          0.09        1710.5     76  
92431     Washington Court House, OH                                       39               15168          6865           17522817          6.77             140261          0.05        2241.9     76  
93052     Wauseon, OH                                                      39                7193          3008            9853900          3.80              43324          0.02        1890.6     76  
93133     Waverly City, OH                                                 39                7396          3592           15956591          6.16            1262247          0.49        1200.5     76  
93592     Weirton--Steubenville, WV--OH--PA                                39     P         39918         19003           67768307         26.17            1509478          0.58        1525.6     75  
93727     Wellington, OH                                                   39                4845          2159            7395427          2.86             647146          0.25        1696.8     76  
94132     West Jefferson, OH                                               39                4572          1891            4089386          1.58                  0          0.00        2895.6     76  
94186     West Lafayette, OH                                               39                2534          1128            2829167          1.09                  0          0.00        2319.8     76  
94537     West Union, OH                                                   39                3133          1444            5534408          2.14                  0          0.00        1466.2     76  
94726     Wheeling, WV--OH                                                 39     P         30182         15044           44654942         17.24             252499          0.10        1750.6     75  
95320     Willard, OH                                                      39                6309          2729            7762825          3.00              33433          0.01        2104.9     76  
95860     Wilmington, OH                                                   39               12374          5795           14189271          5.48              78162          0.03        2258.6     76  
97264     Wooster, OH                                                      39               30430         13763           47965582         18.52              91183          0.04        1643.1     76  
97615     Yellow Springs, OH                                               39                3589          1851            6621581          2.56               6720          0.00        1403.8     76  
97831     Youngstown, OH--PA                                               39     P        348073        164988          560533096        216.42            4708648          1.82        1608.3     75  
98074     Zanesville, OH                                                   39               42132         19783           72435353         27.97            1589312          0.61        1506.5     76  
                                                  
                                                  
                                                  
Oklahoma                                          
                                                  
UACE      NAME                                                             STATE  PART        POP            HU           AREALAND  AREALANDSQMI          AREAWATER AREAWATERSQMI        POPDEN  LSADC  
00415     Ada, OK                                                          40               17400          8086           30913906         11.94              89140          0.03        1457.8     76  
01846     Altus, OK                                                        40               19900          8973           31472094         12.15             521227          0.20        1637.7     76  
01873     Alva, OK                                                         40                5620          2616            6804483          2.63                  0          0.00        2139.1     76  
02251     Anadarko, OK                                                     40                5929          2482            6283077          2.43                  0          0.00        2444.0     76  
03007     Ardmore, OK                                                      40               20888          9566           30232622         11.67              76559          0.03        1789.4     76  
05329     Bartlesville, OK                                                 40               38874         18205           63453216         24.50              32200          0.01        1586.7     76  
08083     Blackwell, OK                                                    40                6916          3315            9123360          3.52              17842          0.01        1963.4     76  
08209     Blanchard, OK                                                    40                3434          1391            8464354          3.27               4616          0.00        1050.8     76  
10378     Bristow, OK                                                      40                4110          2000            4773080          1.84               9110          0.00        2230.2     76  
10540     Broken Bow, OK                                                   40                4253          1836            8870862          3.43              47943          0.02        1241.7     76  
12120     Cache, OK                                                        40                2600          1060            3986908          1.54                  0          0.00        1689.0     76  
15238     Chandler, OK                                                     40                2704          1226            5642048          2.18              30544          0.01        1241.3     76  
15886     Checotah, OK                                                     40                2572          1193            3259479          1.26                  0          0.00        2043.7     76  
16291     Chickasha, OK                                                    40               15739          7224           25939917         10.02              96542          0.04        1571.5     76  
17128     Claremore, OK                                                    40               25164         10453           53906598         20.81              65492          0.03        1209.0     76  
17695     Cleveland, OK                                                    40                3128          1459            4020988          1.55                  0          0.00        2014.8     76  
18019     Clinton, OK                                                      40                8426          3506            9133610          3.53                  0          0.00        2389.3     76  
18478     Coffeyville, KS--OK                                              40     P           800           386            1676677          0.65                  0          0.00        1235.8     76  
18760     Collinsville, OK                                                 40                4248          1828            7246073          2.80              14217          0.01        1518.4     76  
21772     Cushing, OK                                                      40                6742          3308           11410634          4.41               4680          0.00        1530.3     76  
22427     Davis, OK                                                        40                2591          1216            4144108          1.60               6201          0.00        1619.3     76  
24931     Duncan, OK                                                       40               21301          9979           30435534         11.75             154753          0.06        1812.7     76  
25201     Durant, OK                                                       40               16402          7329           26250955         10.14              36886          0.01        1618.3     76  
26767     Elk City, OK                                                     40               10855          5014           16698709          6.45                  0          0.00        1683.6     76  
27280     El Reno, OK                                                      40               15069          5966           18477120          7.13               2157          0.00        2112.3     76  
27631     Enid, OK                                                         40               47609         21075           62145767         23.99              31297          0.01        1984.2     76  
30925     Fort Smith, AR--OK                                               40     P          2233          1024            5302282          2.05              10862          0.00        1090.7     75  
31546     Frederick, OK                                                    40                3899          1956            5771780          2.23                  0          0.00        1749.6     76  
35785     Grove, OK                                                        40                7158          4032           22045642          8.51            2817971          1.09         840.9     76  
36082     Guthrie, OK                                                      40                8191          3711           13768104          5.32                  0          0.00        1540.9     76  
36109     Guymon, OK                                                       40               11338          4233           12512672          4.83                  0          0.00        2346.8     76  
36919     Harrah, OK                                                       40                3904          1617           13910348          5.37                  0          0.00         726.9     76  
37378     Hartshorne, OK                                                   40                2539          1196            4876050          1.88                  0          0.00        1348.6     76  
37999     Heavener, OK                                                     40                3760          1333            6796387          2.62                  0          0.00        1432.9     76  
38404     Henryetta, OK                                                    40                6562          3089           12172169          4.70                  0          0.00        1396.3     76  
39187     Hobart, OK                                                       40                3622          1856            4481230          1.73                  0          0.00        2093.4     76  
39376     Holdenville, OK                                                  40                5768          2191            8456897          3.27              45169          0.02        1766.5     76  
39727     Hominy, OK                                                       40                3493          1134            3519472          1.36                  0          0.00        2570.5     76  
40564     Hugo, OK                                                         40                5028          2478            8451115          3.26               5149          0.00        1540.9     76  
40969     Idabel, OK                                                       40                5940          2724           11517449          4.45              66230          0.03        1335.8     76  
45100     Kingfisher, OK                                                   40                4144          1829            5639460          2.18               5154          0.00        1903.2     76  
48394     Lawton, OK                                                       40               94457         39296          114152127         44.07                  0          0.00        2143.1     75  
50068     Lindsay, OK                                                      40                2796          1376            4768573          1.84              10774          0.00        1518.6     76  
52363     McAlester, OK                                                    40               19501          8248           26812863         10.35              86403          0.03        1883.7     76  
53011     Madill, OK                                                       40                4419          1732            6101837          2.36                174          0.00        1875.7     76  
53821     Mangum, OK                                                       40                2954          1489            3687883          1.42                  0          0.00        2074.6     76  
54010     Mannford, OK                                                     40                2986          1306            7492048          2.89             822526          0.32        1032.3     76  
54847     Marlow, OK                                                       40                4230          1900            4740599          1.83                  0          0.00        2311.0     76  
56629     Miami, OK                                                        40               16144          6963           20795427          8.03              46947          0.02        2010.7     76  
60546     Muldrow--Roland, OK                                              40                5841          2460           11010360          4.25              67123          0.03        1374.0     76  
60868     Muskogee, OK                                                     40               42052         19081           72622388         28.04              69339          0.03        1499.7     76  
62272     New Cordell, OK                                                  40                2876          1363            4577495          1.77                  0          0.00        1627.3     76  
63433     Norman, OK                                                       40              103898         45160          116231709         44.88            2095584          0.81        2315.2     75  
64216     Nowata, OK                                                       40                3632          1719            5937778          2.29                  0          0.00        1584.2     76  
65053     Okemah, OK                                                       40                3152          1443            4037519          1.56              13855          0.01        2021.9     76  
65080     Oklahoma City, OK                                                40              861505        376247         1063534320        410.63           20339095          7.85        2098.0     75  
65107     Okmulgee, OK                                                     40               14053          6374           24366345          9.41                  0          0.00        1493.7     76  
67942     Pauls Valley, OK                                                 40                5835          2892            8732163          3.37              49520          0.02        1730.7     76  
67969     Pawhuska, OK                                                     40                3623          1798            7807082          3.01              18930          0.01        1201.9     76  
68725     Perry, OK                                                        40                5052          2519            6866228          2.65                  0          0.00        1905.6     76  
70615     Ponca City, OK                                                   40               26047         12241           48761504         18.83             389928          0.15        1383.5     76  
71641     Poteau, OK                                                       40                7791          3251           14046410          5.42              10646          0.00        1436.6     76  
72586     Pryor Creek, OK                                                  40                9325          4176           14279883          5.51              56344          0.02        1691.3     76  
72829     Purcell, OK                                                      40                6877          2829           10402531          4.02             107461          0.04        1712.2     76  
78418     Sallisaw, OK                                                     40                8179          3627           13972032          5.39              63949          0.02        1516.1     76  
79876     Sayre, OK                                                        40                4041          1225            3596800          1.39                  0          0.00        2909.8     76  
80605     Seminole, OK                                                     40                5931          2708            8917446          3.44                  0          0.00        1722.6     76  
81091     Shawnee, OK                                                      40               34255         15081           57505039         22.20             115652          0.04        1542.8     76  
81982     Siloam Springs, AR--OK                                           40     P           676           281            3051820          1.18                  0          0.00         573.7     76  
82360     Skiatook, OK                                                     40                6768          2822            9613995          3.71              56901          0.02        1823.3     76  
84979     Stigler, OK                                                      40                2843          1300            5991106          2.31                  0          0.00        1229.0     76  
85033     Stillwater, OK                                                   40               44515         19178           53158371         20.52            1097486          0.42        2168.9     76  
85060     Stilwell, OK                                                     40                3789          1585            6045731          2.33              19462          0.01        1623.2     76  
85519     Sulphur, OK                                                      40                4733          2199            9583866          3.70             133634          0.05        1279.1     76  
86383     Tahlequah, OK                                                    40               18521          7891           31231883         12.06             278119          0.11        1535.9     76  
88030     Tonkawa, OK                                                      40                3141          1308            3860354          1.49                  0          0.00        2107.4     76  
88948     Tulsa, OK                                                        40              655479        288404          870011206        335.91            9220451          3.56        1951.3     75  
89177     Tuttle, OK                                                       40                2517           939           10021841          3.87                  0          0.00         650.5     76  
90784     Vinita, OK                                                       40                6002          2625            9294661          3.59                  0          0.00        1672.5     76  
91135     Wagoner, OK                                                      40                8043          3396           12277045          4.74                  0          0.00        1696.8     76  
91540     Walters, OK                                                      40                2506          1192            3327197          1.28               1235          0.00        1950.7     76  
92836     Watonga, OK                                                      40                5084          1471            5421207          2.09                  0          0.00        2428.9     76  
93457     Weatherford, OK                                                  40               10713          4770            9805161          3.79                  0          0.00        2829.8     76  
94645     Wewoka, OK                                                       40                3071          1452            4023664          1.55                  0          0.00        1976.8     76  
95212     Wilburton, OK                                                    40                2979          1274            6180497          2.39              39798          0.02        1248.4     76  
97237     Woodward, OK                                                     40               11344          5404           21722405          8.39             106423          0.04        1352.6     76  
                                                  
                                                  
                                                  
Oregon                                            
                                                  
UACE      NAME                                                             STATE  PART        POP            HU           AREALAND  AREALANDSQMI          AREAWATER AREAWATERSQMI        POPDEN  LSADC  
00955     Albany, OR                                                       41               56997         23542           62063265         23.96             299239          0.12        2378.6     75  
03547     Astoria, OR                                                      41               14115          6907           23599409          9.11            1640016          0.63        1549.1     76  
04249     Aumsville, OR                                                    41                3692          1282            2980845          1.15                  0          0.00        3207.9     76  
04654     Baker City, OR                                                   41                9518          4498           13005431          5.02             178980          0.07        1895.5     76  
04924     Bandon, OR                                                       41                3119          1858            5707594          2.20               7840          0.00        1415.3     76  
06868     Bend, OR                                                         41               83794         38921          102853427         39.71             562028          0.22        2110.0     75  
08677     Boardman, OR                                                     41                3362          1055            7455032          2.88                  0          0.00        1168.0     76  
10621     Brookings, OR                                                    41               10915          5757           18177036          7.02             329209          0.13        1555.2     76  
11863     Burns, OR                                                        41                4131          2111            6511204          2.51                  0          0.00        1643.2     76  
13221     Canby, OR                                                        41               17119          6387           12951314          5.00              55151          0.02        3423.4     76  
13821     Carlton, OR                                                      41                3178          1196            9786347          3.78                  0          0.00         841.1     76  
19936     Coos Bay, OR                                                     41               31386         14685           42682802         16.48            4903511          1.89        1904.5     76  
19990     Coquille, OR                                                     41                4359          2035            9259249          3.58              84422          0.03        1219.3     76  
20422     Corvallis, OR                                                    41               62433         26689           54685518         21.11             210755          0.08        2956.9     75  
20503     Cottage Grove, OR                                                41               11007          4746           13711821          5.29             176569          0.07        2079.1     76  
21070     Creswell, OR                                                     41                6320          2564            9308198          3.59              53213          0.02        1758.5     76  
22015     Dallas, OR                                                       41               15340          6431           13783467          5.32                  0          0.00        2882.5     76  
27901     Estacada, OR                                                     41                3838          1572            7365552          2.84              40488          0.02        1349.6     76  
28117     Eugene, OR                                                       41              247421        108056          224689268         86.75             977485          0.38        2852.0     75  
30034     Florence, OR                                                     41               10177          6354           18781172          7.25              57886          0.02        1403.4     76  
33749     Gold Beach, OR                                                   41                2787          1671            5482394          2.12             491738          0.19        1316.6     76  
34516     Grants Pass, OR                                                  41               50520         23257           70435849         27.20             742626          0.29        1857.7     75  
37054     Harrisburg, OR                                                   41                3637          1351            3816202          1.47                  0          0.00        2468.4     76  
38485     Hermiston, OR                                                    41               27790         10250           39754766         15.35              42819          0.02        1810.5     76  
39916     Hood River, OR--WA                                               41     P         10687          4870           18600463          7.18             948849          0.37        1488.1     76  
41779     Irrigon, OR                                                      41                2686           955            4460874          1.72                  0          0.00        1559.5     76  
43534     Junction City, OR                                                41                5966          2586            5467857          2.11                  0          0.00        2825.9     76  
45505     Klamath Falls--Altamont, OR                                      41               41434         18684           56722162         21.90              90570          0.03        1891.9     76  
46207     La Grande, OR                                                    41               14909          6541           15685879          6.06              53160          0.02        2461.7     76  
47152     Lakeview, OR                                                     41                2895          1531            3329117          1.29              27431          0.01        2252.3     76  
47758     La Pine Northwest, OR                                            41                2651          1342            9674719          3.74                  0          0.00         709.7     76  
48637     Lebanon, OR                                                      41               19744          8447           26243971         10.13             374894          0.14        1948.5     76  
49960     Lincoln City, OR                                                 41               10526          9219           18441477          7.12            2618765          1.01        1478.3     76  
51283     Longview, WA--OR                                                 41     P          2354          1097            5580525          2.15             948219          0.37        1092.5     75  
52741     McMinnville, OR                                                  41               38970         14749           38129251         14.72                  0          0.00        2647.1     76  
53308     Madras, OR                                                       41                8010          3382           13796368          5.33                  0          0.00        1503.7     76  
55981     Medford, OR                                                      41              154081         68182          167617526         64.72             655828          0.25        2380.8     75  
58033     Molalla, OR                                                      41                8752          3267            9439673          3.64                  0          0.00        2401.3     76  
58249     Monmouth--Independence, OR                                       41               18167          6652           14031690          5.42              50801          0.02        3353.3     76  
59827     Mount Angel, OR                                                  41                3568          1312            3322719          1.28                  0          0.00        2781.2     76  
59923     Mount Hood Village, OR                                           41                3638          2083           11038035          4.26                  0          0.00         853.6     76  
61813     Newberg, OR                                                      41               27001         10093           25602433          9.89              41162          0.02        2731.5     76  
62839     Newport, OR                                                      41               11188          6291           19309936          7.46             723893          0.28        1500.6     76  
64243     Nyssa, OR                                                        41                3475          1229            4547291          1.76                  0          0.00        1979.2     76  
64513     Oakridge, OR                                                     41                3214          1601            4055305          1.57                 37          0.00        2052.7     76  
65539     Ontario, OR--ID                                                  41     P         12569          5065           16634622          6.42                935          0.00        1957.0     76  
68428     Pendleton, OR                                                    41               17216          7030           23750820          9.17                  0          0.00        1877.4     76  
71317     Portland, OR--WA                                                 41     P       1490336        633111         1034239356        399.32           31342729         12.10        3732.2     75  
72424     Prineville, OR                                                   41               10905          4884           16380363          6.32                  0          0.00        1724.2     76  
73882     Redmond, OR                                                      41               27685         11581           35219353         13.60               1879          0.00        2035.9     76  
74098     Reedsport, OR                                                    41                4487          2440            6193017          2.39             511905          0.20        1876.5     76  
76339     Roseburg, OR                                                     41               41700         18657           49765976         19.21            1330013          0.51        2170.2     76  
77527     St. Helens, OR                                                   41               25650         10485           33852403         13.07             267737          0.10        1962.4     76  
78229     Salem, OR                                                        41              236632         92623          196635313         75.92            1001928          0.39        3116.8     75  
78823     Sandy, OR                                                        41                9954          3943            8127133          3.14               3843          0.00        3172.2     76  
80335     Seaside, OR                                                      41                8489          5959           13570991          5.24             370638          0.14        1620.1     76  
80875     Shady Cove, OR                                                   41                3379          1717            6490579          2.51             249581          0.10        1348.3     76  
81577     Sheridan, OR                                                     41                8468          2461            8315246          3.21             158433          0.06        2637.6     76  
82117     Silverton, OR                                                    41                9614          3819           10035045          3.87              42776          0.02        2481.3     76  
84655     Stayton, OR                                                      41               10291          4175            8623007          3.33                  0          0.00        3091.0     76  
85978     Sutherlin, OR                                                    41                8653          3853           10081943          3.89             131321          0.05        2222.9     76  
86113     Sweet Home, OR                                                   41                9569          4017           15992520          6.17             252060          0.10        1549.7     76  
87263     The Dalles, OR--WA                                               41     P         16876          7176           24568709          9.49            2434340          0.94        1779.0     76  
87652     Tillamook, OR                                                    41                7675          3532           11330752          4.37                  0          0.00        1754.4     76  
87895     Toledo, OR                                                       41                3582          1519            5295734          2.04             254367          0.10        1751.9     76  
88504     Tri-City--Myrtle Creek, OR                                       41                8492          3603           12620931          4.87              10084          0.00        1742.7     76  
90271     Veneta, OR                                                       41                5979          2360           10696433          4.13             102736          0.04        1447.7     76  
91270     Waldport, OR                                                     41                3434          2505            9059725          3.50             654341          0.25         981.7     76  
91405     Walla Walla, WA--OR                                              41     P          8825          3475           14513974          5.60                  0          0.00        1574.8     75  
93619     Weiser, ID--OR                                                   41     P           108            48             361522          0.14              62543          0.02         773.7     76  
96913     Woodburn, OR                                                     41               32943         10942           30210500         11.66              17271          0.01        2824.2     76  
                                                  
                                                  
                                                  
Pennsylvania                                      
                                                  
UACE      NAME                                                             STATE  PART        POP            HU           AREALAND  AREALANDSQMI          AREAWATER AREAWATERSQMI        POPDEN  LSADC  
01144     Albion, PA                                                       42                4574          1048            7434016          2.87              56074          0.02        1593.6     76  
01495     Allentown, PA--NJ                                                42     P        632208        257674          860276894        332.15           10230860          3.95        1903.4     75  
01792     Altoona, PA                                                      42               79930         35760           96848806         37.39             168678          0.07        2137.5     75  
03395     Ashland, PA                                                      42                7820          3446           14644912          5.65                  0          0.00        1383.0     76  
06193     Bedford, PA                                                      42                4693          2445            8500427          3.28             207474          0.08        1429.9     76  
06463     Bellefonte, PA                                                   42               12888          5825           24810471          9.58                  0          0.00        1345.4     76  
06787     Belvidere, NJ--PA                                                42     P            62            29              46392          0.02               8279          0.00        3461.4     76  
07732     Binghamton, NY--PA                                               42     P          2422          1152            3248562          1.25              68681          0.03        1931.0     75  
08164     Blairsville, PA                                                  42                7060          3231           15751995          6.08              86927          0.03        1160.8     76  
08434     Bloomsburg--Berwick, PA                                          42               53618         23149           84652608         32.68            3134384          1.21        1640.5     75  
08992     Bonneauville, PA                                                 42                4427          1811            8233014          3.18             585978          0.23        1392.7     76  
09541     Bradford, PA--NY                                                 42     P         12073          5339           13635311          5.26             191141          0.07        2293.2     76  
10426     Brockway, PA                                                     42                2856          1348            6218175          2.40              99397          0.04        1189.6     76  
10810     Brookville, PA                                                   42                4542          2143            9738674          3.76             195895          0.08        1207.9     76  
11575     Burgettstown, PA                                                 42                3380          1621            6326715          2.44                  0          0.00        1383.7     76  
11998     Butler, PA                                                       42               40352         18974           85129131         32.87             329997          0.13        1227.7     76  
12890     Cambridge Springs, PA                                            42                2602           752            2092684          0.81                  0          0.00        3220.3     76  
15184     Chambersburg, PA                                                 42               50887         22244           96785729         37.37              46082          0.02        1361.7     75  
17209     Clarion, PA                                                      42                9373          3927           17249462          6.66             263666          0.10        1407.3     76  
17452     Clearfield, PA                                                   42               10903          5346           14572486          5.63             446978          0.17        1937.8     76  
20314     Corry, PA                                                        42                6571          2840           10384642          4.01               3552          0.00        1638.8     76  
20980     Cresson, PA                                                      42               11106          3284           24317204          9.39             103688          0.04        1182.9     76  
21745     Cumberland, MD--WV--PA                                           42     P            31            20             140170          0.05                  0          0.00         572.8     75  
21760     Curwensville, PA                                                 42                2751          1288            3997484          1.54              77147          0.03        1782.4     76  
24796     DuBois, PA                                                       42               11898          5597           17602062          6.80             139729          0.05        1750.7     76  
25687     East Liverpool, OH--WV--PA                                       42     P          3448          1798            9153007          3.53             521013          0.20         975.7     76  
25802     East Prospect, PA                                                42                2575          1010            6257378          2.42                  0          0.00        1065.8     76  
25849     East Stroudsburg, PA--NJ                                         42     P         54067         21737          133719810         51.63            1260259          0.49        1047.2     75  
26065     Ebensburg, PA                                                    42                4914          2361            7359603          2.84              93310          0.04        1729.3     76  
26227     Edinboro, PA                                                     42                7263          2716            7241989          2.80             192444          0.07        2597.5     76  
27085     Ellwood City, PA                                                 42               13006          6133           15997301          6.18             497769          0.19        2105.7     76  
27300     Elverson, PA                                                     42                3697          1523            7339809          2.83              29195          0.01        1304.6     76  
27496     Emmitsburg, MD--PA                                               42     P          2429           920            7040451          2.72                  0          0.00         893.6     76  
27577     Emporium, PA                                                     42                2677          1431            3532995          1.36             218923          0.08        1962.5     76  
27766     Erie, PA                                                         42              196611         85558          213013051         82.24             364675          0.14        2390.6     75  
28414     Everett, PA                                                      42                3220          1581            4965600          1.92              49315          0.02        1679.5     76  
28624     Fairdale, PA                                                     42                4166          1960            9121939          3.52              16236          0.01        1182.9     76  
31411     Franklin (Venango County), PA                                    42                9581          4529           16105093          6.22             226256          0.09        1540.8     76  
35434     Greenville, PA                                                   42               10771          4661           18534611          7.16                  0          0.00        1505.1     76  
35812     Grove City, PA                                                   42               11886          4076           23013908          8.89              39717          0.02        1337.7     76  
36190     Hagerstown, MD--WV--PA                                           42     P          9503          4028           21732652          8.39                  0          0.00        1132.5     75  
36784     Hanover, PA                                                      42               66301         27104           93488433         36.10             687003          0.27        1836.8     75  
37081     Harrisburg, PA                                                   42              444474        196644          672575052        259.68           21913290          8.46        1711.6     75  
37945     Hazleton, PA                                                     42               56827         25625           80890936         31.23              77531          0.03        1819.5     75  
39835     Honesdale, PA                                                    42                5849          3008           10980822          4.24             502079          0.19        1379.6     76  
40456     Houtzdale, PA                                                    42                4081           904            4136273          1.60               2219          0.00        2555.4     76  
40699     Huntingdon, PA                                                   42               11385          3445           10726049          4.14             215459          0.08        2749.1     76  
41185     Indiana, PA                                                      42               28807         11852           30525847         11.79             127645          0.05        2444.2     76  
43064     Jersey Shore, PA                                                 42                9606          4071           18099294          6.99             533116          0.21        1374.6     76  
43129     Jim Thorpe, PA                                                   42                5594          2729            6895113          2.66              64405          0.02        2101.3     76  
43291     Johnstown, PA                                                    42               69014         34413          100011476         38.61             901003          0.35        1787.2     75  
43858     Kane, PA                                                         42                3770          1912            3535587          1.37               2286          0.00        2761.7     76  
45478     Kittanning--Ford City, PA                                        42               14072          7145           20076242          7.75            1981408          0.77        1815.4     76  
45802     Kutztown, PA                                                     42               10002          2612            8018416          3.10              23301          0.01        3230.7     76  
46868     Lake Meade, PA                                                   42                2563          1059            3425498          1.32            1090434          0.42        1937.9     76  
47530     Lancaster, PA                                                    42              402004        163873          641094177        247.53            7665597          2.96        1624.1     75  
48664     Lebanon, PA                                                      42               77086         32291          116748917         45.08             543343          0.21        1710.1     75  
49393     Lewistown, PA                                                    42               22181         10761           37806202         14.60             690577          0.27        1519.6     76  
49744     Ligonier, PA                                                     42                3314          1845            7273704          2.81                  0          0.00        1180.0     76  
50419     Littlestown, PA                                                  42                6302          2641            9221253          3.56               9796          0.00        1770.1     76  
50770     Lock Haven, PA                                                   42               17741          7295           27288360         10.54             563239          0.22        1683.8     76  
52174     Lykens, PA                                                       42                2973          1470            5002766          1.93                  0          0.00        1539.2     76  
54118     Mansfield, PA                                                    42                4152          1369            5334117          2.06                  0          0.00        2016.0     76  
55198     Martinsburg, PA                                                  42                2733          1283            5030727          1.94                  0          0.00        1407.0     76  
55441     Masontown, PA                                                    42                4443          2052            6968919          2.69                  0          0.00        1651.2     76  
55900     Meadville, PA                                                    42               23887         12093           46521585         17.96             117594          0.05        1329.9     76  
56278     Mercer, PA                                                       42                3838          1138            3935436          1.52                  0          0.00        2525.9     76  
56575     Meyersdale, PA                                                   42                2596          1273            4053308          1.56                  0          0.00        1658.8     76  
57061     Mifflinburg, PA                                                  42                4363          2005            6826981          2.64              14764          0.01        1655.2     76  
57069     Mifflintown, PA                                                  42                4372          1912           11284395          4.36             618517          0.24        1003.5     76  
57206     Milford, NJ--PA                                                  42     P           388           207            1105132          0.43             214516          0.08         909.3     76  
57304     Millersburg, PA                                                  42                4540          2201            5524634          2.13                  0          0.00        2128.4     76  
57368     Millsboro, PA                                                    42                3728           856            6679481          2.58            1067861          0.41        1445.5     76  
57439     Milton--Lewisburg, PA                                            42               30806         12560           57179221         22.08            1533075          0.59        1395.4     76  
58168     Monessen--California, PA                                         42               66086         32513          115818048         44.72            3542409          1.37        1477.9     75  
58654     Montgomery, PA                                                   42                6453          1106            7498197          2.90              15683          0.01        2229.0     76  
59501     Moscow, PA                                                       42                2811          1112            7071431          2.73                  0          0.00        1029.6     76  
59910     Mount Holly Springs, PA                                          42                4416          1802            9159873          3.54             276290          0.11        1248.6     76  
60195     Mount Pocono--Emerald Lakes, PA                                  42               24216         11296           44640418         17.24            1069587          0.41        1405.0     76  
60301     Mount Union, PA                                                  42                3859          1886            6102326          2.36             179120          0.07        1637.9     76  
60652     Muncy, PA                                                        42                9495          3615           20568916          7.94             549750          0.21        1195.6     76  
61030     Nanty-Glo, PA                                                    42                3918          1817            9326380          3.60               2712          0.00        1088.1     76  
62164     New Castle, PA                                                   42               41907         19772           74130760         28.62             928278          0.36        1464.2     76  
62353     New Freedom--Shrewsbury, PA--MD                                  42     P         14138          5746           24468996          9.45              22309          0.01        1496.5     76  
62866     Newport, PA                                                      42                2657          1232            2052738          0.79                  0          0.00        3352.4     76  
63190     New Wilmington, PA                                               42                2638           726            3137704          1.21              58464          0.02        2177.5     76  
63622     North East, PA                                                   42                6456          2772            8146208          3.15               1852          0.00        2052.6     76  
63649     Northern Cambria, PA                                             42                6544          2953           19094921          7.37                705          0.00         887.6     76  
64999     Oil City, PA                                                     42               15296          7179           23804846          9.19             621680          0.24        1664.2     76  
66025     Orwigsburg, PA                                                   42                5645          2447           10478708          4.05              83332          0.03        1395.3     76  
67882     Patton, PA                                                       42                2798          1357            6450527          2.49                  0          0.00        1123.4     76  
69076     Philadelphia, PA--NJ--DE--MD                                     42     P       3760387       1558473         3226906466       1245.92           50571894         19.53        3018.2     75  
69130     Philipsburg, PA                                                  42               10015          4168           16801278          6.49             173006          0.07        1543.9     76  
69508     Pine Grove, PA                                                   42                3462          1591            7569931          2.92                  0          0.00        1184.5     76  
69697     Pittsburgh, PA                                                   42             1733853        822265         2344389921        905.17           42121620         16.26        1915.5     75  
70465     Pocono Woodland Lakes, PA                                        42                7020          3127           22650152          8.75            1331720          0.51         802.7     76  
70831     Portage, PA                                                      42                7247          3371           12328728          4.76                  0          0.00        1522.4     76  
71209     Port Jervis, NY--PA                                              42     P          5665          2746           15443392          5.96             258226          0.10         950.1     76  
71749     Pottstown, PA                                                    42              107682         43607          204158561         78.83            1731461          0.67        1366.1     75  
71776     Pottsville, PA                                                   42               43247         20754           59869973         23.12             789054          0.30        1870.9     76  
72775     Punxsutawney, PA                                                 42                6394          3206           10081146          3.89             210270          0.08        1642.7     76  
72910     Quarryville, PA                                                  42                7233          2935           18487615          7.14             109379          0.04        1013.3     76  
73693     Reading, PA                                                      42              266254        107728          268950136        103.84            2929578          1.13        2564.0     75  
74287     Reynoldsville, PA                                                42                2839          1325            4160060          1.61              32071          0.01        1767.5     76  
74908     Ridgway, PA                                                      42                4410          2225            8018905          3.10              94856          0.04        1424.4     76  
75475     Roaring Spring, PA                                               42                7130          3244           18574128          7.17                  0          0.00         994.2     76  
77878     St. Marys, PA                                                    42                9585          4507           17281804          6.67               3139          0.00        1436.5     76  
79834     Saw Creek, PA                                                    42                5880          3580           14598492          5.64              72755          0.03        1043.2     76  
79903     Sayre--Waverly, PA--NY                                           42     P         12837          5924           17999703          6.95             479661          0.19        1847.1     76  
80227     Scranton, PA                                                     42              381502        175920          442332402        170.79            8084220          3.12        2233.8     75  
80985     Shamokin--Mount Carmel, PA                                       42               30185         15948           21205721          8.19              46416          0.02        3686.7     76  
81472     Shenandoah--Mahanoy City--Frackville, PA                         42               19009          8944           29667901         11.45             423259          0.16        1659.5     76  
81658     Shippensburg, PA                                                 42               17008          6569           25385670          9.80              92757          0.04        1735.3     76  
81889     Sierra View--Indian Mountain Lake, PA                            42               28347         12811          103856878         40.10             481605          0.19         706.9     76  
82495     Slippery Rock, PA                                                42                6716          1957            8467487          3.27                  0          0.00        2054.3     76  
82927     Somerset, PA                                                     42               12583          4476           20157347          7.78                  0          0.00        1616.8     76  
84493     State College, PA                                                42               87454         32177           74657391         28.83                  0          0.00        3033.9     75  
84925     Stewartstown, PA                                                 42                4663          1739            6415831          2.48                  0          0.00        1882.4     76  
85762     Sunbury, PA                                                      42               29541         13130           43976630         16.98            1050821          0.41        1739.8     76  
85924     Susquehanna Depot, PA                                            42                2585          1156            4055705          1.57             297321          0.11        1650.8     76  
86572     Tamaqua, PA                                                      42               15200          7785           12958172          5.00               1611          0.00        3038.1     76  
87814     Titusville, PA                                                   42                5732          2682            8188697          3.16                  0          0.00        1813.0     76  
88246     Towanda, PA                                                      42                4588          2254            7295613          2.82             123183          0.05        1628.8     76  
88327     Treasure Lake, PA                                                42                2982          1497            7420006          2.86            1970944          0.76        1040.9     76  
89002     Tunkhannock, PA                                                  42                3426          1617            8854709          3.42             312233          0.12        1002.1     76  
89353     Tyrone, PA                                                       42                7622          3425           10903792          4.21                  0          0.00        1810.5     76  
89542     Union City, PA                                                   42                3381          1425            4986309          1.93              65231          0.03        1756.2     76  
89650     Uniontown--Connellsville, PA                                     42               51370         23947          100552791         38.82             497700          0.19        1323.2     75  
91837     Warren, PA                                                       42               15420          7532           21643084          8.36            1329250          0.51        1845.3     76  
93322     Waynesboro, PA--MD                                               42     P         24719         10955           41555324         16.04              17949          0.01        1540.6     76  
93376     Waynesburg, PA                                                   42                8665          2923            9077467          3.50                  0          0.00        2472.3     76  
93592     Weirton--Steubenville, WV--OH--PA                                42     P           302           129             935079          0.36                  0          0.00         836.5     75  
95455     Williamsport, PA                                                 42               56142         25270           68629691         26.50            2269210          0.88        2118.7     75  
95563     Williamstown, PA                                                 42                4596          2197            5212381          2.01                  0          0.00        2283.7     76  
97750     York, PA                                                         42              232045         95573          342425738        132.21            1163474          0.45        1755.1     75  
97831     Youngstown, OH--PA                                               42     P         39477         19488           63885841         24.67             177988          0.07        1600.4     75  
97858     Youngsville, PA                                                  42                2921          1359            6585402          2.54              20006          0.01        1148.8     76  
                                                  
                                                  
                                                  
Rhode Island                                      
                                                  
UACE      NAME                                                             STATE  PART        POP            HU           AREALAND  AREALANDSQMI          AREAWATER AREAWATERSQMI        POPDEN  LSADC  
09271     Boston, MA--NH--RI                                               44     P           272            69             854062          0.33             170252          0.07         824.9     75  
15589     Charlestown, RI                                                  44                2942          2629           10853168          4.19             113914          0.04         702.1     76  
64135     Norwich--New London, CT--RI                                      44     P         21149         11232           40911591         15.80            1050462          0.41        1338.9     75  
72505     Providence, RI--MA                                               44     P        930680        405251          985031117        380.32           59749285         23.07        2447.1     75  
                                                  
                                                  
                                                  
South Carolina                                    
                                                  
UACE      NAME                                                             STATE  PART        POP            HU           AREALAND  AREALANDSQMI          AREAWATER AREAWATERSQMI        POPDEN  LSADC  
00064     Abbeville, SC                                                    45                5243          2578           11315197          4.37              19786          0.01        1200.1     76  
01468     Allendale, SC                                                    45                3307          1567            5948739          2.30                  0          0.00        1439.8     76  
02413     Anderson, SC                                                     45               75702         34650          191880867         74.09            3293922          1.27        1021.8     75  
02440     Andrews, SC                                                      45                3903          1709            7780782          3.00                  0          0.00        1299.2     76  
04222     Augusta-Richmond County, GA--SC                                  45     P        103504         46780          232658872         89.83            2674915          1.03        1152.2     75  
04897     Bamberg, SC                                                      45                3492          1526            7238001          2.79                  0          0.00        1249.5     76  
05194     Barnwell, SC                                                     45                3949          1849            9375809          3.62              37819          0.01        1090.9     76  
05518     Batesburg-Leesville, SC                                          45                5267          2403           14994938          5.79             127564          0.05         909.7     76  
06031     Beaufort--Port Royal, SC                                         45               48807         19864          118887681         45.90           13054171          5.04        1063.3     76  
06779     Belton, SC                                                       45                5443          2646           13888537          5.36              45090          0.02        1015.0     76  
06895     Bennettsville, SC                                                45               13006          4758           21712861          8.38            1278568          0.49        1551.4     76  
07894     Bishopville, SC                                                  45                5391          1712            5967131          2.30                  0          0.00        2339.9     76  
12970     Camden, SC                                                       45               13546          6478           40708565         15.72            1288210          0.50         861.8     76  
15508     Charleston--North Charleston, SC                                 45              548404        242594          759769589        293.35           29158991         11.26        1869.5     75  
15670     Charlotte, NC--SC                                                45     P         68958         28508          134439724         51.91            2416925          0.93        1328.5     75  
15994     Cheraw, SC                                                       45                8160          3704           16307311          6.30             110596          0.04        1296.0     76  
16140     Chesnee, SC                                                      45                3003          1380           10751856          4.15              27531          0.01         723.4     76  
16183     Chester, SC                                                      45                9351          4233           17920094          6.92              12333          0.00        1351.5     76  
18046     Clinton, SC                                                      45               11176          4663           23812166          9.19             100428          0.04        1215.6     76  
18154     Clover, SC                                                       45                6513          2629           14308216          5.52              29347          0.01        1178.9     76  
18964     Columbia, SC                                                     45              549777        233477          984258969        380.02           15816560          6.11        1446.7     75  
23446     Denmark, SC                                                      45                3781          1600            7027466          2.71                  0          0.00        1393.5     76  
24202     Dillon, SC                                                       45                9777          4160           18560884          7.17              46676          0.02        1364.3     76  
26146     Edgefield, SC                                                    45                4562          1137            7071169          2.73              47295          0.02        1670.9     76  
30061     Florence, SC                                                     45               89557         39135          184022610         71.05            1356520          0.52        1260.5     75  
32140     Gaffney, SC                                                      45               20844          9205           48030432         18.54             144009          0.06        1124.0     76  
32653     Gastonia, NC--SC                                                 45     P           162            59             686583          0.27                  0          0.00         611.1     75  
33031     Georgetown, SC                                                   45               12320          5581           26462813         10.22            1246311          0.48        1205.8     76  
35461     Greenville, SC                                                   45              400492        175798          829432086        320.25            6911588          2.67        1250.6     75  
35596     Greenwood, SC                                                    45               42103         18610           90743902         35.04             648767          0.25        1201.7     76  
36649     Hampton, SC                                                      45                4540          2085           14559608          5.62                  0          0.00         807.6     76  
36798     Hardeeville, SC                                                  45                2957          1081            7548802          2.91                862          0.00        1014.5     76  
37405     Hartsville, SC                                                   45               15125          6931           32452320         12.53             431497          0.17        1207.1     76  
39079     Hilton Head Island, SC                                           45               68998         47033          175137093         67.62            7770964          3.00        1020.4     75  
39808     Honea Path, SC                                                   45                3505          1773            7784826          3.01               4882          0.00        1166.1     76  
45289     Kingstree, SC                                                    45                6095          2817           13831492          5.34                  0          0.00        1141.3     76  
46612     Lake City, SC                                                    45                8496          3653           18234705          7.04              19727          0.01        1206.7     76  
46918     Lake Murray North Shore, SC                                      45                3626          1702           14462577          5.58              56764          0.02         649.4     76  
47557     Lancaster, SC                                                    45               23979         10446           61665834         23.81              77921          0.03        1007.1     76  
47665     Landrum, SC--NC                                                  45     P          2654          1386            7253619          2.80              15623          0.01         947.6     76  
48151     Laurens, SC                                                      45               10336          4887           19718317          7.61                  0          0.00        1357.6     76  
54037     Manning, SC                                                      45                4998          2228           10476346          4.04              26703          0.01        1235.6     76  
54685     Marion, SC                                                       45                7464          3328           11606227          4.48                  0          0.00        1665.6     76  
55603     Mauldin--Simpsonville, SC                                        45              120577         47649          216429262         83.56            1361479          0.53        1442.9     75  
60598     Mullins, SC                                                      45                5512          2608           10025694          3.87                  0          0.00        1423.9     76  
60895     Myrtle Beach--Socastee, SC--NC                                   45     P        195025        153153          418867379        161.73            4640776          1.79        1205.9     75  
61894     Newberry, SC                                                     45               12046          5254           23619251          9.12              26999          0.01        1320.9     76  
65701     Orangeburg, SC                                                   45               33506         14705           82056401         31.68             696789          0.27        1057.6     76  
66835     Pageland, SC                                                     45                4100          1748           13254419          5.12              11618          0.00         801.2     76  
67996     Pawleys Island, SC                                               45               11532          8424           33829722         13.06             118929          0.05         882.9     76  
74854     Ridgeland, SC                                                    45                5301          1680           14157566          5.47              38078          0.01         969.8     76  
75745     Rock Hill, SC                                                    45              104996         44687          247650267         95.62            1441094          0.56        1098.1     75  
78526     Saluda, SC                                                       45                3528          1326            5694047          2.20                  0          0.00        1604.7     76  
80671     Seneca, SC                                                       45               26054         12369           85941781         33.18            2335363          0.90         785.2     76  
83548     Spartanburg, SC                                                  45              180786         78962          492179513        190.03            7837873          3.03         951.3     75  
85708     Sumter, SC                                                       45               73107         31492          170128090         65.69            1236648          0.48        1113.0     75  
85775     Sun City Hilton Head, SC                                         45               12555          7499           22672494          8.75                  0          0.00        1434.2     76  
86315     Tabor City, NC--SC                                               45     P             6             2              51282          0.02                  0          0.00         303.0     76  
89488     Union, SC                                                        45               10033          5169           24096411          9.30              50374          0.02        1078.4     76  
91513     Walterboro, SC                                                   45                9502          4347           22203633          8.57              29424          0.01        1108.4     76  
96508     Winnsboro, SC                                                    45                5141          2582           10005243          3.86                  0          0.00        1330.8     76  
97102     Woodruff, SC                                                     45                4298          1926            8739766          3.37               9395          0.00        1273.7     76  
97777     York, SC                                                         45                7931          3382           16115269          6.22             120965          0.05        1274.6     76  
                                                  
                                                  
                                                  
South Dakota                                      
                                                  
UACE      NAME                                                             STATE  PART        POP            HU           AREALAND  AREALANDSQMI          AREAWATER AREAWATERSQMI        POPDEN  LSADC  
00145     Aberdeen, SD                                                     46               25977         12114           33002447         12.74             247597          0.10        2038.6     76  
06490     Belle Fourche, SD                                                46                5240          2367            6845671          2.64                  0          0.00        1982.5     76  
09460     Box Elder, SD                                                    46                7885          2873           20940383          8.09              18064          0.01         975.2     76  
09649     Brandon, SD                                                      46                8173          3009            8571969          3.31              10852          0.00        2469.4     76  
10648     Brookings, SD                                                    46               22482          8864           24560240          9.48                  0          0.00        2370.8     76  
13402     Canton, SD                                                       46                2679          1204            2980480          1.15                  0          0.00        2328.0     76  
23122     Dell Rapids, SD                                                  46                3584          1476            3767406          1.45                  0          0.00        2463.9     76  
37091     Harrisburg, SD                                                   46                3071          1152            3715599          1.43                  0          0.00        2140.7     76  
40240     Hot Springs, SD                                                  46                3550          1833            5463339          2.11                  0          0.00        1682.9     76  
40861     Huron, SD                                                        46               12637          6038           18628650          7.19             139515          0.05        1757.0     76  
48421     Lead, SD                                                         46                3750          2061            5596641          2.16                  0          0.00        1735.4     76  
53146     Madison, SD                                                      46                6174          2733            7338124          2.83                  0          0.00        2179.1     76  
57142     Milbank, SD                                                      46                3283          1658            5417145          2.09                  0          0.00        1569.6     76  
57817     Mitchell, SD                                                     46               14955          6979           17691336          6.83              20732          0.01        2189.4     76  
57952     Mobridge, SD                                                     46                3457          1730            4445295          1.72                  0          0.00        2014.2     76  
63588     North Eagle Butte, SD                                            46                2645           868            3556653          1.37                  0          0.00        1926.1     76  
69292     Pierre, SD                                                       46               14425          6605           29239945         11.29             584971          0.23        1277.7     76  
69535     Pine Ridge, SD                                                   46                2720           685            2896425          1.12                  0          0.00        2432.2     76  
73396     Rapid City, SD                                                   46               81251         35309          109435414         42.25             176785          0.07        1923.0     75  
82225     Sioux City, IA--NE--SD                                           46     P          5559          2414           14596376          5.64             335440          0.13         986.4     75  
82252     Sioux Falls, SD                                                  46              156777         67365          166203165         64.17            1222271          0.47        2443.1     75  
83575     Spearfish, SD                                                    46               11459          5459           15724273          6.07                  0          0.00        1887.4     76  
85330     Sturgis, SD                                                      46                6583          3139            9593464          3.70                  0          0.00        1777.2     76  
86830     Tea, SD                                                          46                3784          1343            3528594          1.36                  0          0.00        2777.5     76  
90325     Vermillion, SD                                                   46               10492          4004            8951179          3.46                  0          0.00        3035.8     76  
92701     Watertown, SD                                                    46               21111          9869           34621222         13.37              83404          0.03        1579.3     76  
96400     Winner, SD                                                       46                2907          1520            4529157          1.75                  0          0.00        1662.4     76  
97534     Yankton, SD                                                      46               14637          6310           14249696          5.50                  0          0.00        2660.4     76  
                                                  
                                                  
                                                  
Tennessee                                         
                                                  
UACE      NAME                                                             STATE  PART        POP            HU           AREALAND  AREALANDSQMI          AREAWATER AREAWATERSQMI        POPDEN  LSADC  
03158     Arlington, TN                                                    47               11502          3760           20162652          7.78              88141          0.03        1477.5     76  
03439     Ashland City, TN                                                 47                3384          1501            8110549          3.13                  0          0.00        1080.6     76  
03709     Athens, TN                                                       47               15985          7376           38475362         14.86                  0          0.00        1076.0     76  
03957     Atoka, TN                                                        47               18885          6695           53521249         20.66             235187          0.09         913.9     76  
06692     Bells, TN                                                        47                4758          2051           10509974          4.06              16845          0.01        1172.5     76  
08866     Bolivar, TN                                                      47                5394          2220           12919261          4.99                  0          0.00        1081.4     76  
10351     Bristol--Bristol, TN--VA                                         47     P         36130         16705           82085019         31.69              83060          0.03        1140.0     75  
10945     Brownsville, TN                                                  47                9879          4323           14946170          5.77                  0          0.00        1711.9     76  
12997     Camden, TN                                                       47                3552          1724           10463498          4.04                  0          0.00         879.2     76  
14320     Carthage, TN                                                     47                3282          1506            7503933          2.90             323757          0.13        1132.8     76  
15832     Chattanooga, TN--GA                                              47     P        302748        136634          585390984        226.02           19593525          7.57        1339.5     75  
17317     Clarksville, TN--KY                                              47     P        138309         56602          248854992         96.08             456221          0.18        1439.5     75  
17722     Cleveland, TN                                                    47               66777         28182          141410470         54.60             119768          0.05        1223.0     75  
18991     Columbia, TN                                                     47               34965         16072           64291449         24.82                  0          0.00        1408.6     76  
19828     Cookeville, TN                                                   47               44207         19480          114973680         44.39             246303          0.10         995.8     76  
20719     Covington, TN                                                    47                8578          3558           17164096          6.63                  0          0.00        1294.4     76  
21394     Crossville, TN                                                   47               16337          8038           54853057         21.18            2891771          1.12         771.4     76  
22110     Dandridge, TN                                                    47                4959          2093           22736661          8.78                  0          0.00         564.9     76  
22555     Dayton, TN                                                       47               10174          4148           23522412          9.08             601114          0.23        1120.2     76  
24121     Dickson, TN                                                      47               16016          7004           44561874         17.21             153621          0.06         930.9     76  
25025     Dunlap, TN                                                       47                3691          1571           11348382          4.38                  0          0.00         842.4     76  
25282     Dyer, TN                                                         47                3248          1483            6662278          2.57                  0          0.00        1262.7     76  
25309     Dyersburg, TN                                                    47               21903          9751           42503972         16.41             263973          0.10        1334.7     76  
27793     Erwin, TN                                                        47                9788          4556           16815084          6.49             117653          0.05        1507.6     76  
28009     Etowah, TN                                                       47                4129          2064            8903242          3.44                  0          0.00        1201.1     76  
28765     Fairfield Glade, TN                                              47                5584          3833           16201850          6.26            1594777          0.62         892.6     76  
28954     Fairview, TN                                                     47                6373          2342           16054678          6.20              52936          0.02        1028.1     76  
29467     Fayetteville, TN                                                 47                9178          4337           25155384          9.71                  0          0.00         945.0     76  
32032     Fulton, KY--TN                                                   47     P          1916           966            2345022          0.91                  0          0.00        2116.1     76  
34894     Greeneville, TN                                                  47               23957         10983           68058948         26.28                  0          0.00         911.7     76  
36298     Halls, TN                                                        47                2735          1241            5514640          2.13                  0          0.00        1284.5     76  
36946     Harriman--Kingston--Rockwood, TN                                 47               23515         11139           74281200         28.68            2881220          1.11         819.9     76  
38296     Henderson, TN                                                    47                6027          2148           12177412          4.70              22914          0.01        1281.9     76  
39268     Hohenwald, TN                                                    47                3625          1641            9664497          3.73                  0          0.00         971.5     76  
40645     Humboldt, TN                                                     47                8769          4059           15525491          5.99                  0          0.00        1462.9     76  
42265     Jackson, TN                                                      47               71880         30554          132458187         51.14             191539          0.07        1405.5     75  
42724     Jasper, TN                                                       47                3281          1482            7976048          3.08                  0          0.00        1065.4     76  
43210     Johnson City, TN                                                 47              120415         56911          284678082        109.91             902326          0.35        1095.5     75  
45235     Kingsport, TN--VA                                                47     P        102428         48224          282037807        108.90            3252310          1.26         940.6     75  
45640     Knoxville, TN                                                    47              558696        252162         1134792603        438.15           10906582          4.21        1275.1     75  
46099     Lafayette, TN                                                    47                4545          2130           10284225          3.97                  0          0.00        1144.6     76  
46153     La Follette, TN                                                  47               21055          9518           58815290         22.71             347778          0.13         927.2     76  
48286     Lawrenceburg, TN                                                 47               10100          4892           23691859          9.15                  0          0.00        1104.1     76  
48691     Lebanon, TN                                                      47               27653         11556           75211293         29.04                  0          0.00         952.3     76  
49258     Lewisburg, TN                                                    47               10464          4706           19046322          7.35                  0          0.00        1422.9     76  
49528     Lexington, TN                                                    47                6560          3057           15612820          6.03               6185          0.00        1088.2     76  
50635     Livingston, TN                                                   47                3485          1635            8641806          3.34              62928          0.02        1044.5     76  
52633     McKenzie, TN                                                     47                5066          2236           10115840          3.91                  0          0.00        1297.1     76  
52768     McMinnville, TN                                                  47               15386          7135           34397694         13.28                  0          0.00        1158.5     76  
53254     Madisonville, TN                                                 47                5391          2409           16447533          6.35                  0          0.00         848.9     76  
53767     Manchester, TN                                                   47               11379          5002           27532222         10.63              14083          0.01        1070.4     76  
55171     Martin, TN                                                       47               11397          4576           23077662          8.91              54638          0.02        1279.1     76  
56072     Medina, TN                                                       47                3636          1347            6437785          2.49              40425          0.02        1462.8     76  
56116     Memphis, TN--MS--AR                                              47     P        891481        384953          982805485        379.46            7419119          2.86        2349.3     75  
56818     Middlesborough, KY--TN--VA                                       47     P          4565          1852           12265379          4.74                  0          0.00         964.0     76  
57115     Milan, TN                                                        47                7427          3393           13632885          5.26                  0          0.00        1411.0     76  
58438     Monterey, TN                                                     47                3010          1237            7412745          2.86                  0          0.00        1051.7     76  
59410     Morristown, TN                                                   47               59036         25167          154988875         59.84             374414          0.14         986.5     75  
59626     Mountain City, TN                                                47                2698          1304            7683881          2.97                  0          0.00         909.4     76  
60139     Mount Pleasant, TN                                               47                3507          1639            6710994          2.59                  0          0.00        1353.5     76  
60733     Murfreesboro, TN                                                 47              133228         54281          200306623         77.34             422479          0.16        1722.7     75  
61273     Nashville-Davidson, TN                                           47              969587        415974         1459375591        563.47           41453364         16.01        1720.7     75  
62893     Newport, TN                                                      47               11603          5499           25519190          9.85               6967          0.00        1177.6     76  
63028     New Tazewell, TN                                                 47                4598          2175           13436578          5.19                  0          0.00         886.3     76  
63447     Norris, TN                                                       47                3005          1280           10530786          4.07                  0          0.00         739.1     76  
64475     Oakland, TN                                                      47                7057          2774           18577831          7.17             147936          0.06         983.8     76  
65431     Oneida, TN                                                       47                4322          2085           14627506          5.65             118465          0.05         765.3     76  
67537     Paris, TN                                                        47               10642          5219           26190282         10.11              49303          0.02        1052.4     76  
70270     Pleasant View, TN                                                47                3730          1331           13658853          5.27                  0          0.00         707.3     76  
71344     Portland, TN--KY                                                 47     P         10819          4266           24565257          9.48              34871          0.01        1140.7     76  
72667     Pulaski, TN                                                      47                7741          3858           13598632          5.25                  0          0.00        1474.3     76  
75151     Ripley, TN                                                       47                8763          3840           24246875          9.36              39434          0.02         936.0     76  
76069     Rogersville, TN                                                  47                6444          3090           15605793          6.03             547281          0.21        1069.5     76  
79822     Savannah, TN                                                     47                8347          3913           20006321          7.72               2353          0.00        1080.6     76  
80578     Selmer, TN                                                       47                3840          1806           12106617          4.67                  0          0.00         821.5     76  
80713     Sevierville, TN                                                  47               22108         12799           64852073         25.04                  0          0.00         882.9     76  
81334     Shelbyville, TN                                                  47               20005          8024           34900835         13.48                  0          0.00        1484.6     76  
82603     Smithville, TN                                                   47                4050          1814            8260046          3.19                  0          0.00        1269.9     76  
83377     South Pittsburg, TN--AL                                          47     P          3209          1496            7781575          3.00                  0          0.00        1068.1     76  
83494     Sparta, TN                                                       47                5449          2490           16510392          6.37                  0          0.00         854.8     76  
83993     Springfield, TN                                                  47               17357          7047           31700889         12.24                  0          0.00        1418.1     76  
84088     Spring Hill, TN                                                  47               31208         11364           56312421         21.74              53277          0.02        1435.4     76  
85208     Strawberry Plains, TN                                            47                3906          1564           14444448          5.58              79901          0.03         700.4     76  
86140     Sweetwater, TN                                                   47                5430          2522           13916186          5.37                  0          0.00        1010.6     76  
88489     Trenton, TN                                                      47                3852          1827            5856913          2.26                  0          0.00        1703.4     76  
88921     Tullahoma, TN                                                    47               17250          7874           34246960         13.22                  0          0.00        1304.6     76  
89569     Union City, TN                                                   47               10303          4809           17721310          6.84              12645          0.00        1505.8     76  
93106     Waverly, TN                                                      47                3246          1528            9744446          3.76                  0          0.00         862.8     76  
94879     White Pine, TN                                                   47                3061          1391            7460053          2.88                  0          0.00        1062.7     76  
96076     Winchester, TN                                                   47               11681          5439           40031829         15.46            1683985          0.65         755.7     76  
96926     Woodbury, TN                                                     47                2604          1181            3793936          1.46                  0          0.00        1777.7     76  
                                                  
                                                  
                                                  
Texas                                             
                                                  
UACE      NAME                                                             STATE  PART        POP            HU           AREALAND  AREALANDSQMI          AREAWATER AREAWATERSQMI        POPDEN  LSADC  
00226     Abernathy, TX                                                    48                2785          1124            3051109          1.18              12572          0.00        2364.1     76  
00280     Abilene, TX                                                      48              110421         46732          141756054         54.73             988193          0.38        2017.5     75  
01232     Aledo, TX                                                        48                4854          1620           12132649          4.68             173957          0.07        1036.2     76  
01414     Alice, TX                                                        48               20974          8017           28150471         10.87                  0          0.00        1929.7     76  
01711     Alpine, TX                                                       48                6013          3081           10819773          4.18                335          0.00        1439.4     76  
01900     Alvarado, TX                                                     48                4133          1630            7341757          2.83              19935          0.01        1458.0     76  
01927     Amarillo, TX                                                     48              196651         80744          210246929         81.18            1570175          0.61        2422.5     75  
02467     Andrews, TX                                                      48               12346          4841           16192925          6.25              30529          0.01        1974.7     76  
02581     Anna, TX                                                         48               10746          3809           18087871          6.98              30010          0.01        1538.7     76  
03736     Athens, TX                                                       48               12169          4891           23723843          9.16              64683          0.02        1328.5     76  
03844     Atlanta, TX                                                      48                5732          2678           19325594          7.46             101572          0.04         768.2     76  
04021     Aubrey, TX                                                       48                4139          1559            6098834          2.35               2579          0.00        1757.7     76  
04384     Austin, TX                                                       48             1362416        566966         1354651025        523.03           11941592          4.61        2604.8     75  
04816     Ballinger, TX                                                    48                3705          1744            5222696          2.02                  0          0.00        1837.3     76  
05356     Bartlett, TX                                                     48                2653           621            2751283          1.06               1094          0.00        2497.5     76  
05464     Bastrop, TX                                                      48               13371          4887           29716703         11.47             338216          0.13        1165.4     76  
05896     Bay City, TX                                                     48               18745          8277           24202512          9.34              25388          0.01        2006.0     76  
06058     Beaumont, TX                                                     48              147922         63365          237456087         91.68            2870184          1.11        1613.4     75  
06274     Beeville, TX                                                     48               18168          6295           31504612         12.16                  0          0.00        1493.6     76  
06706     Bellville, TX                                                    48                4002          1776            5923109          2.29              25130          0.01        1749.9     76  
06770     Belterra, TX                                                     48                3731          1222            9078519          3.51                  0          0.00        1064.4     76  
07543     Big Lake, TX                                                     48                2919          1081            2756015          1.06                  0          0.00        2743.2     76  
07651     Big Spring, TX                                                   48               27987          9922           38138699         14.73              67744          0.03        1900.6     76  
07867     Bishop, TX                                                       48                3116          1256            3729026          1.44                  0          0.00        2164.2     76  
08704     Boerne, TX                                                       48               10467          4530           18135487          7.00                  0          0.00        1494.8     76  
08920     Bonham, TX                                                       48                9995          3332           13493327          5.21                  0          0.00        1918.5     76  
09217     Borger, TX                                                       48               13574          6468           32546354         12.57              10993          0.00        1080.2     76  
09352     Bowie, TX                                                        48                5143          2459           10468604          4.04              46255          0.02        1272.4     76  
09532     Brackettville, TX                                                48                2862          1427            7113903          2.75               8272          0.00        1042.0     76  
09568     Brady, TX                                                        48                5357          2489            7415354          2.86              23946          0.01        1871.1     76  
09784     Brazoria, TX                                                     48                3908          1602            7897598          3.05                  0          0.00        1281.6     76  
09838     Breckenridge, TX                                                 48                5839          2704            9691154          3.74               9818          0.00        1560.5     76  
09973     Brenham, TX                                                      48               15682          6354           21533700          8.31              49230          0.02        1886.2     76  
10135     Bridgeport, TX                                                   48                5646          1737            8808714          3.40                  0          0.00        1660.1     76  
10702     Brookshire, TX                                                   48                4486          1565            6682526          2.58                  0          0.00        1738.7     76  
10837     Brownfield, TX                                                   48                9530          3503           11681952          4.51              60714          0.02        2112.9     76  
10972     Brownsville, TX                                                  48              217585         66404          211157541         81.53            8647684          3.34        2668.8     75  
10999     Brownwood, TX                                                    48               22711          9690           43978058         16.98                  0          0.00        1337.5     76  
11593     Burkburnett, TX                                                  48               10002          4366           13532127          5.22                  0          0.00        1914.3     76  
11809     Burnet, TX                                                       48                5428          1974           10064941          3.89              27207          0.01        1396.8     76  
12133     Cactus, TX                                                       48                3292           952            1904472          0.74                  0          0.00        4477.0     76  
12349     Caldwell, TX                                                     48                4012          1603            7878929          3.04              48478          0.02        1318.8     76  
13078     Cameron, TX                                                      48                5389          2290            7999237          3.09                  0          0.00        1744.8     76  
13177     Canadian, TX                                                     48                2781          1134            3863430          1.49                  0          0.00        1864.3     76  
13429     Canton, TX                                                       48                3563          1536           11408670          4.40              50124          0.02         808.9     76  
13456     Canyon, TX                                                       48               13440          5655           15942568          6.16              13750          0.01        2183.4     76  
13483     Canyon Lake, TX                                                  48                5277          3244           16925074          6.53              20550          0.01         807.5     76  
13969     Carrizo Springs, TX                                              48                6050          2345           10098227          3.90              41608          0.02        1551.7     76  
14347     Carthage, TX                                                     48                6492          2783           18006912          6.95                  0          0.00         933.8     76  
14590     Castroville, TX                                                  48                4040          1635            9878868          3.81              58024          0.02        1059.2     76  
14887     Center, TX                                                       48                5234          2157           15048436          5.81                  0          0.00         900.8     76  
16372     Childress, TX                                                    48                4707          2295            7010842          2.71                  0          0.00        1738.9     76  
16939     Cisco, TX                                                        48                3658          1703            6352142          2.45                  0          0.00        1491.5     76  
17344     Clarksville, TX                                                  48                3121          1597            7246419          2.80                  0          0.00        1115.5     76  
17533     Cleburne, TX                                                     48               35122         13562           45147075         17.43             257493          0.10        2014.9     76  
17749     Cleveland, TX                                                    48                9960          3760           23157251          8.94                  0          0.00        1114.0     76  
17830     Clifton, TX                                                      48                3421          1494            5624208          2.17              84331          0.03        1575.4     76  
18262     Clyde, TX                                                        48                3768          1653            7356481          2.84                  0          0.00        1326.6     76  
18694     Coleman, TX                                                      48                4310          2356            6475354          2.50                  0          0.00        1723.9     76  
18748     College Station--Bryan, TX                                       48              171345         68363          184986507         71.42             343541          0.13        2399.0     75  
18829     Colorado City, TX                                                48                5948          1734            6834119          2.64                  0          0.00        2254.2     76  
19261     Columbus, TX                                                     48                4176          1884            7338603          2.83              26667          0.01        1473.8     76  
19396     Comanche, TX                                                     48                3988          1769            6373439          2.46                  0          0.00        1620.6     76  
19423     Comfort, TX                                                      48                2653           974            5230171          2.02               2339          0.00        1313.8     76  
19477     Commerce, TX                                                     48                7717          3435            9254960          3.57              57264          0.02        2159.6     76  
19755     Conroe--The Woodlands, TX                                        48              239938         92663          345296754        133.32            2550071          0.98        1799.7     75  
20287     Corpus Christi, TX                                               48              320069        130858          311528754        120.28           12230033          4.72        2661.0     75  
20341     Corsicana, TX                                                    48               22599          9024           32732100         12.64             228609          0.09        1788.2     76  
20611     Cotulla, TX                                                      48                3694          1657            4997331          1.93               1988          0.00        1914.5     76  
20854     Crane, TX                                                        48                3907          1442            3459959          1.34                  0          0.00        2924.6     76  
21205     Crockett, TX                                                     48                6292          2780           14732310          5.69                  0          0.00        1106.2     76  
21502     Crystal City, TX                                                 48                7236          2586            8377340          3.23               2850          0.00        2237.1     76  
21610     Cuero, TX                                                        48                8099          2933           13841912          5.34                  0          0.00        1515.4     76  
21961     Daingerfield, TX                                                 48                4976          2087           13874477          5.36              13203          0.01         928.9     76  
21988     Dalhart, TX                                                      48                7716          3217            8267801          3.19               4719          0.00        2417.1     76  
22042     Dallas--Fort Worth--Arlington, TX                                48             5121892       2023230         4607936452       1779.13           94098524         36.33        2878.9     75  
22582     Dayton, TX                                                       48               12075          3286           27859212         10.76             206249          0.08        1122.6     76  
22771     Decatur, TX                                                      48                5910          2391           13076491          5.05                  0          0.00        1170.6     76  
22864     Deerwood, TX                                                     48                3797          1074            7010046          2.71              20270          0.01        1402.9     76  
23203     Del Rio, TX                                                      48               43914         15531           50267510         19.41             190096          0.07        2262.6     76  
23500     Denton--Lewisville, TX                                           48              366174        140280          376021255        145.18            7303045          2.82        2522.2     75  
23513     Denton Southwest, TX                                             48                3307          1569           10510403          4.06              48330          0.02         814.9     76  
23554     Denver City, TX                                                  48                4938          1803            6702728          2.59                  0          0.00        1908.1     76  
23905     Devine, TX                                                       48                5798          2254           11311543          4.37              35576          0.01        1327.6     76  
24067     Diboll, TX                                                       48                4461          1421            7789898          3.01             104749          0.04        1483.2     76  
24148     Dilley, TX                                                       48                3938          1137            5150893          1.99                  0          0.00        1980.1     76  
24229     Dimmitt, TX                                                      48                4373          1656            5159885          1.99             105987          0.04        2195.0     76  
24769     Dublin, TX                                                       48                3543          1508            5680903          2.19                  0          0.00        1615.3     76  
24904     Dumas, TX                                                        48               14836          5410           14666215          5.66                  0          0.00        2620.0     76  
25444     Eagle Lake, TX                                                   48                3628          1508            5503889          2.13              11322          0.00        1707.2     76  
25498     Eagle Pass, TX                                                   48               49236         15814           51649313         19.94             642196          0.25        2469.0     76  
25660     Eastland, TX                                                     48                3711          1690            4237237          1.64                  0          0.00        2268.3     76  
26254     Edna, TX                                                         48                5374          2452            8724327          3.37                  0          0.00        1595.4     76  
26389     El Campo, TX                                                     48               11719          4498           16203722          6.26              19546          0.01        1873.2     76  
26632     Electra, TX                                                      48                2746          1397            4290212          1.66                  0          0.00        1657.8     76  
26659     Elgin, TX                                                        48               10043          3564           12336331          4.76                  0          0.00        2108.5     76  
27253     El Paso, TX--NM                                                  48     P        772374        261055          604907550        233.56            2642348          1.02        3307.0     75  
27290     Elroy, TX                                                        48                3708          1049           11299685          4.36                  0          0.00         849.9     76  
27380     Emerald Bay, TX                                                  48                3182          1716           11382074          4.39             333364          0.13         724.1     76  
27658     Ennis, TX                                                        48               18258          6518           25260753          9.75             237631          0.09        1872.0     76  
28522     Fabens, TX                                                       48                8042          2389            4336891          1.67               5386          0.00        4802.7     76  
28738     Fairfield, TX                                                    48                3280          1424           11872141          4.58                  0          0.00         715.6     76  
29008     Falfurrias, TX                                                   48                4929          2119            5320626          2.05                  0          0.00        2399.4     76  
29143     Farmersville, TX                                                 48                3138          1234            4979108          1.92               1708          0.00        1632.3     76  
30088     Floresville, TX                                                  48                6068          2142            9700003          3.75              18837          0.01        1620.2     76  
30142     Floydada, TX                                                     48                3009          1375            4296966          1.66                  0          0.00        1813.7     76  
30439     Forney, TX                                                       48               27051          8907           48345692         18.67              75354          0.03        1449.2     76  
30952     Fort Stockton, TX                                                48                9339          3491           15364450          5.93                  0          0.00        1574.3     76  
31573     Fredericksburg, TX                                               48               11511          5772           19592394          7.56              16104          0.01        1521.7     76  
31870     Friona, TX                                                       48                4106          1428            3512243          1.36                  0          0.00        3027.8     76  
31897     Fritch, TX                                                       48                3968          1953            8712390          3.36                  0          0.00        1179.6     76  
32221     Gainesville, TX                                                  48               15746          6459           21332265          8.24              12431          0.00        1911.7     76  
32491     Galveston, TX                                                    48               44022         26559           30383459         11.73            2935265          1.13        3752.6     76  
32707     Gatesville, TX                                                   48               15310          3074           16535605          6.38              17659          0.01        2398.0     76  
33193     Giddings, TX                                                     48                5030          1843            7494045          2.89              11268          0.00        1738.4     76  
33301     Gilmer, TX                                                       48                4978          2188            9568471          3.69              30890          0.01        1347.4     76  
33868     Gonzales, TX                                                     48                6877          2645            9574011          3.70                  0          0.00        1860.4     76  
34138     Graham, TX                                                       48                9041          3938           12510101          4.83              63360          0.02        1871.8     76  
34165     Granbury, TX                                                     48               28250         14241           75321839         29.08            7904426          3.05         971.4     76  
34354     Grand Saline, TX                                                 48                3236          1280            6849022          2.64              36484          0.01        1223.7     76  
34408     Grangerland, TX                                                  48                5756          1882           13726642          5.30                  0          0.00        1086.1     76  
34478     Granite Shoals, TX                                               48                5573          2916           13514291          5.22             854028          0.33        1068.1     76  
35488     Greenville, TX                                                   48               23283          9813           31336673         12.10              41739          0.02        1924.3     76  
35731     Groesbeck, TX                                                    48                3948          1319            4826963          1.86              37566          0.01        2118.4     76  
35974     Gun Barrel City, TX                                              48               14884          8348           37616863         14.52             320355          0.12        1024.8     76  
36325     Hallsville, TX                                                   48                3658          1381            6504118          2.51                  0          0.00        1456.6     76  
36460     Hamilton, TX                                                     48                3034          1432            5894767          2.28                  0          0.00        1333.1     76  
36892     Harlingen, TX                                                    48              135663         49476          214319825         82.75            2433941          0.94        1639.4     75  
37486     Haskell, TX                                                      48                3090          1319            5024371          1.94                  0          0.00        1592.8     76  
37972     Hearne, TX                                                       48                4346          1807            6623485          2.56               8646          0.00        1699.4     76  
38026     Hebbronville, TX                                                 48                4378          1897            4341248          1.68                  0          0.00        2611.9     76  
38242     Hempstead, TX                                                    48                5600          2126            9706576          3.75               2782          0.00        1494.2     76  
38323     Henderson, TX                                                    48               15187          4634           22973643          8.87             142220          0.05        1712.1     76  
38350     Henrietta, TX                                                    48                2731          1260            3407231          1.32              10475          0.00        2076.0     76  
38431     Hereford, TX                                                     48               15941          5665           16572253          6.40                  0          0.00        2491.3     76  
38794     Highland Oaks, TX                                                48                2855           879            7672158          2.96               2918          0.00         963.8     76  
38944     Hillsboro, TX                                                    48                8328          3363           16959134          6.55              74834          0.03        1271.8     76  
39712     Homesteads Addition, TX                                          48                6372          2031           20407527          7.88               3343          0.00         808.7     76  
39781     Hondo, TX                                                        48                6427          2431            7038371          2.72                545          0.00        2365.0     76  
39943     Hooks, TX                                                        48                2977          1368           11999793          4.63              12521          0.00         642.5     76  
40189     Horseshoe Bay, TX                                                48                3134          2481            8100223          3.13             161799          0.06        1002.1     76  
40429     Houston, TX                                                      48             4944332       1895670         4299420988       1660.02           88196119         34.05        2978.5     75  
40807     Huntsville, TX                                                   48               36928         12150           43893572         16.95             838707          0.32        2179.0     76  
41360     Ingleside--Aransas Pass, TX                                      48               16522          7462           35302895         13.63             265946          0.10        1212.1     76  
41644     Iowa Park, TX                                                    48                6285          2755            7480694          2.89             187040          0.07        2176.0     76  
41995     Jacksboro, TX                                                    48                4231          1422            5663168          2.19              23693          0.01        1935.0     76  
42427     Jacksonville, TX                                                 48               14075          5406           25221735          9.74                  0          0.00        1445.3     76  
42751     Jasper, TX                                                       48                7790          3526           23003567          8.88              13407          0.01         877.1     76  
43383     Jones Creek, TX                                                  48                3182           861            6543807          2.53               8976          0.00        1259.4     76  
43480     Junction, TX                                                     48                2566          1266            6154297          2.38              40206          0.02        1079.9     76  
43604     Justin, TX                                                       48                2986          1097            4232720          1.63               2297          0.00        1827.1     76  
44020     Karnes City, TX                                                  48                3015          1112            4876063          1.88               1269          0.00        1601.5     76  
44074     Kaufman, TX                                                      48                6268          2276            8873943          3.43                  0          0.00        1829.4     76  
44398     Kenedy, TX                                                       48                6118          1455           10297153          3.98              47289          0.02        1538.8     76  
44614     Kermit, TX                                                       48                5821          2498            8359776          3.23                  0          0.00        1803.4     76  
44641     Kerrville, TX                                                    48               28810         13393           45286612         17.49             464358          0.18        1647.7     76  
44938     Kilgore, TX                                                      48               15957          6352           45701795         17.65              44214          0.02         904.3     76  
44992     Killeen, TX                                                      48              217630         84291          219653228         84.81             661931          0.26        2566.1     75  
45181     Kingsland, TX                                                    48                6433          4062           23349647          9.02             918107          0.35         713.6     76  
45316     Kingsville, TX                                                   48               26011         10269           25077527          9.68              46498          0.02        2686.4     76  
45761     Krum, TX                                                         48                4173          1595            4410105          1.70              20117          0.01        2450.7     76  
46180     Lago Vista, TX                                                   48                5281          2720           14093372          5.44                  0          0.00         970.5     76  
46342     La Grange, TX                                                    48                5343          2448            9298827          3.59             203023          0.08        1488.2     76  
46639     Lake Conroe Eastshore, TX                                        48               10121          4946           18722839          7.23              63639          0.02        1400.1     76  
46652     Lake Conroe Northshore, TX                                       48                2547          1400            4067052          1.57                  0          0.00        1622.0     76  
46666     Lake Conroe Westshore, TX                                        48               20569         10329           35903046         13.86            5202793          2.01        1483.8     76  
46801     Lake Jackson--Angleton, TX                                       48               74830         30467          107972064         41.69            3277278          1.27        1795.0     75  
47395     Lamesa, TX                                                       48               11579          4212           13801658          5.33              25521          0.01        2172.9     76  
47422     Lampasas, TX                                                     48                6080          2623            8175468          3.16                  0          0.00        1926.1     76  
47854     Laredo, TX                                                       48              235730         68892          170121651         65.68             185163          0.07        3588.8     75  
49204     Levelland, TX                                                    48               13796          5489           16600702          6.41               5302          0.00        2152.4     76  
49690     Liberty, TX                                                      48                5801          2217            9060535          3.50                  0          0.00        1658.2     76  
50014     Lindale--Hideaway, TX                                            48               10021          4300           29183985         11.27            1179498          0.46         889.3     76  
50365     Littlefield, TX                                                  48                5914          2538            6487746          2.50                  0          0.00        2360.9     76  
50662     Livingston, TX                                                   48                5139          2167           14128473          5.46              28894          0.01         942.1     76  
50716     Llano, TX                                                        48                2832          1412            5436383          2.10             102460          0.04        1349.2     76  
50743     Lockhart, TX                                                     48               12337          4380           20727782          8.00                  0          0.00        1541.5     76  
51256     Longview, TX                                                     48               98884         40041          215058284         83.03             932830          0.36        1190.9     75  
51877     Lubbock, TX                                                      48              237356         98505          249826818         96.46            2046351          0.79        2460.7     75  
51985     Lufkin, TX                                                       48               44927         17883           99525163         38.43             655917          0.25        1169.2     76  
52039     Luling, TX                                                       48                5379          2091            7569835          2.92                  0          0.00        1840.4     76  
52341     Lytle, TX                                                        48                3475          1256           10894747          4.21             131986          0.05         826.1     76  
52390     McAllen, TX                                                      48              728825        234474          927184088        357.99            2517170          0.97        2035.9     75  
52606     McGregor, TX                                                     48                4893          1928            5845426          2.26                  0          0.00        2168.0     76  
52687     McKinney, TX                                                     48              170030         61254          191923463         74.10            1798416          0.69        2294.5     75  
53281     Madisonville, TX                                                 48                4454          1690           10269382          3.97             125174          0.05        1123.3     76  
53372     Magnolia, TX                                                     48                3195          1160            9807800          3.79              37416          0.01         843.7     76  
53470     Malakoff, TX                                                     48                2969          1460            8147891          3.15              25077          0.01         943.8     76  
54050     Manor, TX                                                        48                5320          1738            9545543          3.69                  0          0.00        1443.5     76  
54334     Marble Falls, TX                                                 48                6131          2801            9420019          3.64              68647          0.03        1685.7     76  
54820     Marlin, TX                                                       48                5832          2551            9883945          3.82             156856          0.06        1528.2     76  
55036     Marshall, TX                                                     48               21979          9007           47051022         18.17              54950          0.02        1209.9     76  
55495     Mathis, TX                                                       48                5936          2392           10344141          3.99              25897          0.01        1486.3     76  
56386     Mescalero Park, TX                                               48                3460          1344           11075676          4.28                  0          0.00         809.1     76  
56521     Mexia, TX                                                        48                6898          2595           11782158          4.55              70123          0.03        1516.3     76  
57007     Midland, TX                                                      48              117807         47059          136955728         52.88             141294          0.05        2227.9     75  
57547     Mineola, TX                                                      48                5608          2527           15732343          6.07             311092          0.12         923.2     76  
57574     Mineral Wells, TX                                                48               16109          6056           22021461          8.50              67344          0.03        1894.6     76  
58087     Monahans, TX                                                     48                7686          3305           16168172          6.24              31467          0.01        1231.2     76  
58428     Mont Belvieu, TX                                                 48                3094          1148            6691858          2.58                  0          0.00        1197.5     76  
60166     Mount Pleasant, TX                                               48               15987          5645           35582745         13.74             798256          0.31        1163.7     76  
60473     Mount Vernon, TX                                                 48                2585          1110            7363781          2.84              17075          0.01         909.2     76  
60571     Muleshoe, TX                                                     48                5105          1874            6286592          2.43                  0          0.00        2103.2     76  
60949     Nacogdoches, TX                                                  48               34546         14082           62805274         24.25             218575          0.08        1424.6     76  
61381     Navasota, TX                                                     48                8273          2691           21109743          8.15             194317          0.08        1015.0     76  
61462     Needville, TX                                                    48                2844          1104            4281720          1.65               2161          0.00        1720.3     76  
61921     New Boston, TX                                                   48                4707          2177           11662591          4.50              12839          0.00        1045.3     76  
63298     Nocona, TX                                                       48                2953          1410            5241506          2.02                  0          0.00        1459.2     76  
64810     Odem, TX                                                         48                2775          1029            4128869          1.59                  0          0.00        1740.7     76  
64864     Odessa, TX                                                       48              126405         49472          152640583         58.93             300126          0.12        2144.8     75  
65215     Olney, TX                                                        48                3282          1539            4612905          1.78               9034          0.00        1842.7     76  
65338     Onalaska, TX                                                     48                5016          3392           16347558          6.31             399427          0.15         794.7     76  
66727     Ozona, TX                                                        48                2873          1231            4675273          1.81                  0          0.00        1591.6     76  
67024     Palacios, TX                                                     48                4591          1927            5283948          2.04              96479          0.04        2250.3     76  
67078     Palestine, TX                                                    48               19254          8126           44093968         17.02             204808          0.08        1130.9     76  
67231     Paloma Creek South--Paloma Creek, TX                             48                5234          1817            3011449          1.16                  0          0.00        4501.5     76  
67240     Pampa, TX                                                        48               18166          8580           28565851         11.03                  0          0.00        1647.1     76  
67564     Paris, TX                                                        48               26349         12366           40363552         15.58             226119          0.09        1690.7     76  
68212     Pearsall, TX                                                     48                9460          2831           10665559          4.12                  0          0.00        2297.2     76  
68228     Pecan Acres, TX                                                  48                5269          2043           14993828          5.79                  0          0.00         910.2     76  
68239     Pecan Plantation, TX                                             48                6366          3037           23107623          8.92            1348839          0.52         713.5     76  
68266     Pecos, TX                                                        48               11785          3541           16654010          6.43                  0          0.00        1832.8     76  
68752     Perryton, TX                                                     48                8801          3427           11038682          4.26                  0          0.00        2065.0     76  
69400     Pilot Point, TX                                                  48                3579          1316            4394784          1.70               2154          0.00        2109.2     76  
69670     Pittsburg, TX                                                    48                4777          1921           10945537          4.23              38503          0.01        1130.4     76  
69967     Plainview, TX                                                    48               25810          9118           36774087         14.20               3173          0.00        1817.8     76  
70237     Pleasanton, TX                                                   48               12468          4957           18410886          7.11                  0          0.00        1754.0     76  
70993     Port Arthur, TX                                                  48              153150         62724          273389576        105.56           12628895          4.88        1450.9     75  
71182     Port Isabel--Laguna Heights, TX                                  48               14950         12478           17885638          6.91            1762642          0.68        2164.9     76  
71371     Port Lavaca, TX                                                  48               11817          4638           14285905          5.52              27916          0.01        2142.4     76  
71614     Post, TX                                                         48                5018          1307            4776734          1.84               7178          0.00        2720.8     76  
71668     Poteet, TX                                                       48                3199          1160            3374626          1.30                  0          0.00        2455.2     76  
71938     Prairie View, TX                                                 48                5569          1092           12939248          5.00                  0          0.00        1114.7     76  
72019     Premont, TX                                                      48                2620          1071            2733128          1.06                  0          0.00        2482.8     76  
72127     Presidio, TX                                                     48                4654          1835            5593159          2.16                  0          0.00        2155.1     76  
73136     Quitman, TX                                                      48                2505          1163            8113230          3.13             243673          0.09         799.7     76  
73612     Raymondville, TX                                                 48               14481          4125           15316636          5.91              91358          0.04        2448.7     76  
74125     Refugio, TX                                                      48                2903          1359            3768732          1.46                  0          0.00        1995.0     76  
75016     Rio Bravo--El Cenizo, TX                                         48                8067          2163           12274108          4.74              18438          0.01        1702.2     76  
75072     Rio Grande City--Roma, TX                                        48               46344         14323           69506203         26.84                  0          0.00        1726.9     76  
75080     Rio Hondo, TX                                                    48                4423          1398            9461706          3.65             150138          0.06        1210.7     76  
75556     Robstown, TX                                                     48               11991          4229            8991104          3.47                  0          0.00        3454.1     76  
75691     Rockdale, TX                                                     48                5459          2507            8274828          3.19                  0          0.00        1708.6     76  
75853     Rockport, TX                                                     48               16322         10507           42487815         16.40            1891453          0.73         995.0     76  
76825     Rusk, TX                                                         48                4691          1197            8050998          3.11                  0          0.00        1509.1     76  
78553     San Angelo, TX                                                   48               92984         39444          120890423         46.68            2046854          0.79        1992.1     75  
78580     San Antonio, TX                                                  48             1758210        681843         1546484874        597.10           10226444          3.95        2944.6     75  
78688     San Diego, TX                                                    48                4757          1938            4769398          1.84                  0          0.00        2583.3     76  
78958     Sanger, TX                                                       48                5972          2279            7779865          3.00              21779          0.01        1988.1     76  
79201     San Marcos, TX                                                   48               52826         20359           68852833         26.58             476965          0.18        1987.1     75  
79255     San Saba, TX                                                     48                3105          1142            4240200          1.64                  0          0.00        1896.6     76  
79930     Schulenburg, TX                                                  48                2726          1213            4449346          1.72                  0          0.00        1586.8     76  
80281     Sealy, TX                                                        48                5562          2263            8018089          3.10              48594          0.02        1796.6     76  
80497     Seguin, TX                                                       48               24122          9373           40870891         15.78             542104          0.21        1528.6     76  
80632     Seminole, TX                                                     48                6477          2527            7866386          3.04                  0          0.00        2132.5     76  
80956     Shallowater, TX                                                  48                3229          1263            4082920          1.58                  0          0.00        2048.3     76  
81631     Sherman, TX                                                      48               61900         27041           93053643         35.93             481885          0.19        1722.9     75  
82009     Silsbee, TX                                                      48                9531          3974           29666015         11.45             202466          0.08         832.1     76  
82171     Sinton, TX                                                       48                6071          2248            5746351          2.22                  0          0.00        2736.3     76  
82414     Slaton, TX                                                       48                5938          2454            6541306          2.53              11252          0.00        2351.1     76  
82630     Smithville, TX                                                   48                3750          1683            5195408          2.01               4225          0.00        1869.4     76  
82711     Snyder, TX                                                       48               11557          4899           17782233          6.87              72772          0.03        1683.3     76  
83062     Sonora, TX                                                       48                3352          1477            5021300          1.94                  0          0.00        1729.0     76  
83602     Spearman, TX                                                     48                3349          1336            3966314          1.53                  0          0.00        2186.9     76  
84124     Springtown, TX                                                   48                2623          1093            5598977          2.16                  0          0.00        1213.4     76  
84223     Stamford, TX                                                     48                3000          1489            4752968          1.84              15817          0.01        1634.8     76  
84763     Stephenville, TX                                                 48               16796          7428           20838423          8.05               4727          0.00        2087.6     76  
85492     Sullivan City, TX                                                48                5694          1635            9028201          3.49                  0          0.00        1633.5     76  
85546     Sulphur Springs, TX                                              48               14196          6221           26331336         10.17             522184          0.20        1396.3     76  
85802     Sunrise Shores, TX                                               48                3514          1919            8557824          3.30                  0          0.00        1063.5     76  
86086     Sweeny, TX                                                       48                3584          1514            4501759          1.74                  0          0.00        2062.0     76  
86167     Sweetwater, TX                                                   48               10247          4692           12737381          4.92               2421          0.00        2083.6     76  
86356     Taft, TX                                                         48                4401          1684            3901325          1.51                  0          0.00        2921.7     76  
86410     Tahoka, TX                                                       48                2560          1155            3716971          1.44              34255          0.01        1783.8     76  
86734     Taylor, TX                                                       48               14436          5662           16896968          6.52             138397          0.05        2212.8     76  
86842     Teague, TX                                                       48                3363          1541            8299290          3.20             294486          0.11        1049.5     76  
87058     Temple, TX                                                       48               90390         37507          140128424         54.10             504854          0.19        1670.7     75  
87166     Terrell, TX                                                      48               14834          5712           26412216         10.20               4882          0.00        1454.6     76  
87193     Texarkana--Texarkana, TX--AR                                     48     P         52090         21981          114612275         44.25             582928          0.23        1177.1     75  
87220     Texas City, TX                                                   48              106383         44706          196857613         76.01            3393013          1.31        1399.6     75  
88165     Tornillo, TX                                                     48                2822           738            3162239          1.22                  0          0.00        2311.3     76  
88526     Trinity, TX                                                      48                3320          1667           10911954          4.21              17819          0.01         788.0     76  
88894     Tulia, TX                                                        48                4903          1834            6540603          2.53                  0          0.00        1941.5     76  
89326     Tyler, TX                                                        48              130247         54087          233729730         90.24            2342410          0.90        1443.3     75  
89839     Uvalde, TX                                                       48               18118          6598           27038505         10.44              32125          0.01        1735.5     76  
90122     Van, TX                                                          48                2502          1039            6253036          2.41               3903          0.00        1036.3     76  
90282     Venus, TX                                                        48                3559           864            7945911          3.07              13316          0.01        1160.1     76  
90379     Vernon, TX                                                       48               10572          4915           14318666          5.53                  0          0.00        1912.3     76  
90514     Victoria, TX                                                     48               63683         25854           75168848         29.02             125669          0.05        2194.2     75  
91027     Waco, TX                                                         48              172378         70081          233750303         90.25            1594494          0.62        1910.0     75  
93484     Weatherford, TX                                                  48               34824         14466           83201004         32.12             214280          0.08        1084.0     76  
93889     West, TX                                                         48                2780          1199            3268235          1.26                  0          0.00        2203.1     76  
93970     West Columbia, TX                                                48                4976          2127            8770023          3.39             100816          0.04        1469.5     76  
94345     Weston Lakes, TX                                                 48                2928          1150            7973062          3.08             268839          0.10         951.1     76  
94520     West Tawakoni, TX                                                48                7606          3933           28106219         10.85            3852897          1.49         700.9     76  
94672     Wharton, TX                                                      48                8964          3965           12672519          4.89               5302          0.00        1832.0     76  
94942     Whitesboro, TX                                                   48                3959          1779            6870405          2.65              15415          0.01        1492.5     76  
95104     Wichita Falls, TX                                                48               99437         42916          130438073         50.36            3639201          1.41        1974.4     75  
95752     Wills Point, TX                                                  48                3320          1379            7289830          2.81              24072          0.01        1179.6     76  
96454     Winnie, TX                                                       48                3901          1473           10778210          4.16              58074          0.02         937.4     76  
96535     Winnsboro, TX                                                    48                3403          1518            9057523          3.50              38583          0.01         973.1     76  
96751     Winters, TX                                                      48                2516          1252            3161867          1.22                  0          0.00        2060.9     76  
96940     Woodcreek, TX                                                    48                5032          2524           12657229          4.89                  0          0.00        1029.7     76  
97210     Woodville, TX                                                    48                4760          1215           13167397          5.08              41893          0.02         936.3     76  
97696     Yoakum, TX                                                       48                5624          2387            7437527          2.87                  0          0.00        1958.5     76  
98101     Zapata--Medina, TX                                               48               10719          3992           13497850          5.21                  0          0.00        2056.8     76  
                                                  
                                                  
                                                  
Utah                                              
                                                  
UACE      NAME                                                             STATE  PART        POP            HU           AREALAND  AREALANDSQMI          AREAWATER AREAWATERSQMI        POPDEN  LSADC  
06076     Beaver, UT                                                       49                2882          1169            5343988          2.06                  0          0.00        1396.8     76  
08245     Blanding, UT                                                     49                3264          1059            4325510          1.67                  0          0.00        1954.4     76  
14556     Castle Dale, UT                                                  49                2893          1162            6801498          2.63                  0          0.00        1101.6     76  
14698     Cedar City, UT                                                   49               33200         11995           43431838         16.77                  0          0.00        1979.8     76  
18802     Colorado City, AZ--UT                                            49     P          2397           237            2161165          0.83                  0          0.00        2872.6     76  
23284     Delta, UT                                                        49                3258          1210            4966387          1.92                  0          0.00        1699.1     76  
25480     Eagle Mountain South, UT                                         49                6277          1564            4943098          1.91                  0          0.00        3288.9     76  
27712     Ephraim, UT                                                      49                5781          1636            5693535          2.20                  0          0.00        2629.8     76  
34543     Grantsville, UT                                                  49                6673          2214            9770263          3.77                  0          0.00        1768.9     76  
36028     Gunnison, UT                                                     49                4157           901            6083356          2.35                  0          0.00        1769.8     76  
38053     Heber, UT                                                        49               17212          6165           33264117         12.84                  0          0.00        1340.1     76  
40888     Hurricane, UT                                                    49               16336          6066           26890975         10.38                  0          0.00        1573.4     76  
43818     Kamas, UT                                                        49                2645           974            6648980          2.57                  0          0.00        1030.3     76  
43831     Kanab, UT                                                        49                3212          1460            6236883          2.41              25372          0.01        1333.8     76  
50959     Logan, UT                                                        49               94983         31130          113776996         43.93             100876          0.04        2162.2     75  
54226     Manti, UT                                                        49                3290          1119            4233856          1.63                  0          0.00        2012.6     76  
57844     Moab, UT                                                         49                6883          3148           11081307          4.28                  0          0.00        1608.7     76  
59210     Morgan, UT                                                       49                3518          1151            6226622          2.40                  0          0.00        1463.3     76  
60176     Mount Pleasant, UT                                               49                3207          1119            5194439          2.01                  0          0.00        1599.0     76  
61570     Nephi, UT                                                        49                5249          1809            8240548          3.18                  0          0.00        1649.8     76  
64945     Ogden--Layton, UT                                                49              546026        184349          563458377        217.55            1228208          0.47        2509.9     75  
67618     Park City, UT                                                    49               13352          8870           31242071         12.06                  0          0.00        1106.9     76  
67765     Parowan, UT                                                      49                2551          1137            4636373          1.79                  0          0.00        1425.0     76  
72235     Price, UT                                                        49               14187          5834           24629834          9.51                  0          0.00        1491.9     76  
72559     Provo--Orem, UT                                                  49              482819        138258          437635308        168.97             507853          0.20        2857.4     75  
74395     Richfield, UT                                                    49                7340          2732            6833590          2.64                  0          0.00        2781.9     76  
76258     Roosevelt, UT                                                    49                5915          2015            8137849          3.14                  0          0.00        1882.5     76  
77446     St. George, UT                                                   49               98370         40320          116272865         44.89             117028          0.05        2191.2     75  
78499     Salt Lake City--West Valley City, UT                             49             1021243        359700          719719000        277.89             543186          0.21        3675.1     75  
79471     Santaquin, UT                                                    49                9936          2631           22486388          8.68             112115          0.04        1144.4     76  
84304     Stansbury Park, UT                                               49                9061          2630            7478097          2.89             502403          0.19        3138.2     76  
85681     Summit Park, UT                                                  49                6088          2486            8993197          3.47                  0          0.00        1753.3     76  
88057     Tooele, UT                                                       49               31058         10460           23797800          9.19                  0          0.00        3380.1     76  
88354     Tremonton, UT                                                    49                9890          3306           20561658          7.94                  0          0.00        1245.8     76  
90352     Vernal, UT                                                       49               17321          6454           44180594         17.06                  0          0.00        1015.4     76  
94591     West Wendover, NV--UT                                            49     P          1121           455           13666824          5.28                  0          0.00         212.4     76  
                                                  
                                                  
                                                  
Vermont                                           
                                                  
UACE      NAME                                                             STATE  PART        POP            HU           AREALAND  AREALANDSQMI          AREAWATER AREAWATERSQMI        POPDEN  LSADC  
05221     Barre--Montpelier, VT                                            50               21675         10676           45867906         17.71             548841          0.21        1223.9     76  
06679     Bellows Falls, VT--NH                                            50     P          4164          1929            6262514          2.42              69394          0.03        1722.1     76  
06922     Bennington, VT                                                   50               12723          5457           19782120          7.64             264708          0.10        1665.8     76  
09703     Brattleboro, VT--NH                                              50     P          9971          5047           12238695          4.73              92095          0.04        2110.1     76  
11755     Burlington, VT                                                   50              108740         45774          159947183         61.76            2727737          1.05        1760.8     75  
28819     Fair Haven, VT                                                   50                4181          1542            8711436          3.36              49035          0.02        1243.0     76  
34570     Granville, NY--VT                                                50     P            11             7              33856          0.01                  0          0.00         841.5     76  
48728     Lebanon--Hanover, NH--VT                                         50     P          6287          3121           14906794          5.76             206959          0.08        1092.3     76  
52255     Lyndonville, VT                                                  50                2924          1083            5656563          2.18              50731          0.02        1338.8     76  
56737     Middlebury, VT                                                   50                5350          1608            8851191          3.42             114769          0.04        1565.5     76  
57402     Milton, VT                                                       50                8521          3213           24790828          9.57             137339          0.05         890.2     76  
62920     Newport, VT                                                      50                4004          1842            7163319          2.77             279995          0.11        1447.7     76  
63460     North Adams, MA--VT                                              50     P           452           187             980306          0.38                  0          0.00        1194.2     76  
63703     Northfield, VT                                                   50                4250          1159            4786933          1.85              97347          0.04        2299.5     76  
77014     Rutland, VT                                                      50               19840          9713           31813637         12.28             328039          0.13        1615.2     76  
77176     St. Albans, VT                                                   50                9054          4105           10850413          4.19               9309          0.00        2161.2     76  
77689     St. Johnsbury, VT                                                50                5073          2511            8572552          3.31             122227          0.05        1532.7     76  
84007     Springfield, VT                                                  50                4872          2335            7994356          3.09             215812          0.08        1578.4     76  
86059     Swanton, VT                                                      50                3055          1351            4281455          1.65             115198          0.04        1848.1     76  
90298     Vergennes, VT                                                    50                2592          1073            6363257          2.46             202346          0.08        1055.0     76  
92512     Waterbury, VT                                                    50                2971          1445            7678790          2.96             109911          0.04        1002.1     76  
96292     Windsor, VT--NH                                                  50     P          2675          1383            6846036          2.64             346638          0.13        1012.0     76  
                                                  
                                                  
                                                  
Virginia                                          
                                                  
UACE      NAME                                                             STATE  PART        POP            HU           AREALAND  AREALANDSQMI          AREAWATER AREAWATERSQMI        POPDEN  LSADC  
01738     Altavista, VA                                                    51                4663          2234           14411328          5.56             124082          0.05         838.0     76  
05958     Bealeton, VA                                                     51                6621          2328            9540510          3.68              29956          0.01        1797.4     76  
06220     Bedford, VA                                                      51                6829          3192           17378363          6.71              29441          0.01        1017.8     76  
07327     Berryville, VA                                                   51                4277          1839            5108962          1.97               1608          0.00        2168.2     76  
07678     Big Stone Gap, VA                                                51                8240          3390           16108231          6.22             243088          0.09        1324.9     76  
08002     Blacksburg, VA                                                   51               88542         35430          132632697         51.21             571606          0.22        1729.0     75  
08056     Blackstone, VA                                                   51                3232          1476            4332326          1.67               3696          0.00        1932.2     76  
08515     Bluefield, WV--VA                                                51     P          7189          3288           27301071         10.54              61147          0.02         682.0     76  
10351     Bristol--Bristol, TN--VA                                         51     P         33371         16219           83386240         32.20             189850          0.07        1036.5     75  
10405     Broadway, VA                                                     51                6228          2740            9347987          3.61              91039          0.04        1725.6     76  
11053     Brunswick, MD--VA                                                51     P          1775           663            4883012          1.89              16520          0.01         941.5     76  
11269     Buena Vista, VA                                                  51                6536          2889            8849303          3.42              34608          0.01        1912.9     76  
15724     Charlottesville, VA                                              51               92359         39419           89501576         34.56             841379          0.32        2672.7     75  
15751     Chase City, VA                                                   51                2666          1271            4974293          1.92                  0          0.00        1388.1     76  
17857     Clifton Forge, VA                                                51                5311          2678            9982155          3.85             124764          0.05        1378.0     76  
18424     Coeburn, VA                                                      51                3179          1419            6796323          2.62              45054          0.02        1211.5     76  
18775     Colonial Beach, VA                                               51                3693          2457            4588370          1.77              16206          0.01        2084.6     76  
20746     Covington, VA                                                    51                8430          4240           20825766          8.04             444063          0.17        1048.4     76  
21124     Crewe, VA                                                        51                4323          1247            7211279          2.78              36275          0.01        1552.6     76  
21448     Crozet, VA                                                       51                5527          2215            9035806          3.49              58439          0.02        1584.2     76  
21691     Culpeper, VA                                                     51               17778          6984           19619776          7.58              55255          0.02        2346.9     76  
21928     Dahlgren, VA--MD                                                 51     P          3020          1273           15154281          5.85             292873          0.11         516.1     76  
22253     Danville, VA--NC                                                 51     P         49153         25020          107461880         41.49            1182547          0.46        1184.7     76  
26956     Elkton, VA                                                       51                3657          1703            8152085          3.15              53064          0.02        1161.9     76  
27550     Emporia, VA                                                      51                7143          2990           14951317          5.77              36108          0.01        1237.4     76  
29332     Farmville, VA                                                    51                8999          2929           17849680          6.89             180782          0.07        1305.8     76  
31438     Franklin, VA                                                     51                9209          4170           17766550          6.86              91879          0.04        1342.5     76  
31600     Fredericksburg, VA                                               51              141238         52950          201524230         77.81            2084270          0.80        1815.2     75  
31924     Front Royal, VA                                                  51               18638          7728           44646472         17.24             505322          0.20        1081.2     76  
32248     Galax, VA                                                        51                6915          3244           15394033          5.94              39350          0.02        1163.4     76  
33695     Gloucester Courthouse, VA                                        51                4177          1555           11351423          4.38              20473          0.01         953.0     76  
35758     Grottoes, VA                                                     51                4075          1712            7340473          2.83              17924          0.01        1437.8     76  
37162     Harrisonburg, VA                                                 51               66784         24517           84301359         32.55             283942          0.11        2051.8     75  
45112     King George, VA                                                  51                3303          1172            8414951          3.25             119537          0.05        1016.6     76  
45235     Kingsport, TN--VA                                                51     P          4143          2164           12074365          4.66              64071          0.02         888.7     75  
46845     Lake Land'Or, VA                                                 51                6165          2517           12317485          4.76            1762043          0.68        1296.3     76  
46909     Lake Monticello, VA                                              51                9528          4104           14628500          5.65            1393887          0.54        1686.9     76  
46972     Lake of the Woods, VA                                            51                9231          4368           19163543          7.40            2087534          0.81        1247.6     76  
48367     Lawrenceville, VA                                                51                4032           847            6733724          2.60                  0          0.00        1550.8     76  
48718     Lebanon, VA                                                      51                3375          1649            7816287          3.02               1220          0.00        1118.3     76  
49555     Lexington, VA                                                    51                8762          3361           15172130          5.86             144109          0.06        1495.7     76  
52093     Luray, VA                                                        51                4770          2224           10061211          3.88              55514          0.02        1227.9     76  
52201     Lynchburg, VA                                                    51              116636         49361          230013260         88.81            1386135          0.54        1313.3     75  
54712     Marion, VA                                                       51                7960          3800           15405602          5.95              55484          0.02        1338.2     76  
55252     Martinsville, VA                                                 51               35091         17624          110055908         42.49             620558          0.24         825.8     76  
56818     Middlesborough, KY--TN--VA                                       51     P             0             0              20425          0.01                  0          0.00           0.0     76  
59815     Mount Airy, NC--VA                                               51     P            38            17             179832          0.07                  0          0.00         547.3     76  
61138     Narrows, VA--WV                                                  51     P          2944          1331            5418062          2.09             140345          0.05        1407.3     76  
64027     Norton--Wise, VA                                                 51               10510          4776           29408906         11.35              84744          0.03         925.6     76  
65674     Orange, VA                                                       51                4902          2053            7705936          2.98              23175          0.01        1647.6     76  
68196     Pearisburg, VA                                                   51                2884          1399            8369663          3.23              67337          0.03         892.5     76  
72694     Pulaski, VA                                                      51               16066          7517           31193738         12.04             128568          0.05        1333.9     76  
72856     Purcellville, VA                                                 51               11951          3889           16646229          6.43              64852          0.03        1859.5     76  
74584     Richlands, VA                                                    51                9588          4632           21438611          8.28             213785          0.08        1158.3     76  
74746     Richmond, VA                                                     51              953556        405840         1274710664        492.17           22584241          8.72        1937.5     75  
75421     Roanoke, VA                                                      51              210111         96367          321615840        124.18            1941232          0.75        1692.0     75  
76015     Rocky Mount, VA                                                  51                6048          2865           18880825          7.29              70804          0.03         829.6     76  
76595     Ruckersville, VA                                                 51                5785          2171           17837938          6.89             158318          0.06         840.0     76  
82549     Smithfield, VA                                                   51               10215          4141           24796606          9.57             292885          0.11        1066.9     76  
83143     South Boston, VA                                                 51                8306          3985           17708569          6.84              74301          0.03        1214.8     76  
83278     South Hill, VA                                                   51                4834          2308           12517706          4.83              86575          0.03        1000.2     76  
84630     Staunton--Waynesboro, VA                                         51               56611         26187           98771608         38.14             476340          0.18        1484.5     75  
85195     Strasburg, VA                                                    51                7015          3159            9827904          3.79              84596          0.03        1848.7     76  
85249     Stuarts Draft, VA                                                51                8168          3337           22993060          8.88             354956          0.14         920.1     76  
86680     Tappahannock, VA                                                 51                2534          1231            7079892          2.73             138244          0.05         927.0     76  
86815     Tazewell, VA                                                     51                4950          2324           13683216          5.28             104169          0.04         936.9     76  
89254     Twin Lakes, VA                                                   51                3191          1185            8037849          3.10             492788          0.19        1028.2     76  
90892     Virginia Beach, VA                                               51             1439666        581573         1334999348        515.45          189979138         73.35        2793.0     75  
92242     Washington, DC--VA--MD                                           51     P       2235884        863954         1803056460        696.16           28174105         10.88        3211.7     75  
94456     West Point, VA                                                   51                2675          1133            4809551          1.86               4692          0.00        1440.5     76  
94658     Weyers Cave, VA                                                  51                2522           938            4609189          1.78               7791          0.00        1417.2     76  
95411     Williamsburg, VA                                                 51               75689         33506          144832277         55.92            2025296          0.78        1353.5     75  
96103     Winchester, VA                                                   51               69449         28591           96304695         37.18             342094          0.13        1867.7     75  
97156     Woodstock, VA                                                    51                7017          3346           13374855          5.16              69490          0.03        1358.8     76  
97453     Wytheville, VA                                                   51                7212          3775           18395011          7.10              33456          0.01        1015.4     76  
                                                  
                                                  
                                                  
Washington                                        
                                                  
UACE      NAME                                                             STATE  PART        POP            HU           AREALAND  AREALANDSQMI          AREAWATER AREAWATERSQMI        POPDEN  LSADC  
00172     Aberdeen, WA                                                     53               29856         13139           39997951         15.44            1929689          0.75        1933.3     76  
02224     Anacortes, WA                                                    53               16712          8310           24570264          9.49             589306          0.23        1761.6     76  
06335     Belfair, WA                                                      53                3331          1578            7745077          2.99               2058          0.00        1113.9     76  
06652     Bellingham, WA                                                   53              114473         50696          124634344         48.12            9111493          3.52        2378.8     75  
07111     Benton City, WA                                                  53                4140          1569            6285152          2.43              66332          0.03        1706.0     76  
07759     Birch Bay, WA                                                    53               12737          7626           32488967         12.54             130171          0.05        1015.4     76  
09946     Bremerton, WA                                                    53              198979         85027          353498946        136.49           81974047         31.65        1457.9     75  
12700     Camano, WA                                                       53                6157          3307           17183729          6.63             128605          0.05         928.0     76  
12713     Camano North, WA                                                 53                2529          1610            5160301          1.99                  0          0.00        1269.3     76  
14455     Cashmere, WA                                                     53                4725          1851            7316407          2.82              59441          0.02        1672.6     76  
14570     Castle Rock, WA                                                  53                2514          1103            6168956          2.38             103700          0.04        1055.5     76  
15076     Centralia, WA                                                    53               39517         16448           81772822         31.57             746235          0.29        1251.6     76  
15913     Chelan, WA                                                       53                5704          3449           12634398          4.88             217520          0.08        1169.3     76  
15967     Cheney, WA                                                       53               10569          4172            7986129          3.08                  0          0.00        3427.6     76  
17524     Clearwood, WA                                                    53                2611          1085            3409084          1.32             829947          0.32        1983.7     76  
17560     Cle Elum, WA                                                     53                3539          2172            7795727          3.01                  0          0.00        1175.8     76  
18721     Colfax, WA                                                       53                2720          1369            3343284          1.29               9475          0.00        2107.1     76  
19369     Colville, WA                                                     53                4966          2321           11912942          4.60                  0          0.00        1079.7     76  
19666     Connell, WA                                                      53                4076           883            7019024          2.71                  0          0.00        1504.0     76  
22609     Dayton, WA                                                       53                2681          1275            3721274          1.44                  0          0.00        1866.0     76  
22852     Deer Park, WA                                                    53                3463          1436            4988439          1.93                  0          0.00        1798.0     76  
26024     Eatonville, WA                                                   53                2801          1117            4075185          1.57              12409          0.00        1780.2     76  
26983     Ellensburg, WA                                                   53               20987          8933           22928598          8.85               9305          0.00        2370.7     76  
27739     Ephrata, WA                                                      53                6956          2840            7519009          2.90                  0          0.00        2396.1     76  
28468     Everson, WA                                                      53                4330          1474            7961669          3.07             122409          0.05        1408.6     76  
30412     Forks, WA                                                        53                3940          1528            6292617          2.43                  0          0.00        1621.7     76  
33787     Goldendale, WA                                                   53                3329          1594            4863968          1.88                  0          0.00        1772.6     76  
34381     Grandview, WA                                                    53               18407          5796           28571202         11.03             268399          0.10        1668.6     76  
34397     Granger, WA                                                      53                3048           756            2270781          0.88              37092          0.01        3476.5     76  
34470     Granite Falls, WA                                                53                6129          2517           12266841          4.74             364026          0.14        1294.1     76  
39916     Hood River, OR--WA                                               53     P          3966          1805            8451565          3.26             839076          0.32        1215.4     76  
41293     Indianola, WA                                                    53                7938          3696           25840687          9.98              49791          0.02         795.6     76  
43711     Kalama, WA                                                       53                3310          1452           12641057          4.88              84269          0.03         678.2     76  
44479     Kennewick--Pasco, WA                                             53              210975         78723          265387682        102.47           18568155          7.17        2059.0     75  
45844     La Center, WA                                                    53                2759           966            2745073          1.06                  0          0.00        2603.1     76  
45883     La Conner, WA                                                    53                3297          1805            4195332          1.62             228921          0.09        2035.4     76  
48485     Leavenworth, WA                                                  53                3282          1899            9438257          3.64             250301          0.10         900.6     76  
49312     Lewiston, ID--WA                                                 53     P         20184          9099           31121107         12.02             541594          0.21        1679.8     75  
51283     Longview, WA--OR                                                 53     P         61598         26707           79529780         30.71            3256926          1.26        2006.0     75  
52228     Lynden, WA                                                       53               14533          5699           24132340          9.32             336307          0.13        1559.7     76  
52352     Mabton, WA                                                       53                2534           606            1863026          0.72                  0          0.00        3522.8     76  
55333     Marysville, WA                                                   53              145140         55154          211897491         81.81            8458188          3.27        1774.0     75  
55522     Mattawa, WA                                                      53                4988           953            1617949          0.62                  0          0.00        7984.7     76  
56023     Medical Lake, WA                                                 53                4918          1778            5233473          2.02             496996          0.19        2433.9     76  
58469     Montesano--Elma, WA                                              53                8522          3558           14316968          5.53              83449          0.03        1541.7     76  
59518     Moses Lake, WA                                                   53               32978         12875           68865769         26.59           13187824          5.09        1240.3     76  
60490     Mount Vernon, WA                                                 53               62966         24662           89280199         34.47            3471245          1.34        1826.6     75  
62930     Newport, WA--ID                                                  53     P          2196           985            2781516          1.07                  0          0.00        2044.8     76  
63271     Nine Mile Falls, WA                                              53                4086          1432           11295047          4.36                  0          0.00         936.9     76  
64378     Oak Harbor, WA                                                   53               33004         14088           77563024         29.95             728525          0.28        1102.1     76  
64648     Ocean Park, WA                                                   53                3288          3860           13237688          5.11              66230          0.03         643.3     76  
64675     Ocean Shores, WA                                                 53                5218          4183           14282495          5.51            1905770          0.74         946.2     76  
65242     Olympia--Lacey, WA                                               53              176617         77203          273453845        105.58           34763133         13.42        1672.8     75  
65296     Omak, WA                                                         53                8229          3560           12267005          4.74             241832          0.09        1737.4     76  
66268     Othello, WA                                                      53               11207          3138           20338800          7.85              77264          0.03        1427.1     76  
68171     Peaceful Valley, WA                                              53                3025          1378            3056620          1.18              41796          0.02        2563.2     76  
70939     Port Angeles, WA                                                 53               22863         11080           40342942         15.58               5715          0.00        1467.8     76  
71128     Port Hadlock-Irondale, WA                                        53                4305          2214            9959476          3.85              43387          0.02        1119.5     76  
71317     Portland, OR--WA                                                 53     P        359562        143905          323906641        125.06            3718902          1.44        2875.1     75  
71560     Port Townsend, WA                                                53                8400          4815           12388999          4.78             214181          0.08        1756.1     76  
72748     Pullman, WA                                                      53               29729         11928           17744316          6.85                  0          0.00        4339.3     76  
73072     Quincy, WA                                                       53                6986          2087            7635510          2.95                  0          0.00        2369.7     76  
73585     Raymond, WA                                                      53                4082          1871            6666391          2.57             248431          0.10        1585.9     76  
74840     Ridgefield, WA                                                   53                4259          1486            5691555          2.20                  0          0.00        1938.1     76  
80389     Seattle, WA                                                      53             3059393       1309501         2616697301       1010.31          173839079         67.12        3028.2     75  
80686     Sequim, WA                                                       53               19286         10288           63299641         24.44                  0          0.00         789.1     76  
81415     Shelton, WA                                                      53               18705          7037           47192275         18.22            1246198          0.48        1026.6     76  
82675     Snoqualmie, WA                                                   53               20592          7714           30978303         11.96             300114          0.12        1721.6     76  
83764     Spokane, WA                                                      53              387847        167877          425287244        164.20            5149716          1.99        2362.0     75  
84385     Stanwood, WA                                                     53                6289          2607            7008765          2.71                  0          0.00        2324.0     76  
85573     Sultan, WA                                                       53                7982          3155           10907359          4.21                  0          0.00        1895.4     76  
85789     Sunnyside, WA                                                    53               17327          4943           15263886          5.89                  0          0.00        2940.1     76  
87263     The Dalles, OR--WA                                               53     P           789           340            3760020          1.45            1062169          0.41         543.5     76  
88111     Toppenish, WA                                                    53               14512          4204           22655213          8.75              29520          0.01        1659.0     76  
91405     Walla Walla, WA--OR                                              53     P         46980         18762           57145180         22.06              86346          0.03        2129.3     75  
91702     Wapato, WA                                                       53                7607          1977            6893330          2.66                  0          0.00        2858.1     76  
91741     Warden, WA                                                       53                2679           796            2303907          0.89                  0          0.00        3011.7     76  
93862     Wenatchee, WA                                                    53               67227         26689           81256350         31.37            4989001          1.93        2142.8     75  
97021     Woodland, WA                                                     53                5863          2255            8980553          3.47             170456          0.07        1690.9     76  
97507     Yakima, WA                                                       53              129534         49379          154959204         59.83             542767          0.21        2165.0     75  
97642     Yelm, WA                                                         53               12387          4663           20405309          7.88             147163          0.06        1572.2     76  
                                                  
                                                  
                                                  
West Virginia                                     
                                                  
UACE      NAME                                                             STATE  PART        POP            HU           AREALAND  AREALANDSQMI          AREAWATER AREAWATERSQMI        POPDEN  LSADC  
01198     Alderson, WV                                                     54                2632           789            3439605          1.33              92069          0.04        1981.9     76  
06139     Beckley, WV                                                      54               64022         29519          157912915         60.97             727366          0.28        1050.0     75  
08515     Bluefield, WV--VA                                                54     P         36903         18178           82737772         31.95             373563          0.14        1155.2     76  
11161     Buckhannon, WV                                                   54                8731          3731           16014135          6.18                  0          0.00        1412.1     76  
15481     Charleston, WV                                                   54              153199         74528          254369516         98.21           18676559          7.21        1559.9     75  
15600     Charles Town--Ranson, WV                                         54               21019          8603           48078558         18.56              76989          0.03        1132.3     76  
17236     Clarksburg, WV                                                   54               43988         20581           99826703         38.54             264544          0.10        1141.3     76  
21745     Cumberland, MD--WV--PA                                           54     P          2249          1127            3834115          1.48              23547          0.01        1519.2     75  
25687     East Liverpool, OH--WV--PA                                       54     P          4638          2297            6563636          2.53            2066904          0.80        1830.1     76  
26875     Elkins, WV                                                       54               11061          5164           15852775          6.12                  0          0.00        1807.1     76  
28873     Fairmont, WV                                                     54               33409         16075           67654371         26.12            2338517          0.90        1279.0     76  
33612     Glenville, WV                                                    54                3415           680            4331480          1.67              48156          0.02        2042.0     76  
34111     Grafton, WV                                                      54                5923          2654           10315432          3.98             397037          0.15        1487.1     76  
36190     Hagerstown, MD--WV--PA                                           54     P         71787         30730          181145246         69.94             224215          0.09        1026.4     75  
39160     Hinton, WV                                                       54                2635          1556            3995235          1.54             220319          0.09        1708.2     76  
40753     Huntington, WV--KY--OH                                           54     P        112268         53056          167011405         64.48           12319970          4.76        1741.0     75  
44803     Keyser, WV--MD                                                   54     P          6801          3139            9028721          3.49                  0          0.00        1950.9     76  
45343     Kingwood, WV                                                     54                3201          1521            5988889          2.31                  0          0.00        1384.3     76  
49285     Lewisburg, WV                                                    54                6959          3657           17359334          6.70             306876          0.12        1038.3     76  
50986     Logan, WV                                                        54               10747          5282           20841261          8.05             968018          0.37        1335.6     76  
51580     Louisa, KY--WV                                                   54     P           622           336            2504441          0.97             442110          0.17         643.2     76  
53173     Madison, WV                                                      54                4579          2125           10594171          4.09             306099          0.12        1119.4     76  
54486     Marietta, OH--WV                                                 54     P          4031          1798           15086361          5.82            1306130          0.50         692.0     76  
56791     Middleport, OH--WV                                               54     P          4113          1957            9863069          3.81            2965020          1.14        1080.1     76  
58664     Montgomery, WV                                                   54                4689          2433            6088214          2.35             343276          0.13        1994.7     76  
58992     Moorefield, WV                                                   54                2732          1302            4656469          1.80               6669          0.00        1519.6     76  
59275     Morgantown, WV                                                   54               70350         32056           97111353         37.49            3299805          1.27        1876.3     75  
61138     Narrows, VA--WV                                                  54     P          1285           631            2047082          0.79                552          0.00        1625.8     76  
62623     New Martinsville, WV--OH                                         54     P          5794          2827            7634826          2.95             745443          0.29        1965.5     76  
64594     Oceana, WV                                                       54                2645          1216            4245297          1.64              69437          0.03        1613.7     76  
66754     Paden City, WV                                                   54                2682          1284            2009276          0.78                  0          0.00        3457.1     76  
67672     Parkersburg, WV--OH                                              54     P         59643         28306           96426281         37.23            2573014          0.99        1602.0     75  
68995     Petersburg, WV                                                   54                2545          1349            3620994          1.40                  0          0.00        1820.4     76  
69103     Philippi, WV                                                     54                2700          1253            4354542          1.68              18023          0.01        1605.9     76  
70507     Point Pleasant--Gallipolis, OH--WV                               54     P          5448          2704            7148423          2.76             627943          0.24        1973.9     76  
73504     Ravenswood, WV                                                   54                4150          1945            5142318          1.99             155529          0.06        2090.2     76  
75178     Ripley, WV                                                       54                4193          2061            9941384          3.84             475593          0.18        1092.4     76  
77905     St. Marys, WV--OH                                                54     P          3463          1414            4482593          1.73              18064          0.01        2000.9     76  
81002     Shannondale, WV                                                  54                2577          1136            6737390          2.60                  0          0.00         990.7     76  
81496     Shepherdstown, WV--MD                                            54     P          3461          1126            2777760          1.07                  0          0.00        3227.0     76  
82279     Sissonville, WV                                                  54                2888          1253            7402266          2.86              46219          0.02        1010.5     76  
83656     Spencer, WV                                                      54                2986          1497            5100765          1.97              43851          0.02        1516.2     76  
85627     Summersville, WV                                                 54                3369          1683            7922943          3.06              21640          0.01        1101.3     76  
93592     Weirton--Steubenville, WV--OH--PA                                54     P         30669         14787           62106767         23.98            4624406          1.79        1279.0     75  
93646     Welch, WV                                                        54                3098          1574            4150421          1.60              62827          0.02        1933.2     76  
94005     Westernport, MD--WV                                              54     P           939           506            1295968          0.50                  0          0.00        1876.6     76  
94321     Weston, WV                                                       54                5077          2520            7056733          2.72             232787          0.09        1863.4     76  
94726     Wheeling, WV--OH                                                 54     P         51067         25336           77098258         29.77            8223877          3.18        1715.5     75  
94969     White Sulphur Springs, WV                                        54                2674          1535            3959102          1.53              28793          0.01        1749.3     76  
95428     Williamson, WV--KY                                               54     P          2754          1626            3622931          1.40                  0          0.00        1968.8     76  
                                                  
                                                  
                                                  
Wisconsin                                         
                                                  
UACE      NAME                                                             STATE  PART        POP            HU           AREALAND  AREALANDSQMI          AREAWATER AREAWATERSQMI        POPDEN  LSADC  
00091     Abbotsford, WI                                                   55                3966          1616            5363441          2.07              13221          0.01        1915.2     76  
01360     Algoma, WI                                                       55                3070          1655            4785867          1.85             105292          0.04        1661.4     76  
02035     Amery, WI                                                        55                2832          1412            5340906          2.06            1111063          0.43        1373.3     76  
02656     Antigo, WI                                                       55                8158          3916           10833996          4.18              84337          0.03        1950.3     76  
02764     Appleton, WI                                                     55              216154         92157          268776675        103.78           10806541          4.17        2082.9     75  
02901     Arcadia, WI                                                      55                2993          1235            5461020          2.11                  0          0.00        1419.5     76  
03412     Ashland, WI                                                      55                7293          3452           11230636          4.34                  0          0.00        1681.9     76  
04762     Baldwin, WI                                                      55                5831          2474            9591428          3.70                  0          0.00        1574.6     76  
05005     Baraboo, WI                                                      55               13759          6380           16095354          6.21             187024          0.07        2214.0     76  
05248     Barron, WI                                                       55                3292          1469            4953741          1.91              49730          0.02        1721.2     76  
06112     Beaver Dam, WI                                                   55               17833          8063           20413564          7.88              72832          0.03        2262.6     76  
06760     Beloit, WI--IL                                                   55     P         45123         18732           57741137         22.29            1569497          0.61        2024.0     75  
07219     Berlin, WI                                                       55                4891          2230            6026714          2.33              14520          0.01        2101.9     76  
07975     Black River Falls, WI                                            55                5677          2234           13913949          5.37             177517          0.07        1056.7     76  
08299     Bloomer, WI                                                      55                3348          1566            5091688          1.97             335604          0.13        1703.0     76  
09244     Boscobel, WI                                                     55                3261          1322            3992582          1.54                  0          0.00        2115.4     76  
10297     Brillion, WI                                                     55                2968          1256            4073282          1.57              20810          0.01        1887.2     76  
10459     Brodhead, WI                                                     55                3506          1516            4659178          1.80                  0          0.00        1948.9     76  
11782     Burlington, WI                                                   55               23534         10241           34026307         13.14            3107951          1.20        1791.3     76  
12872     Cambridge, WI                                                    55                2577          1412            4530996          1.75            1493347          0.58        1473.1     76  
16223     Chetek, WI                                                       55                2830          1618            7362868          2.84             469378          0.18         995.5     76  
16480     Chilton, WI                                                      55                3590          1669            4802661          1.85              26546          0.01        1936.0     76  
18100     Clintonville, WI                                                 55                4481          2199            5845826          2.26             501362          0.19        1985.3     76  
19288     Columbus, WI                                                     55                6623          2918            9969107          3.85             116115          0.04        1720.7     76  
23041     Delavan, WI                                                      55               12158          5770           20055302          7.74             568029          0.22        1570.1     76  
24364     Dodgeville, WI                                                   55                4756          2123            7905999          3.05                  0          0.00        1558.1     76  
24850     Duluth, MN--WI                                                   55     P         27045         12299           37259192         14.39            8308386          3.21        1880.0     75  
25903     East Troy, WI                                                    55                4306          1814            6312021          2.44                  0          0.00        1766.9     76  
26038     Eau Claire, WI                                                   55              102852         44530          178706416         69.00           12338276          4.76        1490.6     75  
26173     Edgerton, WI                                                     55                7208          3369           13353093          5.16             485616          0.19        1398.1     76  
26821     Elkhorn, WI                                                      55               12484          4987           26634746         10.28             170181          0.07        1214.0     76  
27076     Ellsworth, WI                                                    55                2823          1247            5951158          2.30                728          0.00        1228.6     76  
28360     Evansville, WI                                                   55                5669          2313            7978930          3.08                  0          0.00        1840.2     76  
30223     Fond du Lac, WI                                                  55               54901         24309           74721485         28.85             831262          0.32        1903.0     75  
30547     Fort Atkinson, WI                                                55               21105          9095           29009286         11.20             845858          0.33        1884.3     76  
34813     Green Bay, WI                                                    55              206520         88146          271964922        105.01            6967829          2.69        1966.7     75  
37823     Hayward, WI                                                      55                2616          1373            7162391          2.77             601548          0.23         946.0     76  
40105     Horicon, WI                                                      55                3493          1561            3897845          1.50              50214          0.02        2321.0     76  
40547     Hudson, WI--MN                                                   55     P         19201          8094           29894939         11.54            1434960          0.55        1663.5     76  
41671     Iron Mountain--Kingsford, MI--WI                                 55     P          1634           799            5762743          2.23             150002          0.06         734.4     76  
41752     Ironwood, MI--WI                                                 55     P          1905          1270            4371444          1.69             130063          0.05        1128.7     76  
42562     Janesville, WI                                                   55               69658         30539           79709496         30.78            1355979          0.52        2263.4     75  
43217     Johnson Creek, WI                                                55                2702          1106            4787569          1.85              15674          0.01        1461.7     76  
43571     Juneau, WI                                                       55                2736           892            2779737          1.07                  0          0.00        2549.2     76  
44506     Kenosha, WI--IL                                                  55     P        124060         50482          132620325         51.20             342509          0.13        2422.8     75  
44738     Kewaunee, WI                                                     55                2622          1287            3357334          1.30             369555          0.14        2022.7     76  
44884     Kiel--New Holstein, WI                                           55                6912          3185           10037462          3.88              78334          0.03        1783.5     76  
45910     La Crosse, WI--MN                                                55     P         95510         40847          124743707         48.16            3279899          1.27        1983.0     75  
45964     Ladysmith, WI                                                    55                3449          1681            6838033          2.64             710542          0.27        1306.4     76  
46684     Lake Delton, WI                                                  55                5473          3491           16906450          6.53            1398563          0.54         838.4     76  
46693     Lake Geneva, WI                                                  55               14649          9116           35696576         13.78            3226819          1.25        1062.9     76  
46882     Lake Mills, WI                                                   55                6581          3048           10433185          4.03              44671          0.02        1633.7     76  
47584     Lancaster, WI                                                    55                3688          1745            5695734          2.20                  0          0.00        1677.0     76  
50905     Lodi, WI                                                         55                3014          1262            3696232          1.43                778          0.00        2111.9     76  
53200     Madison, WI                                                      55              401661        181348          391086803        151.00           17787113          6.87        2660.0     75  
53956     Manitowoc, WI                                                    55               46360         22038           64300796         24.83            1797832          0.69        1867.3     76  
54496     Marinette--Menominee, WI--MI                                     55     P         10861          5453           14554600          5.62             821458          0.32        1932.7     76  
55063     Marshall, WI                                                     55                3834          1483            3629647          1.40             187142          0.07        2735.8     76  
55144     Marshfield, WI                                                   55               19421          9596           30807131         11.89              70991          0.03        1632.7     76  
55684     Mauston, WI                                                      55                4401          1981            6597997          2.55                  0          0.00        1727.6     76  
55846     Mayville, WI                                                     55                5134          2311            6123789          2.36             229895          0.09        2171.4     76  
55860     Mazomanie, WI                                                    55                2956          1294            4681189          1.81              67989          0.03        1635.5     76  
56008     Medford, WI                                                      55                4046          1984            6631818          2.56              74099          0.03        1580.1     76  
56224     Menomonie, WI                                                    55               17844          6971           30150280         11.64            4445356          1.72        1532.8     76  
56359     Merrill, WI                                                      55               10282          4877           18340602          7.08            1357212          0.52        1452.0     76  
57466     Milwaukee, WI                                                    55             1376476        597266         1413150250        545.62           49369848         19.06        2522.8     75  
57628     Minneapolis--St. Paul, MN--WI                                    55     P           276           138            1281522          0.49             658801          0.25         557.8     75  
58384     Monroe, WI                                                       55               10883          5121           11413414          4.41                  0          0.00        2469.6     76  
59950     Mount Horeb, WI                                                  55                6997          2822            7328695          2.83                  0          0.00        2472.8     76  
60517     Mukwonago, WI                                                    55               20255          7922           56512708         21.82             484404          0.19         928.3     76  
62515     New London, WI                                                   55                7643          3458            9696589          3.74             306430          0.12        2041.5     76  
62974     New Richmond, WI                                                 55                8275          3649           10722778          4.14              57356          0.02        1998.7     76  
64756     Oconto, WI                                                       55                4273          1957            7382751          2.85             134093          0.05        1499.0     76  
64783     Oconto Falls, WI                                                 55                2621          1207            4006167          1.55              29766          0.01        1694.5     76  
65323     Omro, WI                                                         55                3358          1466            4442532          1.72             280680          0.11        1957.7     76  
65566     Oostburg, WI                                                     55                2724          1097            2640499          1.02               1019          0.00        2671.9     76  
65809     Oregon, WI                                                       55               11059          4460           16289234          6.29              98622          0.04        1758.4     76  
66134     Osceola, WI                                                      55                3593          1678           10634931          4.11             102539          0.04         875.0     76  
66160     Oshkosh, WI                                                      55               74495         31552           79786869         30.81            2716813          1.05        2418.2     75  
68860     Peshtigo, WI                                                     55                3441          1608            6110683          2.36             285457          0.11        1458.5     76  
70129     Platteville, WI                                                  55               11236          3844           10434888          4.03                  0          0.00        2788.8     76  
70372     Plymouth, WI                                                     55                8799          4170           12109528          4.68             219802          0.08        1881.9     76  
70858     Portage, WI                                                      55               10391          4563           14326253          5.53             443844          0.17        1878.5     76  
71857     Prairie du Chien, WI--IA                                         55     P          6255          2766           10516093          4.06             474671          0.18        1540.5     76  
71884     Prairie du Sac--Sauk City, WI                                    55                7733          3374            8932977          3.45              32921          0.01        2242.1     76  
72100     Prescott, WI                                                     55                4152          1755            4326896          1.67                  0          0.00        2485.3     76  
72721     Pulaski, WI                                                      55                3363          1447            3816888          1.47                  0          0.00        2282.0     76  
73153     Racine, WI                                                       55              133700         56766          127971275         49.41            1296154          0.50        2705.9     75  
74071     Reedsburg, WI                                                    55                9190          4102           12588111          4.86              60403          0.02        1890.8     76  
74341     Rhinelander, WI                                                  55                9010          4659           22654343          8.75            3491645          1.35        1030.1     76  
74368     Rice Lake, WI                                                    55                9507          4653           16562817          6.39            3508433          1.35        1486.6     76  
74557     Richland Center, WI                                              55                5021          2535            7025101          2.71             171619          0.07        1851.1     76  
75205     Ripon, WI                                                        55                7930          3381            9607952          3.71             117621          0.05        2137.7     76  
75286     River Falls, WI                                                  55               15351          5581           19840255          7.66             207898          0.08        2004.0     76  
76474     Round Lake Beach--McHenry--Grayslake, IL--WI                     55     P         30562         14009           54539286         21.06            8795515          3.40        1451.3     75  
80848     Seymour (Outagamie County), WI                                   55                3500          1581            5701873          2.20                  0          0.00        1589.8     76  
81064     Shawano, WI                                                      55               10527          5311           16340924          6.31             677455          0.26        1668.5     76  
81118     Sheboygan, WI                                                    55               71313         32081           86596291         33.44            1018428          0.39        2132.9     75  
82937     Somerset, WI                                                     55                2604          1100            5335908          2.06                  0          0.00        1264.0     76  
83521     Sparta, WI                                                       55                9907          4329           14019554          5.41                  0          0.00        1830.2     76  
83791     Spooner, WI                                                      55                2673          1281            4373187          1.69             115507          0.04        1583.1     76  
84290     Stanley, WI                                                      55                3447           931            4540568          1.75               1534          0.00        1966.2     76  
84871     Stevens Point, WI                                                55               44223         18701           62401479         24.09            2249428          0.87        1835.5     76  
85276     Sturgeon Bay, WI                                                 55                8617          4693           14272691          5.51            4707223          1.82        1563.7     76  
87922     Tomah, WI                                                        55                9002          4144           13060078          5.04              41340          0.02        1785.2     76  
87949     Tomahawk, WI                                                     55                2926          1472            7975897          3.08             940195          0.36         950.2     76  
89596     Union Grove, WI                                                  55                6973          2669           10757797          4.15              14477          0.01        1678.8     76  
90919     Viroqua, WI                                                      55                4097          2047            5331564          2.06                  0          0.00        1990.3     76  
91594     Walworth, WI                                                     55                4383          2727            9180303          3.54              53603          0.02        1236.6     76  
92620     Waterloo, WI                                                     55                3059          1306            3563647          1.38              74081          0.03        2223.2     76  
92728     Watertown, WI                                                    55               23347          9449           23393366          9.03            1005894          0.39        2584.9     76  
92971     Waupaca, WI                                                      55                7755          3779           16574220          6.40            1218777          0.47        1211.8     76  
92998     Waupun, WI                                                       55               11373          3719            9572380          3.70             146666          0.06        3077.2     76  
93025     Wausau, WI                                                       55               74632         33318          121387810         46.87            8483189          3.28        1592.4     75  
93065     Wautoma, WI                                                      55                2573          1212            4747664          1.83              55250          0.02        1403.6     76  
93916     West Bend, WI                                                    55               68444         29671           99682522         38.49            1490650          0.58        1778.3     75  
95050     Whitewater, WI                                                   55               14227          5053           12884666          4.97             775465          0.30        2859.8     76  
96350     Winneconne, WI                                                   55                3654          1798            8732679          3.37             581488          0.22        1083.7     76  
96832     Wisconsin Rapids, WI                                             55               29169         13396           55565339         21.45            1275467          0.49        1359.6     76  
97359     Wrightstown, WI                                                  55                2524           965            3822052          1.48             180434          0.07        1710.4     76  
                                                  
                                                  
                                                  
Wyoming                                           
                                                  
UACE      NAME                                                             STATE  PART        POP            HU           AREALAND  AREALANDSQMI          AREAWATER AREAWATERSQMI        POPDEN  LSADC  
11377     Buffalo, WY                                                      56                4368          2108            6152276          2.38               1106          0.00        1838.8     76  
14482     Casper, WY                                                       56               64548         28679           78586197         30.34             497830          0.19        2127.3     75  
16237     Cheyenne, WY                                                     56               73588         33018           90991601         35.13             282336          0.11        2094.6     75  
18397     Cody, WY                                                         56                9338          4553           16441112          6.35              29888          0.01        1471.0     76  
24553     Douglas, WY                                                      56                6175          2803            8339244          3.22              23518          0.01        1917.8     76  
28306     Evanston, WY                                                     56               12017          4983           18144982          7.01              90192          0.03        1715.3     76  
33247     Gillette, WY                                                     56               32721         13590           64320442         24.83              78289          0.03        1317.6     76  
35083     Green River, WY                                                  56               12672          5065           12210633          4.71             360957          0.14        2687.8     76  
42319     Jackson, WY                                                      56               11407          5507           10557507          4.08             118009          0.05        2798.4     76  
44317     Kemmerer, WY                                                     56                3127          1526            3831328          1.48               8101          0.00        2113.9     76  
47638     Lander, WY                                                       56                7225          3274            6715771          2.59                  0          0.00        2786.4     76  
47827     Laramie, WY                                                      56               31965         14816           47482478         18.33              56631          0.02        1743.6     76  
62191     Newcastle, WY                                                    56                3277          1654            5899265          2.28                  0          0.00        1438.7     76  
71830     Powell, WY                                                       56                6389          2660            6365188          2.46                  0          0.00        2599.7     76  
73531     Rawlins, WY                                                      56                9272          3990           11858453          4.58                  0          0.00        2025.1     76  
75367     Riverton, WY                                                     56               12265          5244           18366239          7.09                206          0.00        1729.6     76  
75880     Rock Springs, WY                                                 56               26352         11301           36208433         13.98              16091          0.01        1885.0     76  
81604     Sheridan, WY                                                     56               18786          8748           33877054         13.08              49823          0.02        1436.2     76  
87301     Thermopolis, WY                                                  56                3297          1782            5971173          2.31              45680          0.02        1430.1     76  
88219     Torrington, WY                                                   56                7155          3270            8904914          3.44               1832          0.00        2081.0     76  
94699     Wheatland, WY                                                    56                3584          1829            6892714          2.66                  0          0.00        1346.7     76  
97318     Worland, WY                                                      56                5465          2474            5748595          2.22               9006          0.00        2462.2     76  
                                                  
                                                  
                                                  
American Samoa                                    
                                                  
UACE      NAME                                                             STATE  PART        POP            HU           AREALAND  AREALANDSQMI          AREAWATER AREAWATERSQMI        POPDEN  LSADC  
02153     Amouli, AS                                                       60                4515           900           12144006          4.69                  0          0.00         962.9     76  
86369     Tafuna, AS                                                       60               43450          8462           65804670         25.41            4175514          1.61        1710.1     76  
                                                  
                                                  
                                                  
Guam                                              
                                                  
UACE      NAME                                                             STATE  PART        POP            HU           AREALAND  AREALANDSQMI          AREAWATER AREAWATERSQMI        POPDEN  LSADC  
00604     Agat, GU                                                         66               10093          3133           12594773          4.86               2939          0.00        2075.5     76  
22811     Dededo--Machanao--Apotgan, GU                                    66              139825         44741          156449340         60.41             145654          0.06        2314.8     76  
                                                  
                                                  
                                                  
Commonwealth of the Northern Mariana Islands      
                                                  
UACE      NAME                                                             STATE  PART        POP            HU           AREALAND  AREALANDSQMI          AREAWATER AREAWATERSQMI        POPDEN  LSADC  
32506     Garapan--Dandan, MP                                              69               46203         17857           59381970         22.93             201470          0.08        2015.2     76  
79066     San Jose (Tinian Municipality), MP                               69                2794           962            9929289          3.83             356489          0.14         728.8     76  
                                                  
                                                  
                                                  
Puerto Rico                                       
                                                  
UACE      NAME                                                             STATE  PART        POP            HU           AREALAND  AREALANDSQMI          AREAWATER AREAWATERSQMI        POPDEN  LSADC  
00550     Adjuntas, PR                                                     72               11122          4637           20440722          7.89             156185          0.06        1409.2     76  
00631     Aguadilla--Isabela--San Sebastián, PR                            72              306196        138431          619716445        239.27             902076          0.35        1279.7     75  
03034     Arecibo, PR                                                      72              139171         60653          217740151         84.07            1592521          0.61        1655.4     75  
18316     Coamo, PR                                                        72               38047         15449           47915411         18.50              44381          0.02        2056.6     76  
18383     Coco--Salinas, PR                                                72               22102         10241           19807099          7.65              49679          0.02        2890.1     76  
27372     Emajagua, PR                                                     72                9231          4129           14250802          5.50               3536          0.00        1677.7     76  
28981     Fajardo, PR                                                      72               85225         43282          131562223         50.80             354753          0.14        1677.8     75  
30115     Florida--Imbéry--Barceloneta, PR                                 72               71747         30256          118646836         45.81              59062          0.02        1566.2     75  
35866     Guayama, PR                                                      72               80155         35613          105492947         40.73            8101142          3.13        1967.9     75  
42778     Jayuya, PR                                                       72               11300          4436           25867112          9.99                692          0.00        1131.4     76  
43453     Juana Díaz, PR                                                   72               80928         30995          123816090         47.81            3716231          1.43        1692.9     75  
54469     Maricao, PR                                                      72                2697          1251            3384792          1.31                220          0.00        2063.7     76  
55738     Mayagüez, PR                                                     72              109572         51854          139179299         53.74              87509          0.03        2039.0     75  
70642     Ponce, PR                                                        72              149539         63117          114270222         44.12            1659094          0.64        3389.4     75  
78985     San Germán--Cabo Rojo--Sabana Grande, PR                         72              118199         56874          247298737         95.48            1648066          0.64        1237.9     75  
79093     San Juan, PR                                                     72             2148346        931029         2244716395        866.69           24716022          9.54        2478.8     75  
79390     Santa Isabel, PR                                                 72               10550          4391           12702427          4.90              96655          0.04        2151.1     76  
90622     Vieques (Vieques Municipio), PR                                  72                8230          4808           13439063          5.19              14153          0.01        1586.1     76  
97561     Yauco, PR                                                        72               90899         38358          120576522         46.55             104959          0.04        1952.5     75  
                                                  
                                                  
                                                  
United States Virgin Islands                      
                                                  
UACE      NAME                                                             STATE  PART        POP            HU           AREALAND  AREALANDSQMI          AREAWATER AREAWATERSQMI        POPDEN  LSADC  
15697     Charlotte Amalie--Tutu, VI                                       78               50916         26720           62937296         24.30             354135          0.14        2095.3     76  
16750     Christiansted, VI                                                78               46601         22419           91219580         35.22              97609          0.04        1323.1     76  
21475     Cruz Bay, VI                                                     78                3090          2464            7988028          3.08              82572          0.03        1001.9     76  
