Alabama                                           
                                                  
UACE      NAME                                                             STATE  PART        POP            HU           AREALAND  AREALANDSQMI          AREAWATER AREAWATERSQMI        POPDEN  LSADC  
02629     Anniston--Oxford, AL                                             01               79796         36090          224731051         86.77            1386620          0.54         919.6     75  
04033     Auburn, AL                                                       01               74741         34604          129261694         49.91             909436          0.35        1497.6     75  
07786     Birmingham, AL                                                   01              749495        337693         1372424115        529.90           10441184          4.03        1414.4     75  
19099     Columbus, GA--AL                                                 01     P         61264         26814          133651349         51.60             740829          0.29        1187.2     75  
22285     Daphne--Fairhope, AL                                             01               57383         26465          143085068         55.25             602069          0.23        1038.7     75  
22690     Decatur, AL                                                      01               70436         30468          150964905         58.29            3866832          1.49        1208.4     75  
24472     Dothan, AL                                                       01               68781         30681          143746685         55.50             308682          0.12        1239.3     75  
29953     Florence, AL                                                     01               77074         37040          160947434         62.14            2038053          0.79        1240.3     75  
32113     Gadsden, AL                                                      01               64172         29951          186576743         72.04            7245625          2.80         890.8     75  
40780     Huntsville, AL                                                   01              286692        125102          543269972        209.76            2674874          1.03        1366.8     75  
57925     Mobile, AL                                                       01              326183        142178          576933846        222.76            9972885          3.85        1464.3     75  
58600     Montgomery, AL                                                   01              263907        112998          397762819        153.58            3526025          1.36        1718.4     75  
68482     Pensacola, FL--AL                                                01     P          6266          9066           20534452          7.93             993775          0.38         790.3     75  
89110     Tuscaloosa, AL                                                   01              139114         61509          231842934         89.52            4272196          1.65        1554.1     75  
                                                  
                                                  
                                                  
Alaska                                            
                                                  
UACE      NAME                                                             STATE  PART        POP            HU           AREALAND  AREALANDSQMI          AREAWATER AREAWATERSQMI        POPDEN  LSADC  
02305     Anchorage, AK                                                    02              251243         97417          220101413         84.98            2656777          1.03        2956.4     75  
28549     Fairbanks, AK                                                    02               64513         25869          142765014         55.12            4392468          1.70        1170.4     75  
                                                  
                                                  
                                                  
Arizona                                           
                                                  
UACE      NAME                                                             STATE  PART        POP            HU           AREALAND  AREALANDSQMI          AREAWATER AREAWATERSQMI        POPDEN  LSADC  
04549     Avondale--Goodyear, AZ                                           04              197041         73521          227705132         87.92             346232          0.13        2241.2     75  
14401     Casa Grande, AZ                                                  04               51331         23555           57668369         22.27                  0          0.00        2305.4     75  
29818     Flagstaff, AZ                                                    04               71957         28672           90199563         34.83              14636          0.01        2066.2     75  
46747     Lake Havasu City, AZ                                             04               53427         32835           76512992         29.54              58541          0.02        1808.5     75  
69184     Phoenix--Mesa, AZ                                                04             3629114       1575123         2969602180       1146.57           11690971          4.51        3165.2     75  
72112     Prescott Valley--Prescott, AZ                                    04               84744         43098          132047936         50.98                  0          0.00        1662.2     75  
81901     Sierra Vista, AZ                                                 04               52745         22533           78423935         30.28              50937          0.02        1741.9     75  
88732     Tucson, AZ                                                       04              843168        375658          915465491        353.46            2164854          0.84        2385.4     75  
98020     Yuma, AZ--CA                                                     04     P        134256         67642          148991238         57.53             379100          0.15        2333.8     75  
                                                  
                                                  
                                                  
Arkansas                                          
                                                  
UACE      NAME                                                             STATE  PART        POP            HU           AREALAND  AREALANDSQMI          AREAWATER AREAWATERSQMI        POPDEN  LSADC  
19801     Conway, AR                                                       05               65277         27398          102818442         39.70            2507413          0.97        1644.3     75  
29494     Fayetteville--Springdale--Rogers, AR--MO                         05     P        295081        125256          485579359        187.48            6389469          2.47        1573.9     75  
30925     Fort Smith, AR--OK                                               05     P        120714         52039          177989375         68.72            2547666          0.98        1756.6     75  
40213     Hot Springs, AR                                                  05               55121         29811          116350853         44.92           10611125          4.10        1227.0     75  
43345     Jonesboro, AR                                                    05               65419         27590          121592147         46.95             719819          0.28        1393.5     75  
50392     Little Rock, AR                                                  05              431388        193618          669022281        258.31            9667471          3.73        1670.0     75  
56116     Memphis, TN--MS--AR                                              05     P         40270         16550           59349028         22.91              83481          0.03        1757.4     75  
69454     Pine Bluff, AR                                                   05               53495         22629           96299959         37.18             415012          0.16        1438.7     75  
87193     Texarkana--Texarkana, TX--AR                                     05     P         26072         11682           52195545         20.15             174466          0.07        1293.7     75  
                                                  
                                                  
                                                  
California                                        
                                                  
UACE      NAME                                                             STATE  PART        POP            HU           AREALAND  AREALANDSQMI          AREAWATER AREAWATERSQMI        POPDEN  LSADC  
02683     Antioch, CA                                                      06              277634         93809          210723258         81.36             888824          0.34        3412.4     75  
03196     Arroyo Grande--Grover Beach, CA                                  06               52000         25398           59618233         23.02             235105          0.09        2259.0     75  
04681     Bakersfield, CA                                                  06              523994        178519          358555119        138.44            2246386          0.87        3785.0     75  
12754     Camarillo, CA                                                    06               71772         28232           56968456         22.00              39631          0.02        3263.0     75  
16318     Chico, CA                                                        06               98176         42052           89120274         34.41             137474          0.05        2853.2     75  
19504     Concord, CA                                                      06              615968        244581          527710827        203.75            1042032          0.40        3023.2     75  
22420     Davis, CA                                                        06               72794         27614           36561739         14.12              82074          0.03        5156.6     75  
22987     Delano, CA                                                       06               54372         11008           25684847          9.92                  0          0.00        5482.7     75  
26416     El Centro--Calexico, CA                                          06              107672         33162           77688228         30.00              45516          0.02        3589.6     75  
27261     El Paso de Robles (Paso Robles)--Atascadero, CA                  06               65088         25479           81440798         31.44             754256          0.29        2069.9     75  
28657     Fairfield, CA                                                    06              133683         46751          102208547         39.46             339058          0.13        3387.6     75  
31843     Fresno, CA                                                       06              654628        229285          443623746        171.28             565416          0.22        3821.9     75  
33328     Gilroy--Morgan Hill, CA                                          06               98413         31353          117688246         45.44               3754          0.00        2165.8     75  
36703     Hanford, CA                                                      06               87941         30114           71854752         27.74                  0          0.00        3169.8     75  
38215     Hemet, CA                                                        06              163379         65638          127156829         49.10            1848027          0.71        3327.8     75  
41347     Indio--Cathedral City, CA                                        06              345580        184888          372417690        143.79            4083469          1.58        2403.3     75  
47611     Lancaster--Palmdale, CA                                          06              341219        109200          299145981        115.50             436563          0.17        2954.3     75  
50527     Livermore, CA                                                    06               81624         30569           63377833         24.47               6919          0.00        3335.6     75  
50851     Lodi, CA                                                         06               68738         26201           41207495         15.91             452628          0.17        4320.3     75  
51040     Lompoc, CA                                                       06               51509         17944           27702409         10.70              72762          0.03        4815.7     75  
51445     Los Angeles--Long Beach--Anaheim, CA                             06            12150996       4217448         4496266014       1736.02           61141327         23.61        6999.3     75  
52984     Madera, CA                                                       06               78413         21437           57994263         22.39                  0          0.00        3501.9     75  
54145     Manteca, CA                                                      06               83578         29056           56548708         21.83             898128          0.35        3828.0     75  
56251     Merced, CA                                                       06              136969         45951          123108189         47.53              22024          0.01        2881.6     75  
57709     Mission Viejo--Lake Forest--San Clemente, CA                     06              583681        229845          389861615        150.53            2392379          0.92        3877.6     75  
58006     Modesto, CA                                                      06              358172        124923          237964402         91.88             914405          0.35        3898.3     75  
60799     Murrieta--Temecula--Menifee, CA                                  06              441546        151268          418862938        161.72            2198788          0.85        2730.2     75  
61057     Napa, CA                                                         06               83913         32387           66872371         25.82             677391          0.26        3250.0     75  
66673     Oxnard, CA                                                       06              367260        119243          218554654         84.38            4341512          1.68        4352.2     75  
68887     Petaluma, CA                                                     06               64078         25355           55180733         21.31             221181          0.09        3007.6     75  
71074     Porterville, CA                                                  06               70272         21173           53132104         20.51             288944          0.11        3425.5     75  
73774     Redding, CA                                                      06              117731         50181          184041834         71.06            3602920          1.39        1656.8     75  
74179     Reno, NV--CA                                                     06     P             9             7              18398          0.01                  0          0.00        1267.0     75  
75340     Riverside--San Bernardino, CA                                    06             1932666        590206         1411456231        544.97            8563001          3.31        3546.4     75  
77068     Sacramento, CA                                                   06             1723634        676840         1219827292        470.98           12813910          4.95        3659.7     75  
78310     Salinas, CA                                                      06              184809         53687          126771595         48.95             405991          0.16        3775.7     75  
78661     San Diego, CA                                                    06             2956746       1112289         1896936256        732.41           73910863         28.54        4037.0     75  
78904     San Francisco--Oakland, CA                                       06             3281212       1338437         1356171095        523.62           24162411          9.33        6266.4     75  
79039     San Jose, CA                                                     06             1664496        593475          740693828        285.98            1122773          0.43        5820.3     75  
79147     San Luis Obispo, CA                                              06               59219         21269           52871483         20.41              31079          0.01        2900.9     75  
79282     Santa Barbara, CA                                                06              195861         76684          144647994         55.85             891426          0.34        3507.0     75  
79309     Santa Clarita, CA                                                06              258653         86471          198729334         76.73             185800          0.07        3371.0     75  
79336     Santa Cruz, CA                                                   06              163703         71480          151130218         58.35             426250          0.16        2805.5     75  
79417     Santa Maria, CA                                                  06              130447         39821           75438971         29.13             204075          0.08        4478.5     75  
79498     Santa Rosa, CA                                                   06              308231        122312          253792769         97.99             596857          0.23        3145.5     75  
80362     Seaside--Monterey, CA                                            06              114237         51292          100217840         38.69             605116          0.23        2952.3     75  
82144     Simi Valley, CA                                                  06              125206         42896           81407696         31.43            1899735          0.73        3983.4     75  
85087     Stockton, CA                                                     06              370583        125027          239632615         92.52            4315919          1.67        4005.3     75  
87490     Thousand Oaks, CA                                                06              214811         78270          221766341         85.62             934283          0.36        2508.8     75  
88273     Tracy, CA                                                        06               87569         27534           57643799         22.26             132934          0.05        3934.6     75  
89083     Turlock, CA                                                      06               99904         33244           66795061         25.79                  0          0.00        3873.8     75  
89866     Vacaville, CA                                                    06               93141         33141           70989514         27.41             120658          0.05        3398.2     75  
90028     Vallejo, CA                                                      06              165074         62788          108808038         42.01            2767821          1.07        3929.3     75  
90541     Victorville--Hesperia, CA                                        06              328454        108654          432083781        166.83            2783559          1.07        1968.8     75  
90946     Visalia, CA                                                      06              219454         73650          164291961         63.43              39512          0.02        3459.6     75  
92890     Watsonville, CA                                                  06               73534         19897           59155386         22.84             939553          0.36        3219.5     75  
96994     Woodland, CA                                                     06               55513         19817           31593905         12.20                  0          0.00        4550.8     75  
97939     Yuba City, CA                                                    06              116719         42057          100123895         38.66             977885          0.38        3019.3     75  
98020     Yuma, AZ--CA                                                     06     P          1011           582            3339757          1.29             199967          0.08         784.0     75  
                                                  
                                                  
                                                  
Colorado                                          
                                                  
UACE      NAME                                                             STATE  PART        POP            HU           AREALAND  AREALANDSQMI          AREAWATER AREAWATERSQMI        POPDEN  LSADC  
09298     Boulder, CO                                                      08              114591         51299           84139802         32.49             706602          0.27        3527.3     75  
18856     Colorado Springs, CO                                             08              559409        229712          486493260        187.84             985540          0.38        2978.2     75  
23527     Denver--Aurora, CO                                               08             2374203        997980         1729988718        667.95           35104962         13.55        3554.4     75  
30628     Fort Collins, CO                                                 08              264465        110523          284024540        109.66           14723568          5.68        2411.6     75  
34273     Grand Junction, CO                                               08              128124         54388          204086143         78.80            2214614          0.86        1626.0     75  
34786     Greeley, CO                                                      08              117825         45555          106792744         41.23             433064          0.17        2857.5     75  
46126     Lafayette--Louisville--Erie, CO                                  08               79407         31797          102387944         39.53            1617062          0.62        2008.7     75  
51175     Longmont, CO                                                     08               90897         36783           67928900         26.23            1875015          0.72        3465.7     75  
72613     Pueblo, CO                                                       08              136550         59538          192206845         74.21            2205393          0.85        1840.0     75  
                                                  
                                                  
                                                  
Connecticut                                       
                                                  
UACE      NAME                                                             STATE  PART        POP            HU           AREALAND  AREALANDSQMI          AREAWATER AREAWATERSQMI        POPDEN  LSADC  
10162     Bridgeport--Stamford, CT--NY                                     09     P        877630        351934         1173077961        452.93           30099373         11.62        1937.7     75  
22096     Danbury, CT--NY                                                  09     P        161323         63526          324393088        125.25            9004672          3.48        1288.0     75  
37243     Hartford, CT                                                     09              924859        388538         1337069590        516.25           23469901          9.06        1791.5     75  
62407     New Haven, CT                                                    09              562839        239054          792818068        306.11           15838838          6.12        1838.7     75  
63217     New York--Newark, NY--NJ--CT                                     09     P           114            50             149116          0.06                  0          0.00        1980.1     75  
64135     Norwich--New London, CT--RI                                      09     P        188041         85450          352743073        136.19           36301822         14.02        1380.7     75  
83926     Springfield, MA--CT                                              09     P         89711         34741          202891048         78.34            5274842          2.04        1145.2     75  
92485     Waterbury, CT                                                    09              194535         81550          233763613         90.26            3911275          1.51        2155.4     75  
97291     Worcester, MA--CT                                                09     P         32928         14518           83658481         32.30            2505818          0.97        1019.4     75  
                                                  
                                                  
                                                  
Delaware                                          
                                                  
UACE      NAME                                                             STATE  PART        POP            HU           AREALAND  AREALANDSQMI          AREAWATER AREAWATERSQMI        POPDEN  LSADC  
24580     Dover, DE                                                        10              110769         43144          191734980         74.03            2277525          0.88        1496.3     75  
69076     Philadelphia, PA--NJ--DE--MD                                     10     P        481625        197839          494659246        190.99           27311350         10.54        2521.7     75  
78364     Salisbury, MD--DE                                                10     P         24588         10206           54185153         20.92            1545540          0.60        1175.3     75  
                                                  
                                                  
                                                  
District of Columbia                              
                                                  
UACE      NAME                                                             STATE  PART        POP            HU           AREALAND  AREALANDSQMI          AREAWATER AREAWATERSQMI        POPDEN  LSADC  
92242     Washington, DC--VA--MD                                           11     P        601723        296719          158114680         61.05           18884970          7.29        9856.5     75  
                                                  
                                                  
                                                  
Florida                                           
                                                  
UACE      NAME                                                             STATE  PART        POP            HU           AREALAND  AREALANDSQMI          AREAWATER AREAWATERSQMI        POPDEN  LSADC  
08974     Bonita Springs, FL                                               12              310298        209911          484223262        186.96           37054774         14.31        1659.7     75  
13510     Cape Coral, FL                                                   12              530290        307598          855498753        330.31          106856311         41.26        1605.4     75  
23311     Deltona, FL                                                      12              182169         79045          249828736         96.46            9704973          3.75        1888.6     75  
31060     Fort Walton Beach--Navarre--Wright, FL                           12              191917        109009          312113191        120.51           26370028         10.18        1592.6     75  
32167     Gainesville, FL                                                  12              187781         85930          225430522         87.04            3841294          1.48        2157.4     75  
39758     Homosassa Springs--Beverly Hills--Citrus Springs, FL             12               80962         43828          234293607         90.46            6810451          2.63         895.0     75  
42346     Jacksonville, FL                                                 12             1065219        467634         1373615003        530.36          199369291         76.98        2008.5     75  
45451     Kissimmee, FL                                                    12              314071        132020          409912328        158.27            9643926          3.72        1984.4     75  
45937     Lady Lake--The Villages, FL                                      12              112991         69820          184069162         71.07            3325821          1.28        1589.9     75  
46828     Lakeland, FL                                                     12              262596        114725          378185289        146.02           17848936          6.89        1798.4     75  
48799     Leesburg--Eustis--Tavares, FL                                    12              131337         70397          244552738         94.42           25908634         10.00        1391.0     75  
56602     Miami, FL                                                        12             5502379       2443188         3207994271       1238.61          191964476         74.12        4442.4     75  
63838     North Port--Port Charlotte, FL                                   12              169541         97194          308063292        118.94           26929715         10.40        1425.4     75  
64567     Ocala, FL                                                        12              156909         75984          290302900        112.09             514605          0.20        1399.9     75  
65863     Orlando, FL                                                      12             1510516        648166         1548012602        597.69          142321970         54.95        2527.3     75  
67105     Palm Bay--Melbourne, FL                                          12              452791        222477          600821070        231.98          130390065         50.34        1951.9     75  
67134     Palm Coast--Daytona Beach--Port Orange, FL                       12              349064        196509          464496045        179.34           29284415         11.31        1946.3     75  
67294     Panama City, FL                                                  12              143280         87385          238044652         91.91           19526345          7.54        1558.9     75  
68482     Pensacola, FL--AL                                                12     P        333801        148196          581960811        224.70           15064636          5.82        1485.6     75  
71479     Port St. Lucie, FL                                               12              376047        190725          538965142        208.10           53083590         20.50        1807.1     75  
77230     St. Augustine, FL                                                12               69173         38793          111522906         43.06            9260823          3.58        1606.5     75  
79606     Sarasota--Bradenton, FL                                          12              643260        380647          846114192        326.69          105908583         40.89        1969.0     75  
80400     Sebastian--Vero Beach South--Florida Ridge, FL                   12              149422         87601          250327416         96.65           25871586          9.99        1546.0     75  
80416     Sebring--Avon Park, FL                                           12               61625         33936          119581009         46.17           10043851          3.88        1334.7     75  
84024     Spring Hill, FL                                                  12              148220         71564          297790447        114.98           10513173          4.06        1289.1     75  
86464     Tallahassee, FL                                                  12              240223        108924          327624728        126.50           10836543          4.18        1899.0     75  
86599     Tampa--St. Petersburg, FL                                        12             2441770       1187285         2478587543        956.99          211394181         81.62        2551.5     75  
87787     Titusville, FL                                                   12               54386         27653           77878653         30.07             296280          0.11        1808.7     75  
96697     Winter Haven, FL                                                 12              201289         94666          348003481        134.36           80355472         31.03        1498.1     75  
98182     Zephyrhills, FL                                                  12               66609         37667          112650971         43.49            1590813          0.61        1531.4     75  
                                                  
                                                  
                                                  
Georgia                                           
                                                  
UACE      NAME                                                             STATE  PART        POP            HU           AREALAND  AREALANDSQMI          AREAWATER AREAWATERSQMI        POPDEN  LSADC  
00901     Albany, GA                                                       13               95779         40430          183486824         70.84            2789526          1.08        1352.0     75  
03763     Athens-Clarke County, GA                                         13              128754         55512          254841198         98.39            2581091          1.00        1308.5     75  
03817     Atlanta, GA                                                      13             4515419       1861932         6851428985       2645.35           93515029         36.11        1706.9     75  
04222     Augusta-Richmond County, GA--SC                                  13     P        283283        118387          439503187        169.69            4222208          1.63        1669.4     75  
11026     Brunswick, GA                                                    13               51024         22277          112357237         43.38            2074205          0.80        1176.2     75  
14185     Cartersville, GA                                                 13               52477         20826          131056548         50.60             294694          0.11        1037.1     75  
15832     Chattanooga, TN--GA                                              13     P         78364         33676          191947418         74.11             279015          0.11        1057.4     75  
19099     Columbus, GA--AL                                                 13     P        192338         82394          247198240         95.44            2448635          0.95        2015.2     75  
22069     Dalton, GA                                                       13               85239         32927          209331616         80.82             197994          0.08        1054.6     75  
32194     Gainesville, GA                                                  13              130846         49063          327037233        126.27            7858401          3.03        1036.2     75  
39133     Hinesville, GA                                                   13               51456         20957           80658367         31.14             860857          0.33        1652.3     75  
52822     Macon, GA                                                        13              137570         62512          253854243         98.01            2410758          0.93        1403.6     75  
76204     Rome, GA                                                         13               60851         25666          123454432         47.67            1847261          0.71        1276.6     75  
79768     Savannah, GA                                                     13              260677        114289          428626255        165.49           14710552          5.68        1575.1     75  
89974     Valdosta, GA                                                     13               77085         30713          144297681         55.71            1997739          0.77        1383.6     75  
91783     Warner Robins, GA                                                13              133109         55783          260588564        100.61            2391169          0.92        1323.0     75  
                                                  
                                                  
                                                  
Hawaii                                            
                                                  
UACE      NAME                                                             STATE  PART        POP            HU           AREALAND  AREALANDSQMI          AREAWATER AREAWATERSQMI        POPDEN  LSADC  
43615     Kahului, HI                                                      15               55934         18458           43194012         16.68             126311          0.05        3353.9     75  
43669     Kailua (Honolulu County)--Kaneohe, HI                            15              113682         36414          101101980         39.04            1405158          0.54        2912.3     75  
89770     Urban Honolulu, HI                                               15              802459        288351          440739747        170.17           12600112          4.86        4715.6     75  
                                                  
                                                  
                                                  
Idaho                                             
                                                  
UACE      NAME                                                             STATE  PART        POP            HU           AREALAND  AREALANDSQMI          AREAWATER AREAWATERSQMI        POPDEN  LSADC  
08785     Boise City, ID                                                   16              349684        146177          346614209        133.83            4186091          1.62        2612.9     75  
18451     Coeur d'Alene, ID                                                16               98378         42666          122348737         47.24            1670690          0.65        2082.6     75  
40996     Idaho Falls, ID                                                  16               90733         34327          115276968         44.51             563105          0.22        2038.5     75  
49312     Lewiston, ID--WA                                                 16     P         31740         14043           41971733         16.21            1221735          0.47        1958.6     75  
60976     Nampa, ID                                                        16              151499         55449          179733584         69.40             512439          0.20        2183.1     75  
70426     Pocatello, ID                                                    16               69809         27888           80312750         31.01             219445          0.08        2251.3     75  
                                                  
                                                  
                                                  
Illinois                                          
                                                  
UACE      NAME                                                             STATE  PART        POP            HU           AREALAND  AREALANDSQMI          AREAWATER AREAWATERSQMI        POPDEN  LSADC  
01765     Alton, IL--MO                                                    17     P         83811         38210          141592935         54.67            2006451          0.77        1533.1     75  
06760     Beloit, WI--IL                                                   17     P         18712          7582           31223455         12.06             784028          0.30        1552.2     75  
08407     Bloomington--Normal, IL                                          17              132600         54479          127410911         49.19             191841          0.07        2695.5     75  
13537     Cape Girardeau, MO--IL                                           17     P           309           144            1188522          0.46              36954          0.01         673.4     75  
13591     Carbondale, IL                                                   17               67821         32286          126068034         48.68            2590552          1.00        1393.3     75  
15211     Champaign, IL                                                    17              145361         63984          121467169         46.90             376241          0.15        3099.5     75  
16264     Chicago, IL--IN                                                  17     P       8018716       3212136         5496596224       2122.25           90544682         34.96        3778.4     75  
22204     Danville, IL                                                     17               50996         22818           77200813         29.81            2020818          0.78        1710.9     75  
22366     Davenport, IA--IL                                                17     P        137150         61294          190238088         73.45           14165076          5.47        1867.2     75  
22717     Decatur, IL                                                      17               93863         43304          153326154         59.20            7919292          3.06        1585.5     75  
22960     DeKalb, IL                                                       17               68545         26772           66787373         25.79             690435          0.27        2658.1     75  
24823     Dubuque, IA--IL                                                  17     P          3051          1364            9022068          3.48             222161          0.09         875.9     75  
43885     Kankakee, IL                                                     17               81926         31958           96247065         37.16            2207474          0.85        2204.6     75  
44506     Kenosha, WI--IL                                                  17     P             4             2               4853          0.00                  0          0.00        2134.8     75  
68509     Peoria, IL                                                       17              266921        118090          371693706        143.51           11090331          4.28        1859.9     75  
75718     Rockford, IL                                                     17              296863        124394          396304044        153.01            4779159          1.85        1940.1     75  
76474     Round Lake Beach--McHenry--Grayslake, IL--WI                     17     P        259811        100182          340693190        131.54           40066118         15.47        1975.1     75  
77770     St. Louis, MO--IL                                                17     P        372895        161306          623972346        240.92           13907999          5.37        1547.8     75  
83899     Springfield, IL                                                  17              161316         75004          239148873         92.34            6319759          2.44        1747.1     75  
                                                  
                                                  
                                                  
Indiana                                           
                                                  
UACE      NAME                                                             STATE  PART        POP            HU           AREALAND  AREALANDSQMI          AREAWATER AREAWATERSQMI        POPDEN  LSADC  
02386     Anderson, IN                                                     18               88133         40670          171100448         66.06             753595          0.29        1334.1     75  
08380     Bloomington, IN                                                  18              108657         45637          116026934         44.80              51757          0.02        2425.5     75  
16264     Chicago, IL--IN                                                  18     P        589492        247121          830090108        320.50           15105234          5.83        1839.3     75  
16885     Cincinnati, OH--KY--IN                                           18     P         10225          3767           27220201         10.51             711640          0.27         972.9     75  
19126     Columbus, IN                                                     18               54933         24302           70579075         27.25             740617          0.29        2015.8     75  
26794     Elkhart, IN--MI                                                  18     P        142692         58214          234233443         90.44            7546435          2.91        1577.8     75  
28333     Evansville, IN--KY                                               18     P        200768         91323          271643349        104.88            2976794          1.15        1914.2     75  
31087     Fort Wayne, IN                                                   18              313492        136775          445815649        172.13            1086437          0.42        1821.2     75  
41212     Indianapolis, IN                                                 18             1487483        645769         1827862774        705.74           32092527         12.39        2107.7     75  
45694     Kokomo, IN                                                       18               62182         30117           93923829         36.26             271674          0.10        1714.7     75  
46018     Lafayette, IN                                                    18              147725         61305          166040040         64.11             950253          0.37        2304.3     75  
51755     Louisville/Jefferson County, KY--IN                              18     P        140180         61541          243143003         93.88            2907662          1.12        1493.2     75  
56656     Michigan City--La Porte, IN--MI                                  18     P         65430         30328           98820380         38.15            3634148          1.40        1714.9     75  
60625     Muncie, IN                                                       18               90580         40634          120868107         46.67             706991          0.27        1941.0     75  
83116     South Bend, IN--MI                                               18     P        241870        104522          331609858        128.04            4736979          1.83        1889.1     75  
87139     Terre Haute, IN                                                  18               92742         39770          138434878         53.45             907660          0.35        1735.1     75  
                                                  
                                                  
                                                  
Iowa                                              
                                                  
UACE      NAME                                                             STATE  PART        POP            HU           AREALAND  AREALANDSQMI          AREAWATER AREAWATERSQMI        POPDEN  LSADC  
02062     Ames, IA                                                         19               60438         24470           60165324         23.23             164176          0.06        2601.7     75  
14752     Cedar Rapids, IA                                                 19              177844         79099          216136838         83.45            1975562          0.76        2131.1     75  
22366     Davenport, IA--IL                                                19     P        142901         62665          167768476         64.78            6931075          2.68        2206.1     75  
23743     Des Moines, IA                                                   19              450070        190895          519530161        200.59            4337467          1.67        2243.7     75  
24823     Dubuque, IA--IL                                                  19     P         64767         27660           78493872         30.31             644795          0.25        2137.1     75  
41590     Iowa City, IA                                                    19              106621         46233          118041717         45.58             900275          0.35        2339.4     75  
65269     Omaha, NE--IA                                                    19     P         68546         29060           87350379         33.73            4576589          1.77        2032.4     75  
82225     Sioux City, IA--NE--SD                                           19     P         84359         33869           98466255         38.02            1143017          0.44        2218.9     75  
92593     Waterloo, IA                                                     19              113418         48511          161179329         62.23            4994464          1.93        1822.5     75  
                                                  
                                                  
                                                  
Kansas                                            
                                                  
UACE      NAME                                                             STATE  PART        POP            HU           AREALAND  AREALANDSQMI          AREAWATER AREAWATERSQMI        POPDEN  LSADC  
43912     Kansas City, MO--KS                                              20     P        663508        278348          720615605        278.23            7250938          2.80        2384.7     75  
48232     Lawrence, KS                                                     20               88053         37692           78847501         30.44             826135          0.32        2892.4     75  
53848     Manhattan, KS                                                    20               54622         22504           53648246         20.71             373382          0.14        2637.0     75  
77743     St. Joseph, MO--KS                                               20     P          2368          1017            8392063          3.24              21838          0.01         730.8     75  
88084     Topeka, KS                                                       20              150003         68153          206127818         79.59            3381640          1.31        1884.8     75  
95077     Wichita, KS                                                      20              472870        202022          556175274        214.74           12278337          4.74        2202.1     75  
                                                  
                                                  
                                                  
Kentucky                                          
                                                  
UACE      NAME                                                             STATE  PART        POP            HU           AREALAND  AREALANDSQMI          AREAWATER AREAWATERSQMI        POPDEN  LSADC  
09379     Bowling Green, KY                                                21               78306         32586          117592884         45.40             637255          0.25        1724.7     75  
16885     Cincinnati, OH--KY--IN                                           21     P        328060        138732          448074517        173.00           11871109          4.58        1896.3     75  
17317     Clarksville, TN--KY                                              21     P         20346          5616           34921323         13.48              34422          0.01        1509.0     75  
26750     Elizabethtown--Radcliff, KY                                      21               73467         30547          147521282         56.96            1312072          0.51        1289.8     75  
28333     Evansville, IN--KY                                               21     P         28583         13065           36160608         13.96             232445          0.09        2047.2     75  
40753     Huntington, WV--KY--OH                                           21     P         56594         25325          117225696         45.26            8125964          3.14        1250.4     75  
49582     Lexington-Fayette, KY                                            21              290263        132513          226721515         87.54            2103349          0.81        3315.9     75  
51755     Louisville/Jefferson County, KY--IN                              21     P        832366        370138          991557537        382.84           27818625         10.74        2174.2     75  
66484     Owensboro, KY                                                    21               70543         31147           87585926         33.82             601971          0.23        2086.0     75  
                                                  
                                                  
                                                  
Louisiana                                         
                                                  
UACE      NAME                                                             STATE  PART        POP            HU           AREALAND  AREALANDSQMI          AREAWATER AREAWATERSQMI        POPDEN  LSADC  
01279     Alexandria, LA                                                   22               82804         33935          169751977         65.54             906725          0.35        1263.4     75  
05680     Baton Rouge, LA                                                  22              594309        246028          949993185        366.79           11742933          4.53        1620.3     75  
36514     Hammond, LA                                                      22               67629         27712          198479707         76.63             756312          0.29         882.5     75  
40375     Houma, LA                                                        22              144875         57106          236809219         91.43            1236507          0.48        1584.5     75  
46045     Lafayette, LA                                                    22              252720        106432          462643367        178.63            1276844          0.49        1414.8     75  
46531     Lake Charles, LA                                                 22              143440         61740          327697961        126.52           11294314          4.36        1133.7     75  
53794     Mandeville--Covington, LA                                        22               88925         36111          169891915         65.60            1970925          0.76        1355.7     75  
58330     Monroe, LA                                                       22              116533         49410          212228535         81.94            5008887          1.93        1422.1     75  
62677     New Orleans, LA                                                  22              899703        426562          651105206        251.39           44610589         17.22        3578.9     75  
81739     Shreveport, LA                                                   22              298317        129646          479745451        185.23            6704720          2.59        1610.5     75  
82468     Slidell, LA                                                      22               91151         36969          151785576         58.60            5425895          2.09        1555.4     75  
                                                  
                                                  
                                                  
Maine                                             
                                                  
UACE      NAME                                                             STATE  PART        POP            HU           AREALAND  AREALANDSQMI          AREAWATER AREAWATERSQMI        POPDEN  LSADC  
04951     Bangor, ME                                                       23               61210         27142          110091842         42.51            3704605          1.43        1440.0     75  
24607     Dover--Rochester, NH--ME                                         23     P          7825          3328           19405548          7.49             760571          0.29        1044.4     75  
49339     Lewiston, ME                                                     23               59397         27675           91680760         35.40            2066610          0.80        1678.0     75  
71263     Portland, ME                                                     23              203914         98350          351999048        135.91           13978355          5.40        1500.4     75  
71506     Portsmouth, NH--ME                                               23     P         15791         10378           43238291         16.69            3723566          1.44         945.9     75  
                                                  
                                                  
                                                  
Maryland                                          
                                                  
UACE      NAME                                                             STATE  PART        POP            HU           AREALAND  AREALANDSQMI          AREAWATER AREAWATERSQMI        POPDEN  LSADC  
00199     Aberdeen--Bel Air South--Bel Air North, MD                       24              213751         83721          339626464        131.13            9825290          3.79        1630.1     75  
04843     Baltimore, MD                                                    24             2203663        939420         1857113332        717.04           65619042         25.34        3073.3     75  
21745     Cumberland, MD--WV--PA                                           24     P         49619         21996           80537195         31.10             622534          0.24        1595.7     75  
31519     Frederick, MD                                                    24              141576         56122          190090706         73.39            1299911          0.50        1929.0     75  
36190     Hagerstown, MD--WV--PA                                           24     P        101406         42342          142446965         55.00             281089          0.11        1843.8     75  
49594     Lexington Park--California--Chesapeake Ranch Estates, MD         24               58875         23790          129332370         49.94           11078997          4.28        1179.0     75  
69076     Philadelphia, PA--NJ--DE--MD                                     24     P         48690         19332          112326377         43.37            6053904          2.34        1122.7     75  
78364     Salisbury, MD--DE                                                24     P         73493         30257          128924602         49.78            3830980          1.48        1476.4     75  
91261     Waldorf, MD                                                      24              109919         40731          176050965         67.97             656188          0.25        1617.1     75  
92242     Washington, DC--VA--MD                                           24     P       1749163        668873         1462090010        564.52           22992049          8.88        3098.5     75  
94294     Westminster--Eldersburg, MD                                      24               72714         27271          149446807         57.70             955675          0.37        1260.2     75  
                                                  
                                                  
                                                  
Massachusetts                                     
                                                  
UACE      NAME                                                             STATE  PART        POP            HU           AREALAND  AREALANDSQMI          AREAWATER AREAWATERSQMI        POPDEN  LSADC  
05167     Barnstable Town, MA                                              25              246695        162112          718092279        277.26           58453185         22.57         889.8     75  
09271     Boston, MA--NH--RI                                               25     P       4087709       1680422         4533955745       1750.57          190173101         73.43        2335.1     75  
49096     Leominster--Fitchburg, MA                                        25              116960         50827          168447165         65.04            5905576          2.28        1798.3     75  
61165     Nashua, NH--MA                                                   25     P          7318          2812           17911639          6.92              51440          0.02        1058.2     75  
61786     New Bedford, MA                                                  25              149443         64978          142709138         55.10           14485580          5.59        2712.2     75  
69778     Pittsfield, MA                                                   25               59124         28511           86766391         33.50            4782300          1.85        1764.9     75  
72505     Providence, RI--MA                                               25     P        260276        111405          426629632        164.72           25594621          9.88        1580.1     75  
83926     Springfield, MA--CT                                              25     P        531589        215958          699865969        270.22           21615226          8.35        1967.2     75  
97291     Worcester, MA--CT                                                25     P        453586        187145          703986766        271.81           31016827         11.98        1668.8     75  
                                                  
                                                  
                                                  
Michigan                                          
                                                  
UACE      NAME                                                             STATE  PART        POP            HU           AREALAND  AREALANDSQMI          AREAWATER AREAWATERSQMI        POPDEN  LSADC  
02602     Ann Arbor, MI                                                    26              306022        133978          413286601        159.57           13598091          5.25        1917.8     75  
05707     Battle Creek, MI                                                 26               78393         36200          137324107         53.02            3535368          1.37        1478.5     75  
05869     Bay City, MI                                                     26               70585         32513          104448520         40.33            4168481          1.61        1750.3     75  
07138     Benton Harbor--St. Joseph--Fair Plain, MI                        26               61022         28006          120880351         46.67            2570973          0.99        1307.5     75  
23824     Detroit, MI                                                      26             3734090       1653116         3463234750       1337.16           91817679         35.45        2792.5     75  
26794     Elkhart, IN--MI                                                  26     P           900           417            3693332          1.43                  0          0.00         631.1     75  
29872     Flint, MI                                                        26              356218        164933          610985440        235.90           18744100          7.24        1510.0     75  
34300     Grand Rapids, MI                                                 26              569935        232212          726682274        280.57           14869078          5.74        2031.3     75  
39430     Holland, MI                                                      26               99941         39678          153443062         59.24            8618276          3.33        1686.9     75  
42157     Jackson, MI                                                      26               90057         38548          149373065         57.67            4117708          1.59        1561.5     75  
43723     Kalamazoo, MI                                                    26              209703         93137          341059430        131.68           14831576          5.73        1592.5     75  
47719     Lansing, MI                                                      26              313532        138435          409665051        158.17            8817734          3.40        1982.2     75  
56656     Michigan City--La Porte, IN--MI                                  26     P           595           739            2080659          0.80                254          0.00         740.7     75  
56980     Midland, MI                                                      26               59014         25154          116217257         44.87            3754984          1.45        1315.2     75  
58357     Monroe, MI                                                       26               51240         22393           83138329         32.10            2475842          0.96        1596.3     75  
60841     Muskegon, MI                                                     26              161280         70880          290837096        112.29           13996332          5.40        1436.2     75  
71155     Port Huron, MI                                                   26               87106         40788          156550616         60.44            1811915          0.70        1441.1     75  
77149     Saginaw, MI                                                      26              126265         56761          184448895         71.22            2883990          1.11        1773.0     75  
83116     South Bend, IN--MI                                               26     P         36295         16688           85586087         33.04            3671903          1.42        1098.4     75  
83332     South Lyon--Howell, MI                                           26              119509         51131          266214195        102.79           24178017          9.34        1162.7     75  
87868     Toledo, OH--MI                                                   26     P         28461         11573           56519788         21.82            1285214          0.50        1304.2     75  
                                                  
                                                  
                                                  
Minnesota                                         
                                                  
UACE      NAME                                                             STATE  PART        POP            HU           AREALAND  AREALANDSQMI          AREAWATER AREAWATERSQMI        POPDEN  LSADC  
24850     Duluth, MN--WI                                                   27     P         93333         41238          145275587         56.09           14306133          5.52        1664.0     75  
29089     Fargo, ND--MN                                                    27     P         42527         17113           44944656         17.35              23724          0.01        2450.7     75  
34219     Grand Forks, ND--MN                                              27     P          8318          3524           10283487          3.97                  0          0.00        2095.0     75  
45910     La Crosse, WI--MN                                                27     P          5358          2290            7324663          2.83             246149          0.10        1894.6     75  
53983     Mankato, MN                                                      27               57584         23612           68306886         26.37             697404          0.27        2183.4     75  
57628     Minneapolis--St. Paul, MN--WI                                    27     P       2650614       1110427         2645175088       1021.31          231468228         89.37        2595.3     75  
75637     Rochester, MN                                                    27              107677         46090          131004305         50.58             311054          0.12        2128.8     75  
77338     St. Cloud, MN                                                    27              110621         45299          130134021         50.25            3168473          1.22        2201.6     75  
                                                  
                                                  
                                                  
Mississippi                                       
                                                  
UACE      NAME                                                             STATE  PART        POP            HU           AREALAND  AREALANDSQMI          AREAWATER AREAWATERSQMI        POPDEN  LSADC  
35920     Gulfport, MS                                                     28              208948         97318          426115307        164.52           31637032         12.22        1270.0     75  
37594     Hattiesburg, MS                                                  28               80358         35693          178703954         69.00            3729011          1.44        1164.6     75  
42211     Jackson, MS                                                      28              351478        147542          628040210        242.49           17188083          6.64        1449.5     75  
56116     Memphis, TN--MS--AR                                              28     P        128310         49182          245867944         94.93            2279652          0.88        1351.6     75  
67807     Pascagoula, MS                                                   28               50428         22791          102402319         39.54            5634209          2.18        1275.4     75  
                                                  
                                                  
                                                  
Missouri                                          
                                                  
UACE      NAME                                                             STATE  PART        POP            HU           AREALAND  AREALANDSQMI          AREAWATER AREAWATERSQMI        POPDEN  LSADC  
01765     Alton, IL--MO                                                    29     P            79            27             357031          0.14              16777          0.01         573.1     75  
13537     Cape Girardeau, MO--IL                                           29     P         52591         23048           89541290         34.57             134364          0.05        1521.2     75  
18937     Columbia, MO                                                     29              124748         53568          160085068         61.81             672925          0.26        2018.3     75  
29494     Fayetteville--Springdale--Rogers, AR--MO                         29     P             2             1             647850          0.25               8688          0.00           8.0     75  
42967     Jefferson City, MO                                               29               58533         25396          103570734         39.99             725727          0.28        1463.7     75  
43399     Joplin, MO                                                       29               82775         36800          166833924         64.41             534208          0.21        1285.0     75  
43912     Kansas City, MO--KS                                              29     P        855909        392680         1034972202        399.61           11044537          4.26        2141.9     75  
48826     Lee's Summit, MO                                                 29               85081         34528          107021965         41.32            4217467          1.63        2059.0     75  
77743     St. Joseph, MO--KS                                               29     P         78808         33995           99988586         38.61             316232          0.12        2041.4     75  
77770     St. Louis, MO--IL                                                29     P       1777811        795134         1768233528        682.72           15290582          5.90        2604.0     75  
83953     Springfield, MO                                                  29              273724        124529          368568325        142.31            1621632          0.63        1923.5     75  
                                                  
                                                  
                                                  
Montana                                           
                                                  
UACE      NAME                                                             STATE  PART        POP            HU           AREALAND  AREALANDSQMI          AREAWATER AREAWATERSQMI        POPDEN  LSADC  
07705     Billings, MT                                                     30              114773         50475          137178563         52.96             486418          0.19        2167.0     75  
34759     Great Falls, MT                                                  30               65207         29435           80586072         31.11            1753393          0.68        2095.7     75  
57736     Missoula, MT                                                     30               82157         37070          117074956         45.20             620714          0.24        1817.5     75  
                                                  
                                                  
                                                  
Nebraska                                          
                                                  
UACE      NAME                                                             STATE  PART        POP            HU           AREALAND  AREALANDSQMI          AREAWATER AREAWATERSQMI        POPDEN  LSADC  
34246     Grand Island, NE                                                 31               50440         20091           72855426         28.13             515261          0.20        1793.1     75  
49933     Lincoln, NE                                                      31              258719        110643          229135352         88.47            2948709          1.14        2924.4     75  
65269     Omaha, NE--IA                                                    31     P        656462        273148          615074722        237.48            8059641          3.11        2764.3     75  
82225     Sioux City, IA--NE--SD                                           31     P         16576          5813           27756150         10.72             554455          0.21        1546.7     75  
                                                  
                                                  
                                                  
Nevada                                            
                                                  
UACE      NAME                                                             STATE  PART        POP            HU           AREALAND  AREALANDSQMI          AREAWATER AREAWATERSQMI        POPDEN  LSADC  
14158     Carson City, NV                                                  32               58079         24622           59794073         23.09             156254          0.06        2515.7     75  
47995     Las Vegas--Henderson, NV                                         32             1886011        806755         1079621093        416.84             245987          0.09        4524.5     75  
74179     Reno, NV--CA                                                     32     P        392132        168321          425730812        164.38            1567778          0.61        2385.6     75  
                                                  
                                                  
                                                  
New Hampshire                                     
                                                  
UACE      NAME                                                             STATE  PART        POP            HU           AREALAND  AREALANDSQMI          AREAWATER AREAWATERSQMI        POPDEN  LSADC  
09271     Boston, MA--NH--RI                                               33     P         93038         38750          317417741        122.56           11527158          4.45         759.1     75  
24607     Dover--Rochester, NH--ME                                         33     P         80262         33138          152634102         58.93            4765559          1.84        1361.9     75  
53740     Manchester, NH                                                   33              158377         67731          223121681         86.15            4185345          1.62        1838.4     75  
61165     Nashua, NH--MA                                                   33     P        219082         88990          454186281        175.36            9203340          3.55        1249.3     75  
71506     Portsmouth, NH--ME                                               33     P         72409         37212          196782423         75.98            9088880          3.51         953.0     75  
                                                  
                                                  
                                                  
New Jersey                                        
                                                  
UACE      NAME                                                             STATE  PART        POP            HU           AREALAND  AREALANDSQMI          AREAWATER AREAWATERSQMI        POPDEN  LSADC  
01495     Allentown, PA--NJ                                                34     P         32443         13559           36613625         14.14             295058          0.11        2295.0     75  
03898     Atlantic City, NJ                                                34              248402        147060          324104023        125.14           11556708          4.46        1985.0     75  
25849     East Stroudsburg, PA--NJ                                         34     P           249            99            1219212          0.47                888          0.00         529.0     75  
63217     New York--Newark, NY--NJ--CT                                     34     P       6159466       2440631         4887293199       1886.99          232514384         89.77        3264.2     75  
69076     Philadelphia, PA--NJ--DE--MD                                     34     P       1150865        455969         1297829427        501.09           43938717         16.96        2296.7     75  
71803     Poughkeepsie--Newburgh, NY--NJ                                   34     P         11228          4645           18283522          7.06            4184106          1.62        1590.5     75  
88462     Trenton, NJ                                                      34              296668        116721          273396466        105.56            3494611          1.35        2810.4     75  
89263     Twin Rivers--Hightstown, NJ                                      34               64037         24317           91266061         35.24             826382          0.32        1817.3     75  
90658     Villas, NJ                                                       34               51291         47272           87740842         33.88            1255087          0.48        1514.0     75  
90730     Vineland, NJ                                                     34               95259         36673          160320435         61.90             923304          0.36        1538.9     75  
                                                  
                                                  
                                                  
New Mexico                                        
                                                  
UACE      NAME                                                             STATE  PART        POP            HU           AREALAND  AREALANDSQMI          AREAWATER AREAWATERSQMI        POPDEN  LSADC  
01171     Albuquerque, NM                                                  35              741318        314851          648969769        250.57            8921074          3.44        2958.5     75  
27253     El Paso, TX--NM                                                  35     P         30712          9176           44067757         17.01             732993          0.28        1805.0     75  
29278     Farmington, NM                                                   35               53049         20250           90362046         34.89             588609          0.23        1520.5     75  
47935     Las Cruces, NM                                                   35              128600         54045          167576559         64.70             157977          0.06        1987.6     75  
51499     Los Lunas, NM                                                    35               63758         24932          179384708         69.26            1517272          0.59         920.5     75  
79363     Santa Fe, NM                                                     35               89284         44652          137492829         53.09             433534          0.17        1681.9     75  
                                                  
                                                  
                                                  
New York                                          
                                                  
UACE      NAME                                                             STATE  PART        POP            HU           AREALAND  AREALANDSQMI          AREAWATER AREAWATERSQMI        POPDEN  LSADC  
00970     Albany--Schenectady, NY                                          36              594962        266370          765942841        295.73           16280778          6.29        2011.8     75  
07732     Binghamton, NY--PA                                               36     P        155662         70620          188777680         72.89            8974461          3.47        2135.6     75  
10162     Bridgeport--Stamford, CT--NY                                     36     P         45681         15565           34405208         13.28             593382          0.23        3438.8     75  
11350     Buffalo, NY                                                      36              935906        436020          984015238        379.93           14396370          5.56        2463.4     75  
22096     Danbury, CT--NY                                                  36     P          6813          2237           16602087          6.41             930874          0.36        1062.9     75  
27118     Elmira, NY                                                       36               67983         29507           97898053         37.80            1346394          0.52        1798.6     75  
33598     Glens Falls, NY                                                  36               65443         29640          107616708         41.55            2183350          0.84        1575.0     75  
41914     Ithaca, NY                                                       36               53661         20424           63663305         24.58             521993          0.20        2183.1     75  
45262     Kingston, NY                                                     36               57442         26331          110947301         42.84            2270646          0.88        1340.9     75  
56899     Middletown, NY                                                   36               58381         22762           81106372         31.32             452526          0.17        1864.3     75  
63217     New York--Newark, NY--NJ--CT                                     36     P      12191715       4822414         4048539045       1563.15          300662215        116.09        7799.5     75  
71803     Poughkeepsie--Newburgh, NY--NJ                                   36     P        412338        153794          829015910        320.08           53495126         20.65        1288.2     75  
75664     Rochester, NY                                                    36              720572        313924          840370707        324.47           16962382          6.55        2220.8     75  
79633     Saratoga Springs, NY                                             36               64100         28930          117800657         45.48            1653629          0.64        1409.3     75  
86302     Syracuse, NY                                                     36              412317        178976          504876354        194.93           17319555          6.69        2115.2     75  
89785     Utica, NY                                                        36              117328         51480          161588817         62.39            1578374          0.61        1880.6     75  
92674     Watertown, NY                                                    36               57840         23133          106040717         40.94            2978979          1.15        1412.7     75  
                                                  
                                                  
                                                  
North Carolina                                    
                                                  
UACE      NAME                                                             STATE  PART        POP            HU           AREALAND  AREALANDSQMI          AREAWATER AREAWATERSQMI        POPDEN  LSADC  
03358     Asheville, NC                                                    37              280648        136493          686027223        264.88            6297443          2.43        1059.5     75  
11728     Burlington, NC                                                   37              119911         53132          234209025         90.43            2059334          0.80        1326.0     75  
15670     Charlotte, NC--SC                                                37     P       1180484        497927         1786015218        689.58           89216059         34.45        1711.9     75  
19558     Concord, NC                                                      37              214881         90164          466730343        180.21            1292028          0.50        1192.4     75  
25228     Durham, NC                                                       37              347602        152577          470711743        181.74            3939825          1.52        1912.6     75  
29440     Fayetteville, NC                                                 37              310282        131234          512897004        198.03            5876438          2.27        1566.8     75  
32653     Gastonia, NC--SC                                                 37     P        169333         73056          358369818        138.37            2093517          0.81        1223.8     75  
33814     Goldsboro, NC                                                    37               61054         27061          137046994         52.91             416810          0.16        1153.8     75  
35164     Greensboro, NC                                                   37              311810        140442          479692010        185.21           10951200          4.23        1683.5     75  
35380     Greenville, NC                                                   37              117798         53845          168861167         65.20            1254428          0.48        1806.8     75  
38647     Hickory, NC                                                      37              212195         93405          677569139        261.61            9643791          3.72         811.1     75  
38809     High Point, NC                                                   37              166485         73724          292652687        112.99            4640822          1.79        1473.4     75  
42400     Jacksonville, NC                                                 37              105419         35093          184759745         71.34            4372220          1.69        1477.8     75  
60895     Myrtle Beach--Socastee, SC--NC                                   37     P         20279         18535           74193083         28.65            4717143          1.82         707.9     75  
61840     New Bern, NC                                                     37               50503         23602          112434336         43.41            4730762          1.83        1163.4     75  
73261     Raleigh, NC                                                      37              884891        365168         1341975559        518.14           12798133          4.94        1707.8     75  
75988     Rocky Mount, NC                                                  37               68243         31027          119048629         45.96             291478          0.11        1484.7     75  
95833     Wilmington, NC                                                   37              219957        108971          346461640        133.77            8088688          3.12        1644.3     75  
96670     Winston-Salem, NC                                                37              391024        174669          835485857        322.58            6576417          2.54        1212.2     75  
                                                  
                                                  
                                                  
North Dakota                                      
                                                  
UACE      NAME                                                             STATE  PART        POP            HU           AREALAND  AREALANDSQMI          AREAWATER AREAWATERSQMI        POPDEN  LSADC  
07921     Bismarck, ND                                                     38               81955         37317          100381571         38.76            1801380          0.70        2114.6     75  
29089     Fargo, ND--MN                                                    38     P        134149         61615          137047415         52.91              45644          0.02        2535.2     75  
34219     Grand Forks, ND--MN                                              38     P         52952         23508           53025996         20.47             175580          0.07        2586.4     75  
                                                  
                                                  
                                                  
Ohio                                              
                                                  
UACE      NAME                                                             STATE  PART        POP            HU           AREALAND  AREALANDSQMI          AREAWATER AREAWATERSQMI        POPDEN  LSADC  
00766     Akron, OH                                                        39              569499        257659          842722918        325.38           17432485          6.73        1750.3     75  
13375     Canton, OH                                                       39              279245        125638          431099392        166.45            3042433          1.17        1677.7     75  
16885     Cincinnati, OH--KY--IN                                           39     P       1286542        568874         1564942891        604.23           12168881          4.70        2129.2     75  
17668     Cleveland, OH                                                    39             1780673        832988         1999397942        771.97           16799439          6.49        2306.7     75  
19234     Columbus, OH                                                     39             1368035        604025         1322092399        510.46           19182017          7.41        2680.0     75  
22528     Dayton, OH                                                       39              724091        335077          910225462        351.44            5239368          2.02        2060.4     75  
40753     Huntington, WV--KY--OH                                           39     P         33775         15447           53340926         20.60            3735442          1.44        1640.0     75  
49852     Lima, OH                                                         39               72852         31812          135576369         52.35            4239529          1.64        1391.7     75  
51364     Lorain--Elyria, OH                                               39              180956         80095          259508283        100.20            3064085          1.18        1806.0     75  
54091     Mansfield, OH                                                    39               75250         34156          130315995         50.32             273945          0.11        1495.6     75  
56926     Middletown, OH                                                   39               97503         43101          145292509         56.10            2315201          0.89        1738.1     75  
61705     Newark, OH                                                       39               76068         34107          109100592         42.12             993373          0.38        1805.8     75  
67672     Parkersburg, WV--OH                                              39     P          7586          3858           13345569          5.15             191851          0.07        1472.2     75  
83980     Springfield, OH                                                  39               85256         39208          126814404         48.96             339648          0.13        1741.2     75  
87868     Toledo, OH--MI                                                   39     P        479182        219810          566216903        218.62           15206234          5.87        2191.9     75  
93592     Weirton--Steubenville, WV--OH--PA                                39     P         39918         19003           67768307         26.17            1509478          0.58        1525.6     75  
94726     Wheeling, WV--OH                                                 39     P         30182         15044           44654942         17.24             252499          0.10        1750.6     75  
97831     Youngstown, OH--PA                                               39     P        348073        164988          560533096        216.42            4708648          1.82        1608.3     75  
                                                  
                                                  
                                                  
Oklahoma                                          
                                                  
UACE      NAME                                                             STATE  PART        POP            HU           AREALAND  AREALANDSQMI          AREAWATER AREAWATERSQMI        POPDEN  LSADC  
30925     Fort Smith, AR--OK                                               40     P          2233          1024            5302282          2.05              10862          0.00        1090.7     75  
48394     Lawton, OK                                                       40               94457         39296          114152127         44.07                  0          0.00        2143.1     75  
63433     Norman, OK                                                       40              103898         45160          116231709         44.88            2095584          0.81        2315.2     75  
65080     Oklahoma City, OK                                                40              861505        376247         1063534320        410.63           20339095          7.85        2098.0     75  
88948     Tulsa, OK                                                        40              655479        288404          870011206        335.91            9220451          3.56        1951.3     75  
                                                  
                                                  
                                                  
Oregon                                            
                                                  
UACE      NAME                                                             STATE  PART        POP            HU           AREALAND  AREALANDSQMI          AREAWATER AREAWATERSQMI        POPDEN  LSADC  
00955     Albany, OR                                                       41               56997         23542           62063265         23.96             299239          0.12        2378.6     75  
06868     Bend, OR                                                         41               83794         38921          102853427         39.71             562028          0.22        2110.0     75  
20422     Corvallis, OR                                                    41               62433         26689           54685518         21.11             210755          0.08        2956.9     75  
28117     Eugene, OR                                                       41              247421        108056          224689268         86.75             977485          0.38        2852.0     75  
34516     Grants Pass, OR                                                  41               50520         23257           70435849         27.20             742626          0.29        1857.7     75  
51283     Longview, WA--OR                                                 41     P          2354          1097            5580525          2.15             948219          0.37        1092.5     75  
55981     Medford, OR                                                      41              154081         68182          167617526         64.72             655828          0.25        2380.8     75  
71317     Portland, OR--WA                                                 41     P       1490336        633111         1034239356        399.32           31342729         12.10        3732.2     75  
78229     Salem, OR                                                        41              236632         92623          196635313         75.92            1001928          0.39        3116.8     75  
91405     Walla Walla, WA--OR                                              41     P          8825          3475           14513974          5.60                  0          0.00        1574.8     75  
                                                  
                                                  
                                                  
Pennsylvania                                      
                                                  
UACE      NAME                                                             STATE  PART        POP            HU           AREALAND  AREALANDSQMI          AREAWATER AREAWATERSQMI        POPDEN  LSADC  
01495     Allentown, PA--NJ                                                42     P        632208        257674          860276894        332.15           10230860          3.95        1903.4     75  
01792     Altoona, PA                                                      42               79930         35760           96848806         37.39             168678          0.07        2137.5     75  
07732     Binghamton, NY--PA                                               42     P          2422          1152            3248562          1.25              68681          0.03        1931.0     75  
08434     Bloomsburg--Berwick, PA                                          42               53618         23149           84652608         32.68            3134384          1.21        1640.5     75  
15184     Chambersburg, PA                                                 42               50887         22244           96785729         37.37              46082          0.02        1361.7     75  
21745     Cumberland, MD--WV--PA                                           42     P            31            20             140170          0.05                  0          0.00         572.8     75  
25849     East Stroudsburg, PA--NJ                                         42     P         54067         21737          133719810         51.63            1260259          0.49        1047.2     75  
27766     Erie, PA                                                         42              196611         85558          213013051         82.24             364675          0.14        2390.6     75  
36190     Hagerstown, MD--WV--PA                                           42     P          9503          4028           21732652          8.39                  0          0.00        1132.5     75  
36784     Hanover, PA                                                      42               66301         27104           93488433         36.10             687003          0.27        1836.8     75  
37081     Harrisburg, PA                                                   42              444474        196644          672575052        259.68           21913290          8.46        1711.6     75  
37945     Hazleton, PA                                                     42               56827         25625           80890936         31.23              77531          0.03        1819.5     75  
43291     Johnstown, PA                                                    42               69014         34413          100011476         38.61             901003          0.35        1787.2     75  
47530     Lancaster, PA                                                    42              402004        163873          641094177        247.53            7665597          2.96        1624.1     75  
48664     Lebanon, PA                                                      42               77086         32291          116748917         45.08             543343          0.21        1710.1     75  
58168     Monessen--California, PA                                         42               66086         32513          115818048         44.72            3542409          1.37        1477.9     75  
69076     Philadelphia, PA--NJ--DE--MD                                     42     P       3760387       1558473         3226906466       1245.92           50571894         19.53        3018.2     75  
69697     Pittsburgh, PA                                                   42             1733853        822265         2344389921        905.17           42121620         16.26        1915.5     75  
71749     Pottstown, PA                                                    42              107682         43607          204158561         78.83            1731461          0.67        1366.1     75  
73693     Reading, PA                                                      42              266254        107728          268950136        103.84            2929578          1.13        2564.0     75  
80227     Scranton, PA                                                     42              381502        175920          442332402        170.79            8084220          3.12        2233.8     75  
84493     State College, PA                                                42               87454         32177           74657391         28.83                  0          0.00        3033.9     75  
89650     Uniontown--Connellsville, PA                                     42               51370         23947          100552791         38.82             497700          0.19        1323.2     75  
93592     Weirton--Steubenville, WV--OH--PA                                42     P           302           129             935079          0.36                  0          0.00         836.5     75  
95455     Williamsport, PA                                                 42               56142         25270           68629691         26.50            2269210          0.88        2118.7     75  
97750     York, PA                                                         42              232045         95573          342425738        132.21            1163474          0.45        1755.1     75  
97831     Youngstown, OH--PA                                               42     P         39477         19488           63885841         24.67             177988          0.07        1600.4     75  
                                                  
                                                  
                                                  
Rhode Island                                      
                                                  
UACE      NAME                                                             STATE  PART        POP            HU           AREALAND  AREALANDSQMI          AREAWATER AREAWATERSQMI        POPDEN  LSADC  
09271     Boston, MA--NH--RI                                               44     P           272            69             854062          0.33             170252          0.07         824.9     75  
64135     Norwich--New London, CT--RI                                      44     P         21149         11232           40911591         15.80            1050462          0.41        1338.9     75  
72505     Providence, RI--MA                                               44     P        930680        405251          985031117        380.32           59749285         23.07        2447.1     75  
                                                  
                                                  
                                                  
South Carolina                                    
                                                  
UACE      NAME                                                             STATE  PART        POP            HU           AREALAND  AREALANDSQMI          AREAWATER AREAWATERSQMI        POPDEN  LSADC  
02413     Anderson, SC                                                     45               75702         34650          191880867         74.09            3293922          1.27        1021.8     75  
04222     Augusta-Richmond County, GA--SC                                  45     P        103504         46780          232658872         89.83            2674915          1.03        1152.2     75  
15508     Charleston--North Charleston, SC                                 45              548404        242594          759769589        293.35           29158991         11.26        1869.5     75  
15670     Charlotte, NC--SC                                                45     P         68958         28508          134439724         51.91            2416925          0.93        1328.5     75  
18964     Columbia, SC                                                     45              549777        233477          984258969        380.02           15816560          6.11        1446.7     75  
30061     Florence, SC                                                     45               89557         39135          184022610         71.05            1356520          0.52        1260.5     75  
32653     Gastonia, NC--SC                                                 45     P           162            59             686583          0.27                  0          0.00         611.1     75  
35461     Greenville, SC                                                   45              400492        175798          829432086        320.25            6911588          2.67        1250.6     75  
39079     Hilton Head Island, SC                                           45               68998         47033          175137093         67.62            7770964          3.00        1020.4     75  
55603     Mauldin--Simpsonville, SC                                        45              120577         47649          216429262         83.56            1361479          0.53        1442.9     75  
60895     Myrtle Beach--Socastee, SC--NC                                   45     P        195025        153153          418867379        161.73            4640776          1.79        1205.9     75  
75745     Rock Hill, SC                                                    45              104996         44687          247650267         95.62            1441094          0.56        1098.1     75  
83548     Spartanburg, SC                                                  45              180786         78962          492179513        190.03            7837873          3.03         951.3     75  
85708     Sumter, SC                                                       45               73107         31492          170128090         65.69            1236648          0.48        1113.0     75  
                                                  
                                                  
                                                  
South Dakota                                      
                                                  
UACE      NAME                                                             STATE  PART        POP            HU           AREALAND  AREALANDSQMI          AREAWATER AREAWATERSQMI        POPDEN  LSADC  
73396     Rapid City, SD                                                   46               81251         35309          109435414         42.25             176785          0.07        1923.0     75  
82225     Sioux City, IA--NE--SD                                           46     P          5559          2414           14596376          5.64             335440          0.13         986.4     75  
82252     Sioux Falls, SD                                                  46              156777         67365          166203165         64.17            1222271          0.47        2443.1     75  
                                                  
                                                  
                                                  
Tennessee                                         
                                                  
UACE      NAME                                                             STATE  PART        POP            HU           AREALAND  AREALANDSQMI          AREAWATER AREAWATERSQMI        POPDEN  LSADC  
10351     Bristol--Bristol, TN--VA                                         47     P         36130         16705           82085019         31.69              83060          0.03        1140.0     75  
15832     Chattanooga, TN--GA                                              47     P        302748        136634          585390984        226.02           19593525          7.57        1339.5     75  
17317     Clarksville, TN--KY                                              47     P        138309         56602          248854992         96.08             456221          0.18        1439.5     75  
17722     Cleveland, TN                                                    47               66777         28182          141410470         54.60             119768          0.05        1223.0     75  
42265     Jackson, TN                                                      47               71880         30554          132458187         51.14             191539          0.07        1405.5     75  
43210     Johnson City, TN                                                 47              120415         56911          284678082        109.91             902326          0.35        1095.5     75  
45235     Kingsport, TN--VA                                                47     P        102428         48224          282037807        108.90            3252310          1.26         940.6     75  
45640     Knoxville, TN                                                    47              558696        252162         1134792603        438.15           10906582          4.21        1275.1     75  
56116     Memphis, TN--MS--AR                                              47     P        891481        384953          982805485        379.46            7419119          2.86        2349.3     75  
59410     Morristown, TN                                                   47               59036         25167          154988875         59.84             374414          0.14         986.5     75  
60733     Murfreesboro, TN                                                 47              133228         54281          200306623         77.34             422479          0.16        1722.7     75  
61273     Nashville-Davidson, TN                                           47              969587        415974         1459375591        563.47           41453364         16.01        1720.7     75  
                                                  
                                                  
                                                  
Texas                                             
                                                  
UACE      NAME                                                             STATE  PART        POP            HU           AREALAND  AREALANDSQMI          AREAWATER AREAWATERSQMI        POPDEN  LSADC  
00280     Abilene, TX                                                      48              110421         46732          141756054         54.73             988193          0.38        2017.5     75  
01927     Amarillo, TX                                                     48              196651         80744          210246929         81.18            1570175          0.61        2422.5     75  
04384     Austin, TX                                                       48             1362416        566966         1354651025        523.03           11941592          4.61        2604.8     75  
06058     Beaumont, TX                                                     48              147922         63365          237456087         91.68            2870184          1.11        1613.4     75  
10972     Brownsville, TX                                                  48              217585         66404          211157541         81.53            8647684          3.34        2668.8     75  
18748     College Station--Bryan, TX                                       48              171345         68363          184986507         71.42             343541          0.13        2399.0     75  
19755     Conroe--The Woodlands, TX                                        48              239938         92663          345296754        133.32            2550071          0.98        1799.7     75  
20287     Corpus Christi, TX                                               48              320069        130858          311528754        120.28           12230033          4.72        2661.0     75  
22042     Dallas--Fort Worth--Arlington, TX                                48             5121892       2023230         4607936452       1779.13           94098524         36.33        2878.9     75  
23500     Denton--Lewisville, TX                                           48              366174        140280          376021255        145.18            7303045          2.82        2522.2     75  
27253     El Paso, TX--NM                                                  48     P        772374        261055          604907550        233.56            2642348          1.02        3307.0     75  
36892     Harlingen, TX                                                    48              135663         49476          214319825         82.75            2433941          0.94        1639.4     75  
40429     Houston, TX                                                      48             4944332       1895670         4299420988       1660.02           88196119         34.05        2978.5     75  
44992     Killeen, TX                                                      48              217630         84291          219653228         84.81             661931          0.26        2566.1     75  
46801     Lake Jackson--Angleton, TX                                       48               74830         30467          107972064         41.69            3277278          1.27        1795.0     75  
47854     Laredo, TX                                                       48              235730         68892          170121651         65.68             185163          0.07        3588.8     75  
51256     Longview, TX                                                     48               98884         40041          215058284         83.03             932830          0.36        1190.9     75  
51877     Lubbock, TX                                                      48              237356         98505          249826818         96.46            2046351          0.79        2460.7     75  
52390     McAllen, TX                                                      48              728825        234474          927184088        357.99            2517170          0.97        2035.9     75  
52687     McKinney, TX                                                     48              170030         61254          191923463         74.10            1798416          0.69        2294.5     75  
57007     Midland, TX                                                      48              117807         47059          136955728         52.88             141294          0.05        2227.9     75  
64864     Odessa, TX                                                       48              126405         49472          152640583         58.93             300126          0.12        2144.8     75  
70993     Port Arthur, TX                                                  48              153150         62724          273389576        105.56           12628895          4.88        1450.9     75  
78553     San Angelo, TX                                                   48               92984         39444          120890423         46.68            2046854          0.79        1992.1     75  
78580     San Antonio, TX                                                  48             1758210        681843         1546484874        597.10           10226444          3.95        2944.6     75  
79201     San Marcos, TX                                                   48               52826         20359           68852833         26.58             476965          0.18        1987.1     75  
81631     Sherman, TX                                                      48               61900         27041           93053643         35.93             481885          0.19        1722.9     75  
87058     Temple, TX                                                       48               90390         37507          140128424         54.10             504854          0.19        1670.7     75  
87193     Texarkana--Texarkana, TX--AR                                     48     P         52090         21981          114612275         44.25             582928          0.23        1177.1     75  
87220     Texas City, TX                                                   48              106383         44706          196857613         76.01            3393013          1.31        1399.6     75  
89326     Tyler, TX                                                        48              130247         54087          233729730         90.24            2342410          0.90        1443.3     75  
90514     Victoria, TX                                                     48               63683         25854           75168848         29.02             125669          0.05        2194.2     75  
91027     Waco, TX                                                         48              172378         70081          233750303         90.25            1594494          0.62        1910.0     75  
95104     Wichita Falls, TX                                                48               99437         42916          130438073         50.36            3639201          1.41        1974.4     75  
                                                  
                                                  
                                                  
Utah                                              
                                                  
UACE      NAME                                                             STATE  PART        POP            HU           AREALAND  AREALANDSQMI          AREAWATER AREAWATERSQMI        POPDEN  LSADC  
50959     Logan, UT                                                        49               94983         31130          113776996         43.93             100876          0.04        2162.2     75  
64945     Ogden--Layton, UT                                                49              546026        184349          563458377        217.55            1228208          0.47        2509.9     75  
72559     Provo--Orem, UT                                                  49              482819        138258          437635308        168.97             507853          0.20        2857.4     75  
77446     St. George, UT                                                   49               98370         40320          116272865         44.89             117028          0.05        2191.2     75  
78499     Salt Lake City--West Valley City, UT                             49             1021243        359700          719719000        277.89             543186          0.21        3675.1     75  
                                                  
                                                  
                                                  
Vermont                                           
                                                  
UACE      NAME                                                             STATE  PART        POP            HU           AREALAND  AREALANDSQMI          AREAWATER AREAWATERSQMI        POPDEN  LSADC  
11755     Burlington, VT                                                   50              108740         45774          159947183         61.76            2727737          1.05        1760.8     75  
                                                  
                                                  
                                                  
Virginia                                          
                                                  
UACE      NAME                                                             STATE  PART        POP            HU           AREALAND  AREALANDSQMI          AREAWATER AREAWATERSQMI        POPDEN  LSADC  
08002     Blacksburg, VA                                                   51               88542         35430          132632697         51.21             571606          0.22        1729.0     75  
10351     Bristol--Bristol, TN--VA                                         51     P         33371         16219           83386240         32.20             189850          0.07        1036.5     75  
15724     Charlottesville, VA                                              51               92359         39419           89501576         34.56             841379          0.32        2672.7     75  
31600     Fredericksburg, VA                                               51              141238         52950          201524230         77.81            2084270          0.80        1815.2     75  
37162     Harrisonburg, VA                                                 51               66784         24517           84301359         32.55             283942          0.11        2051.8     75  
45235     Kingsport, TN--VA                                                51     P          4143          2164           12074365          4.66              64071          0.02         888.7     75  
52201     Lynchburg, VA                                                    51              116636         49361          230013260         88.81            1386135          0.54        1313.3     75  
74746     Richmond, VA                                                     51              953556        405840         1274710664        492.17           22584241          8.72        1937.5     75  
75421     Roanoke, VA                                                      51              210111         96367          321615840        124.18            1941232          0.75        1692.0     75  
84630     Staunton--Waynesboro, VA                                         51               56611         26187           98771608         38.14             476340          0.18        1484.5     75  
90892     Virginia Beach, VA                                               51             1439666        581573         1334999348        515.45          189979138         73.35        2793.0     75  
92242     Washington, DC--VA--MD                                           51     P       2235884        863954         1803056460        696.16           28174105         10.88        3211.7     75  
95411     Williamsburg, VA                                                 51               75689         33506          144832277         55.92            2025296          0.78        1353.5     75  
96103     Winchester, VA                                                   51               69449         28591           96304695         37.18             342094          0.13        1867.7     75  
                                                  
                                                  
                                                  
Washington                                        
                                                  
UACE      NAME                                                             STATE  PART        POP            HU           AREALAND  AREALANDSQMI          AREAWATER AREAWATERSQMI        POPDEN  LSADC  
06652     Bellingham, WA                                                   53              114473         50696          124634344         48.12            9111493          3.52        2378.8     75  
09946     Bremerton, WA                                                    53              198979         85027          353498946        136.49           81974047         31.65        1457.9     75  
44479     Kennewick--Pasco, WA                                             53              210975         78723          265387682        102.47           18568155          7.17        2059.0     75  
49312     Lewiston, ID--WA                                                 53     P         20184          9099           31121107         12.02             541594          0.21        1679.8     75  
51283     Longview, WA--OR                                                 53     P         61598         26707           79529780         30.71            3256926          1.26        2006.0     75  
55333     Marysville, WA                                                   53              145140         55154          211897491         81.81            8458188          3.27        1774.0     75  
60490     Mount Vernon, WA                                                 53               62966         24662           89280199         34.47            3471245          1.34        1826.6     75  
65242     Olympia--Lacey, WA                                               53              176617         77203          273453845        105.58           34763133         13.42        1672.8     75  
71317     Portland, OR--WA                                                 53     P        359562        143905          323906641        125.06            3718902          1.44        2875.1     75  
80389     Seattle, WA                                                      53             3059393       1309501         2616697301       1010.31          173839079         67.12        3028.2     75  
83764     Spokane, WA                                                      53              387847        167877          425287244        164.20            5149716          1.99        2362.0     75  
91405     Walla Walla, WA--OR                                              53     P         46980         18762           57145180         22.06              86346          0.03        2129.3     75  
93862     Wenatchee, WA                                                    53               67227         26689           81256350         31.37            4989001          1.93        2142.8     75  
97507     Yakima, WA                                                       53              129534         49379          154959204         59.83             542767          0.21        2165.0     75  
                                                  
                                                  
                                                  
West Virginia                                     
                                                  
UACE      NAME                                                             STATE  PART        POP            HU           AREALAND  AREALANDSQMI          AREAWATER AREAWATERSQMI        POPDEN  LSADC  
06139     Beckley, WV                                                      54               64022         29519          157912915         60.97             727366          0.28        1050.0     75  
15481     Charleston, WV                                                   54              153199         74528          254369516         98.21           18676559          7.21        1559.9     75  
21745     Cumberland, MD--WV--PA                                           54     P          2249          1127            3834115          1.48              23547          0.01        1519.2     75  
36190     Hagerstown, MD--WV--PA                                           54     P         71787         30730          181145246         69.94             224215          0.09        1026.4     75  
40753     Huntington, WV--KY--OH                                           54     P        112268         53056          167011405         64.48           12319970          4.76        1741.0     75  
59275     Morgantown, WV                                                   54               70350         32056           97111353         37.49            3299805          1.27        1876.3     75  
67672     Parkersburg, WV--OH                                              54     P         59643         28306           96426281         37.23            2573014          0.99        1602.0     75  
93592     Weirton--Steubenville, WV--OH--PA                                54     P         30669         14787           62106767         23.98            4624406          1.79        1279.0     75  
94726     Wheeling, WV--OH                                                 54     P         51067         25336           77098258         29.77            8223877          3.18        1715.5     75  
                                                  
                                                  
                                                  
Wisconsin                                         
                                                  
UACE      NAME                                                             STATE  PART        POP            HU           AREALAND  AREALANDSQMI          AREAWATER AREAWATERSQMI        POPDEN  LSADC  
02764     Appleton, WI                                                     55              216154         92157          268776675        103.78           10806541          4.17        2082.9     75  
06760     Beloit, WI--IL                                                   55     P         45123         18732           57741137         22.29            1569497          0.61        2024.0     75  
24850     Duluth, MN--WI                                                   55     P         27045         12299           37259192         14.39            8308386          3.21        1880.0     75  
26038     Eau Claire, WI                                                   55              102852         44530          178706416         69.00           12338276          4.76        1490.6     75  
30223     Fond du Lac, WI                                                  55               54901         24309           74721485         28.85             831262          0.32        1903.0     75  
34813     Green Bay, WI                                                    55              206520         88146          271964922        105.01            6967829          2.69        1966.7     75  
42562     Janesville, WI                                                   55               69658         30539           79709496         30.78            1355979          0.52        2263.4     75  
44506     Kenosha, WI--IL                                                  55     P        124060         50482          132620325         51.20             342509          0.13        2422.8     75  
45910     La Crosse, WI--MN                                                55     P         95510         40847          124743707         48.16            3279899          1.27        1983.0     75  
53200     Madison, WI                                                      55              401661        181348          391086803        151.00           17787113          6.87        2660.0     75  
57466     Milwaukee, WI                                                    55             1376476        597266         1413150250        545.62           49369848         19.06        2522.8     75  
57628     Minneapolis--St. Paul, MN--WI                                    55     P           276           138            1281522          0.49             658801          0.25         557.8     75  
66160     Oshkosh, WI                                                      55               74495         31552           79786869         30.81            2716813          1.05        2418.2     75  
73153     Racine, WI                                                       55              133700         56766          127971275         49.41            1296154          0.50        2705.9     75  
76474     Round Lake Beach--McHenry--Grayslake, IL--WI                     55     P         30562         14009           54539286         21.06            8795515          3.40        1451.3     75  
81118     Sheboygan, WI                                                    55               71313         32081           86596291         33.44            1018428          0.39        2132.9     75  
93025     Wausau, WI                                                       55               74632         33318          121387810         46.87            8483189          3.28        1592.4     75  
93916     West Bend, WI                                                    55               68444         29671           99682522         38.49            1490650          0.58        1778.3     75  
                                                  
                                                  
                                                  
Wyoming                                           
                                                  
UACE      NAME                                                             STATE  PART        POP            HU           AREALAND  AREALANDSQMI          AREAWATER AREAWATERSQMI        POPDEN  LSADC  
14482     Casper, WY                                                       56               64548         28679           78586197         30.34             497830          0.19        2127.3     75  
16237     Cheyenne, WY                                                     56               73588         33018           90991601         35.13             282336          0.11        2094.6     75  
                                                  
                                                  
                                                  
Puerto Rico                                       
                                                  
UACE      NAME                                                             STATE  PART        POP            HU           AREALAND  AREALANDSQMI          AREAWATER AREAWATERSQMI        POPDEN  LSADC  
00631     Aguadilla--Isabela--San Sebastián, PR                            72              306196        138431          619716445        239.27             902076          0.35        1279.7     75  
03034     Arecibo, PR                                                      72              139171         60653          217740151         84.07            1592521          0.61        1655.4     75  
28981     Fajardo, PR                                                      72               85225         43282          131562223         50.80             354753          0.14        1677.8     75  
30115     Florida--Imbéry--Barceloneta, PR                                 72               71747         30256          118646836         45.81              59062          0.02        1566.2     75  
35866     Guayama, PR                                                      72               80155         35613          105492947         40.73            8101142          3.13        1967.9     75  
43453     Juana Díaz, PR                                                   72               80928         30995          123816090         47.81            3716231          1.43        1692.9     75  
55738     Mayagüez, PR                                                     72              109572         51854          139179299         53.74              87509          0.03        2039.0     75  
70642     Ponce, PR                                                        72              149539         63117          114270222         44.12            1659094          0.64        3389.4     75  
78985     San Germán--Cabo Rojo--Sabana Grande, PR                         72              118199         56874          247298737         95.48            1648066          0.64        1237.9     75  
79093     San Juan, PR                                                     72             2148346        931029         2244716395        866.69           24716022          9.54        2478.8     75  
97561     Yauco, PR                                                        72               90899         38358          120576522         46.55             104959          0.04        1952.5     75  
