{
  "source": "hexmap_reference_files/HexCDv31wm (118th-Congress hand-authored hex-CD cartogram)",
  "crs": "sphere Mercator (Web-Mercator-compatible metres); only used via similarity transform",
  "n_cds": 435,
  "R_ref": 40021.46536678572,
  "hex_area_ref": 4161384627.9651375,
  "map_centroid": [
    -14802317.986776773,
    5812037.535929424
  ],
  "states": {
    "01": {
      "abbr": "AL",
      "centroid": [
        -14278730.358294817,
        4742483.127524864
      ],
      "cd_count": 7,
      "area": 146102194620.5948
    },
    "02": {
      "abbr": "AK",
      "centroid": [
        -17818118.321495593,
        4037011.9762938614
      ],
      "cd_count": 1,
      "area": 20788432082.172905
    },
    "04": {
      "abbr": "AZ",
      "centroid": [
        -16779970.78940438,
        4913817.5217655925
      ],
      "cd_count": 9,
      "area": 185693807001.02438
    },
    "05": {
      "abbr": "AR",
      "centroid": [
        -15084817.290065633,
        4911029.787676174
      ],
      "cd_count": 4,
      "area": 83487527428.96552
    },
    "06": {
      "abbr": "CA",
      "centroid": [
        -17685412.534974635,
        5813987.181390412
      ],
      "cd_count": 52,
      "area": 1085279021399.2117
    },
    "08": {
      "abbr": "CO",
      "centroid": [
        -16401609.35518171,
        5629999.716140217
      ],
      "cd_count": 8,
      "area": 168070669425.7314
    },
    "09": {
      "abbr": "CT",
      "centroid": [
        -11858883.801204272,
        7311191.574734017
      ],
      "cd_count": 5,
      "area": 103970455635.20432
    },
    "10": {
      "abbr": "DE",
      "centroid": [
        -12660772.40931513,
        6326228.9244647175
      ],
      "cd_count": 1,
      "area": 20822350360.684055
    },
    "12": {
      "abbr": "FL",
      "centroid": [
        -13495415.291519556,
        3981087.3369295085
      ],
      "cd_count": 28,
      "area": 581962364605.7876
    },
    "13": {
      "abbr": "GA",
      "centroid": [
        -13716577.067745097,
        4768270.193093018
      ],
      "cd_count": 14,
      "area": 291126180198.92694
    },
    "15": {
      "abbr": "HI",
      "centroid": [
        -16459210.983478105,
        3826935.1570847463
      ],
      "cd_count": 2,
      "area": 41636659532.69612
    },
    "16": {
      "abbr": "ID",
      "centroid": [
        -17189690.80617607,
        6816834.780271009
      ],
      "cd_count": 2,
      "area": 41416876824.54505
    },
    "17": {
      "abbr": "IL",
      "centroid": [
        -14904273.267111285,
        6052695.834965152
      ],
      "cd_count": 17,
      "area": 353692982157.09436
    },
    "18": {
      "abbr": "IN",
      "centroid": [
        -14467599.189981092,
        6041498.551455632
      ],
      "cd_count": 9,
      "area": 186096040499.93924
    },
    "19": {
      "abbr": "IA",
      "centroid": [
        -15479404.859672667,
        6523364.162741091
      ],
      "cd_count": 4,
      "area": 83379945054.095
    },
    "20": {
      "abbr": "KS",
      "centroid": [
        -15775872.76142216,
        5610960.389520548
      ],
      "cd_count": 4,
      "area": 83199780433.3511
    },
    "21": {
      "abbr": "KY",
      "centroid": [
        -14266952.21190562,
        5538644.659754736
      ],
      "cd_count": 6,
      "area": 124299862775.48811
    },
    "22": {
      "abbr": "LA",
      "centroid": [
        -14997247.684919693,
        4466051.299070319
      ],
      "cd_count": 6,
      "area": 125236687126.93086
    },
    "23": {
      "abbr": "ME",
      "centroid": [
        -11568443.850618742,
        8217307.582334904
      ],
      "cd_count": 2,
      "area": 41550449308.34421
    },
    "24": {
      "abbr": "MD",
      "centroid": [
        -12946923.810049888,
        6185030.135311111
      ],
      "cd_count": 8,
      "area": 161594885652.00354
    },
    "25": {
      "abbr": "MA",
      "centroid": [
        -11589261.120080935,
        7685898.563966702
      ],
      "cd_count": 9,
      "area": 186886386006.38574
    },
    "26": {
      "abbr": "MI",
      "centroid": [
        -14413593.225441951,
        6862005.441375961
      ],
      "cd_count": 13,
      "area": 270187115868.39093
    },
    "27": {
      "abbr": "MN",
      "centroid": [
        -15495647.725695692,
        7036473.1868616035
      ],
      "cd_count": 8,
      "area": 165970053493.5267
    },
    "28": {
      "abbr": "MS",
      "centroid": [
        -14671068.302044824,
        4697452.169073528
      ],
      "cd_count": 4,
      "area": 83034515398.15955
    },
    "29": {
      "abbr": "MO",
      "centroid": [
        -15120295.574714748,
        5334484.947755252
      ],
      "cd_count": 8,
      "area": 166494877603.21027
    },
    "30": {
      "abbr": "MT",
      "centroid": [
        -16745890.523967635,
        7323385.314356397
      ],
      "cd_count": 2,
      "area": 42428739139.23559
    },
    "31": {
      "abbr": "NE",
      "centroid": [
        -15828254.625942208,
        6102359.631366722
      ],
      "cd_count": 3,
      "area": 61313615677.214096
    },
    "32": {
      "abbr": "NV",
      "centroid": [
        -17363523.406317692,
        6142113.29211802
      ],
      "cd_count": 4,
      "area": 85164716173.26723
    },
    "33": {
      "abbr": "NH",
      "centroid": [
        -11814813.789585145,
        8002216.6662602145
      ],
      "cd_count": 2,
      "area": 41587432389.67564
    },
    "34": {
      "abbr": "NJ",
      "centroid": [
        -12318083.706894414,
        6613295.097840718
      ],
      "cd_count": 12,
      "area": 251462701535.3193
    },
    "35": {
      "abbr": "NM",
      "centroid": [
        -16388192.211259589,
        4864462.450591389
      ],
      "cd_count": 3,
      "area": 63025102310.34551
    },
    "36": {
      "abbr": "NY",
      "centroid": [
        -12485622.201378841,
        7348377.867188473
      ],
      "cd_count": 26,
      "area": 542821189908.3652
    },
    "37": {
      "abbr": "NC",
      "centroid": [
        -13184416.955018155,
        5398161.419746705
      ],
      "cd_count": 14,
      "area": 289698039261.3239
    },
    "38": {
      "abbr": "ND",
      "centroid": [
        -16069533.805824902,
        7266209.559210111
      ],
      "cd_count": 1,
      "area": 21211925480.04638
    },
    "39": {
      "abbr": "OH",
      "centroid": [
        -13939900.999999607,
        6166719.290414045
      ],
      "cd_count": 15,
      "area": 309854077217.90796
    },
    "40": {
      "abbr": "OK",
      "centroid": [
        -15623210.093459927,
        5094390.166619448
      ],
      "cd_count": 5,
      "area": 104634073650.78209
    },
    "41": {
      "abbr": "OR",
      "centroid": [
        -17865015.58133591,
        6980521.599015484
      ],
      "cd_count": 6,
      "area": 124570245616.58365
    },
    "42": {
      "abbr": "PA",
      "centroid": [
        -13137062.475245843,
        6653690.337091365
      ],
      "cd_count": 17,
      "area": 355782325877.85016
    },
    "44": {
      "abbr": "RI",
      "centroid": [
        -11503211.260022232,
        7404627.6354526635
      ],
      "cd_count": 2,
      "area": 41608264588.985985
    },
    "45": {
      "abbr": "SC",
      "centroid": [
        -13368188.199005257,
        5052750.442316715
      ],
      "cd_count": 7,
      "area": 146134771923.0349
    },
    "46": {
      "abbr": "SD",
      "centroid": [
        -16103623.601634713,
        6791108.937021117
      ],
      "cd_count": 1,
      "area": 21202803139.860153
    },
    "47": {
      "abbr": "TN",
      "centroid": [
        -14301464.532297028,
        5241992.597000783
      ],
      "cd_count": 9,
      "area": 186940342469.8766
    },
    "48": {
      "abbr": "TX",
      "centroid": [
        -15838419.480648708,
        4462417.7539385855
      ],
      "cd_count": 38,
      "area": 790800157306.7977
    },
    "49": {
      "abbr": "UT",